# Resource object code (Python 3)
# Created by: object code
# Created by: The Resource Compiler for Qt version 6.10.1
# WARNING! All changes made in this file will be lost!

from PySide6 import QtCore

qt_resource_data = b"\
\x00\x011\x93\
\xff\
\xd8\xff\xe0\x00\x10JFIF\x00\x01\x01\x01\x00`\x00\
`\x00\x00\xff\xdb\x00C\x00\x03\x02\x02\x03\x02\x02\x03\x03\
\x03\x03\x04\x03\x03\x04\x05\x08\x05\x05\x04\x04\x05\x0a\x07\x07\
\x06\x08\x0c\x0a\x0c\x0c\x0b\x0a\x0b\x0b\x0d\x0e\x12\x10\x0d\x0e\
\x11\x0e\x0b\x0b\x10\x16\x10\x11\x13\x14\x15\x15\x15\x0c\x0f\x17\
\x18\x16\x14\x18\x12\x14\x15\x14\xff\xdb\x00C\x01\x03\x04\x04\
\x05\x04\x05\x09\x05\x05\x09\x14\x0d\x0b\x0d\x14\x14\x14\x14\x14\
\x14\x14\x14\x14\x14\x14\x14\x14\x14\x14\x14\x14\x14\x14\x14\x14\
\x14\x14\x14\x14\x14\x14\x14\x14\x14\x14\x14\x14\x14\x14\x14\x14\
\x14\x14\x14\x14\x14\x14\x14\x14\x14\x14\x14\x14\x14\xff\xc0\x00\
\x11\x08\x02\x80\x02\x80\x03\x01\x22\x00\x02\x11\x01\x03\x11\x01\
\xff\xc4\x00\x1f\x00\x00\x01\x05\x01\x01\x01\x01\x01\x01\x00\x00\
\x00\x00\x00\x00\x00\x00\x01\x02\x03\x04\x05\x06\x07\x08\x09\x0a\
\x0b\xff\xc4\x00\xb5\x10\x00\x02\x01\x03\x03\x02\x04\x03\x05\x05\
\x04\x04\x00\x00\x01}\x01\x02\x03\x00\x04\x11\x05\x12!1\
A\x06\x13Qa\x07\x22q\x142\x81\x91\xa1\x08#B\
\xb1\xc1\x15R\xd1\xf0$3br\x82\x09\x0a\x16\x17\x18\
\x19\x1a%&'()*456789:C\
DEFGHIJSTUVWXYZc\
defghijstuvwxyz\x83\
\x84\x85\x86\x87\x88\x89\x8a\x92\x93\x94\x95\x96\x97\x98\x99\x9a\
\xa2\xa3\xa4\xa5\xa6\xa7\xa8\xa9\xaa\xb2\xb3\xb4\xb5\xb6\xb7\xb8\
\xb9\xba\xc2\xc3\xc4\xc5\xc6\xc7\xc8\xc9\xca\xd2\xd3\xd4\xd5\xd6\
\xd7\xd8\xd9\xda\xe1\xe2\xe3\xe4\xe5\xe6\xe7\xe8\xe9\xea\xf1\xf2\
\xf3\xf4\xf5\xf6\xf7\xf8\xf9\xfa\xff\xc4\x00\x1f\x01\x00\x03\x01\
\x01\x01\x01\x01\x01\x01\x01\x01\x00\x00\x00\x00\x00\x00\x01\x02\
\x03\x04\x05\x06\x07\x08\x09\x0a\x0b\xff\xc4\x00\xb5\x11\x00\x02\
\x01\x02\x04\x04\x03\x04\x07\x05\x04\x04\x00\x01\x02w\x00\x01\
\x02\x03\x11\x04\x05!1\x06\x12AQ\x07aq\x13\x22\
2\x81\x08\x14B\x91\xa1\xb1\xc1\x09#3R\xf0\x15b\
r\xd1\x0a\x16$4\xe1%\xf1\x17\x18\x19\x1a&'(\
)*56789:CDEFGHIJ\
STUVWXYZcdefghij\
stuvwxyz\x82\x83\x84\x85\x86\x87\x88\x89\
\x8a\x92\x93\x94\x95\x96\x97\x98\x99\x9a\xa2\xa3\xa4\xa5\xa6\xa7\
\xa8\xa9\xaa\xb2\xb3\xb4\xb5\xb6\xb7\xb8\xb9\xba\xc2\xc3\xc4\xc5\
\xc6\xc7\xc8\xc9\xca\xd2\xd3\xd4\xd5\xd6\xd7\xd8\xd9\xda\xe2\xe3\
\xe4\xe5\xe6\xe7\xe8\xe9\xea\xf2\xf3\xf4\xf5\xf6\xf7\xf8\xf9\xfa\
\xff\xda\x00\x0c\x03\x01\x00\x02\x11\x03\x11\x00?\x00\xfdS\
\xa2\x8a(\x00\xa2\x8a(\x00\xa2\x8a(\x00\xa2\x8a(\x00\
\xa2\x8a(\x00\xa2\x8a(\x00\xa2\x8a(\x00\xa2\x8a(\x00\
\xa2\x8a(\x00\xa2\x8a(\x00\xaf\x85\xbf\xe0\xa8\xbas\x0f\
\x0ex\x17R\x03\xe5\x87Q\x92\x22\x7f\xdeL\x8f\xfd\x06\
\xbe\xe9\xaf\x92\x7f\xe0\xa5\xba\x1bj\x7f\xb3\xe2\xdf\xa0\xc9\
\xd2\xf5Kk\x96>\x8a\xc4\xc6\x7fY\x05rb\xe3\xcd\
BK\xc8\xf6\xf2J\x9e\xcb1\xa3??\xcfC\xe18\
\xa6\x13i\xc4\xf5\xccuG\xc3\xcd\x8b\xa9\x17\xfd\x9c\xd3\
<;q\xf6\xad*>z\x0c\x1a\x93E\x02=Ra\
\x8e\xc4W\xe7IZ3G\xf5|\xe5\xed+a\xea\x1a\
Z\x82o\x10\x7f\xd7E\xfeu\xb1\xe1Y\x00\xf1}\xd2\
\x8e\xf1\xb7\xf3\xac\xeb\xb5\xdd\x1c|t\x91O\xebQ\xf8\
R\xf7o\x8e$\x04\xf0\xe1\xd4VkZl\xacO\xbb\
\x8a\x8f\x9d\xbfR\xc6\xb8\x86O\x0dk\xf0wh\xdc\xe3\
\xe9\x9a\xfd\x0a\xfd\x80\xe4\x12~\xcb\x9e\x13\xc7c8\xff\
\x00\xc8\xad_\x9e\xda\xd4\xcbo4\xf0\xb9\xc2\xdc;\xc5\
\xf9\xa95\xf7\xbf\xfc\x13\xbe\xe3\xcc\xfd\x9a4\xabrr\
mo\xae\xa1#\xd3\x12\x13\xfdk\xe8\xf2'\xef\xc9\x1f\
\x95\xf8\x8d\x0b\xd2\xa5%\xd1\xfe\x87\xd3TQE}\x89\
\xf88QE\x14\x00QE\x14\x00QE\x14\x00QE\
\x14\x00QE\x14\x00QE\x14\x00QE\x14\x00QE\
\x14\x00QE\x14\x01\xf3\xaf\xed\xeb\xe1U\xf1\x0f\xec\xef\
\xab\xde\x84-s\xa2\xcf\x06\xa5\x11\x1d\xb68\x0d\xff\x00\
\x8e\xb3W\xe7\xba\x04\xb9H\x9c\x80G\x0e\xa6\xbfP\x7f\
j\x18\x1a\xe3\xf6y\xf8\x84\x89\x1f\x9a\xff\x00\xd8\xb7$\
/\xd22k\xf2\xb3\xc2\xb7\x7fl\xd0,\x9c\xf5\x11\x85\
?Q\xc5|n{\x0bN3G\xef\xfe\x1a\xe2\x1b\xa1\
Z\x84\xb6\xbd\xd7\xe0k\x01\x80\x07\xa5b\xe9\xc3f\xa9\
~\x9d\xb85\xb5X\xd6\xe7n\xb7}\xee\x80\xd7\xcdG\
\xa9\xfb\x05eg\x07\xe7\xfa2\xf6\xce9\xae\xd7\xf6\x0d\
\xd3\x8d\xdf\xedw\xa7\xca\x06E\xa4W\xb2\x93\xe9\xfb\x97\
_\xfd\x9a\xb8\xd4\x19A\xf4\xafb\xff\x00\x82m\xe9\x8b\
y\xfbC\xf8\xb2\xf5\x97&\xd3N\x98)\xf4-2\x0f\
\xe5\x9a\xf6r\xb5z\xeb\xe4~}\xc6\x92T\xf2\xd9>\
\xe9\xfe:~\xa7\xe9\xa5\x14Q_|\x7f0\x85\x14Q\
@\x05\x14Q@\x05\x14Q@\x05\x14Q@\x05\x14Q\
@\x05\x14Q@\x05\x14Q@\x05\x14Q@\x05\x14Q\
@\x05\x14Q@\x05\x14Q@\x05\x14Q@\x05\x14Q\
@\x05\x14Q@\x05\x14Q@\x05\x14Q@\x05\x14Q\
@\x05\x14Q@\x05\x14Q@\x05\x14Q@\x05\x14Q\
@\x05\x14Q@\x05y_\xed7\xe0\xb1\xe3\xff\x00\x82\
\x1e/\xd1v\x19$\x9fO\x94\xc4\xa0s\xe6(\xdc\x9f\
\xf8\xf2\x8a\xf5J\xa9\xa8[\xad\xdd\xa4\xd0\xb0\xc8u*\
G\xe1S%\xcc\x9a5\xa5Q\xd2\xa9\x19\xad\xd3\xb9\xf8\
\x81\xe0[\x86h\x1a\x17\xe1\xb6\xf2\x0fb:\xd6\xec\x19\
\x87]\x03\xa2\xb0\x06\xa6\xf1\xd7\x86\xcf\xc3\xef\x8d~*\
\xd0\x0a\x18\xe3\xb6\xd4\xa5\x11\x83\xff\x00<\xdc\xeeO\xd1\
\x85-\xcc'\xedP\xca;d\x1a\xfc\xde\xbc}\x9dY\
E\x9f\xd6\x98\x0a\xbfZ\xc0\xd1\xad\x1e\x8d?\xeb\xef4\
\xd8\xe4\xe3\xde\xb9x/N\x9d\xe2s6H1\x5c`\
\xfd3]$O\xca\x9a\xe4\xfcG\x19\x83\xc4\xba\x84c\
\x82\xe0J\xbf\x88\x06\xb9\xe8\xf5\x89\xe9\xe3\xf7\x85E\xdc\
\xda\xf8\x99#\xa6\x9e\xf7p70\xcc\x93\x0czt?\
\xce\xbe\xe7\xff\x00\x82fk\xeb\xaa|\x1d\xd7-\x07[\
}^I\x00\xf6tC\xfc\xc1\xaf\x84\xb5l\xea\xfe\x13\
\x9b\xf8\x8b\xc1\xfc\xbf\xfdU\xf5\xb7\xfc\x12\x9fSV\xf0\
\xff\x00\x8d\xf4\xe2\xdf<w0\xcc\x17\xd8\xa9\x1f\xfb-\
{\xd93\xb5N_S\xf3N?\x876\x17\x9dm\xee\
\xbf\xc6\xdf\xa9\xf7\xcd\x14\x94\xb5\xf6\x87\xf3\xf0QE\x14\
\x00QE\x14\x00QE\x14\x00QE\x14\x00QE\x14\
\x00QE\x14\x00QE\x14\x00QE\x14\x00QE\x14\
\x01\xcc\xfcL\xd3\x06\xb3\xf0\xef\xc4\xd6\x04d\x5c\xe9\xb7\
\x11`\xfb\xc6\xc2\xbf\x1c<\x0a\xc6-5\xad\xdb\xacm\
_\xb2\xbe>\x91\xa2\xf0>\xbe\xc8\xdb\x5cX\xcd\xb4\xfa\
\x1d\x87\x15\xf8\xe1\xa1\xaa\xc7\xa8\xdd\xaa\xf0\xa0\x9f\xe7_\
+\x9em\x14~\xcf\xe1\xcbj\xadV\xbb\xaf\xc9\xff\x00\
\x91\xbc\x8f\x97q\xe8k\x166\xff\x00\x89\xbd\xf9\xf4@\
+N\x06\xcc\xd3{\x11X\xf0\x1d\xd7\xf7\xc7\xd6EZ\
\xf98-\xcf\xdd+J\xfc\x9e\xaf\xf2f\xe2q\x10\xf5\
\x02\xbd\xd7\xfe\x09\x7f\x9b\x8f\x8a\x1f\x10n\x18|\xff\x00\
e\x03\xf3\x98\xff\x00\x85xM\xc4\x82\xde\x07\x90\xf4E\
$\xd7o\xfb\x07|s\xf0\xc7\xc1/\x15x\xabQ\xf1\
d\xd7\x16\xf0jv\xc8\xb0\xbd\xbc\x06_\x9cHX\x82\
\x07N\x0d{YK\x8cj\xf3Ko\xf8s\xf3\xbe:\
\x8c\xea`\x95*J\xed\xa7\xa2\xf5\x89\xfa\xbdE|\xe2\
\xdf\xb7\xff\x00\xc1\xf5\x09\xff\x00\x13]D\xeem\xa7\x1a\
|\x9f(\xf5>\xdfL\x9a\xf4?\x06~\xd2\x9f\x0c<\
~\xc9\x1e\x8b\xe3]*k\x87\xc0[k\x89\xbe\xcf)\
>\x81$\xdaI\xfa\x0a\xfbeZ\x9c\x9d\x94\x91\xfc\xef\
<\x06.\x94y\xa7JIz3\xd2\xe8\xa6\xab\xab\xa8\
e!\x94\xf2\x08\xe4\x1a\x5c\xd6\xc7\x00\xb4Rf\x96\x80\
\x0a(\xa2\x80\x0a(\xa2\x80\x0a(\xa2\x80\x0a(\xa2\x80\
\x0a(\xa2\x80\x0a(\xa2\x80\x0a(\xa2\x80\x0a(\xa2\x80\
\x0a(\xa2\x80\x0a(\xa2\x80\x0a(\xa2\x80\x0a(\xa2\x80\
\x0a(\xa2\x80\x0a(\xa2\x80\x0a(\xa2\x80\x0a(\xa2\x80\
\x0a(\xa2\x80\x0a(\xa2\x80\x0a(\xa2\x80\x0a(\xa2\x80\
\x0aiPsN\xa4\xcd\x00~]\xff\x00\xc1B\xfc\x16\
\xfe\x11\xf8\xf5g\xaf\xc5\x19[mn\xcd_x\x1cy\
\xb1\x9d\xa4}q\xb6\xbc\x927\x17\x16\xe9 \xe8\xca\x18\
W\xd9\xff\x00\xf0RQ\xa2\xcd\xf0\x9e\xcemD\xf9Z\
\xcd\xa6\xa0\x8d\xa76\xdf\xf5\x99\xe2E\x07\xd3nO\xe0\
+\xe1\xbf\x09\xdf\x0b\xbd)P\x9c\xb4Gi\xfau\x15\
\xf0\xd9\xb5.J\xceH\xfe\x91\xe0|[\xaf\x80Tg\
\xd3O\xbb\xfe\x07\xe4m\xc5\xf7k\x9f\xf1\xba\xf9Z\xd6\
\x99u\xd1g\x87\xcbc\xeaA\xff\x00\xeb\x8a\xe8#\xe0\
\x91X~>\x8c\xc9\xa0\xc10\xfb\xf6\xb3\x86\xff\x00\x80\
\x9e\xbf\xa8\x15\xe2\xd2\x7f\xbcK\xb9\xfa\x066?\xec\xee\
K\xec\xd9\xfd\xc4\xbe\x1e\x93\xcc\xd3n-\xbb\xc6\xc5q\
\xeck\xdd\x7f\xe0\x9b>&\x1e\x1a\xf8\xdf\xe2\x1d\x06C\
\x84\xd4\xacY\xa3Rz\xb4l\x0f\xf2-\xf9W\xcfZ\
\x15\xfa\xdb\xde\x17<\xc7<;\xb8\xf5\x15o\xe1\xd7\xc4\
f\xf8S\xf1\x97B\xf1t*\xe6\x1b\x1b\xb0\xd3\xc6\xbd\
^\x16\xe1\xd7\xfe\xf9&\xbdL\x14\xfd\x8e#\x99\xec|\
O\x12a\xd6;.\xf6k\xe2\xb3_\xaa?lc}\
\xeey\xe3\x1d*Z\xf0\xbf\x0a~\xd8_\x0b|J\xde\
d>-\xd3m\xe1e\x18k\xb9\xc4.\x0fpQ\xb0\
x\xf5\xafL\xd0\xfe'\xf8G\xc4\x80\x7fe\xf8\x9bH\
\xbf'\xa2\xc1{\x1b1\xfc3\x9a\xfb\xc8\xce2WL\
\xfel\xab\x87\xabE\xdaqh\xea(\xa6,\xc8\xc0\x10\
\xc3\x07\xa1\xeci\xc0\xe4qVs\x8bE\x14P\x01E\
\x14P\x01E\x14P\x01E\x14\x84\xe0P\x02\xd1H\x18\
\x1e\xe2\x96\x80\x0a(\xa2\x80\x0a)3X>5\xf1\xe6\
\x83\xf0\xefC\x9bW\xf1\x0e\xa7\x06\x99c\x10$\xc93\
`\xb1\xf4Q\xd4\x9faI\xb4\x95\xd9Q\x8c\xa7%\x18\
\xab\xb6oW)\xe3\xff\x00\x8a\xde\x13\xf8]\xa6\xb5\xf7\
\x89\xf5\xdbM& 2\xa9+\xe6G\xf6T\x1f3~\
\x02\xbe\x1f\xf8\xdf\xff\x00\x05\x17\xd4\xb5Yg\xd2\xbe\x1d\
\xda\x1d>\xd8\x92\x83T\xb8Pf\x7ft^\x8b\xf8\xe4\
\xd7\xca\xf7\xff\x00\xdb\x1e3\xd4\xdfU\xf1&\xa3s\xa8\
\xdeJw3\x5c\xc8]\xcf\xe2z}+\xc4\xc4\xe6\xb4\
\xe8\xe9\x0dY\xfa\x0eS\xc1\xb8\xbc{R\xaf\xee.\xdd\
~}\x17\xe2\xfc\x8f\xae>4\xff\x00\xc1C\xa3\xf1&\
\x9b\xa8\xe8\x1e\x03\xf0\xfc\x92\xc1s\x13\xc0\xda\x9e\xa3\xc1\
\xda\xc3\x19H\xc7O\xf8\x11\xfc+\xe4\x8f\x0c\xa3\x97\xb8\
y>\xf9 \x1f\xafz\xb1#Zi6\xe4\x0d\x91\x00\
8\x1d\xcd'\x86\xc8{y$\x1f\xc4\xd9\xaf\x95\xc4\xe2\
\xeab\x974\xcf\xda\xf2l\x8f\x0b\x93MS\xa1\xbb\xd5\
\x9aVg2\x5c\x1f\xf6\xab/L\x1ee\xdb\x9f\xefL\
X\xfe\x15\xa3f\xdb,\xa6\x94\x9e\xa5\x8dR\xd0\xa3$\
\x86\xf4\x04\xfef\xb8\x16\x89\x9fW/zP^\xac\x9f\
\xc4\xb3\xfd\x9bD\xbb|\xf3\xb0\x81\xf55\xe7\x16sA\
\x08X\xd9\xb0Tr\x07Z\xeb~ \xea\x0dm\xa6\x98\
\x94\x86\xdcFWi\xe3\xbf\x5c\xfbt\xae\x0a\xd2\xce\xf6\
>\x12\xd2If\x93\x0c\x7ft\xc4\x80z{{\xd7\xa5\
\x85\x83\xf6w\xee|vw^?ZQ\xb5\xf9W\xf5\
\xfa\x1d\x85\xbe\xa3\xa7I\xb7(28\xe6\xaf\xacz]\
\xf0\x00\x98\xc3\x9e\xc0\xe0\xd7\x1c\xbaN\xab\x96\xf34\xbb\
\x93\x81\x9f\xddB[\x1f\x5cT)s<R\x98\xfc\xb9\
\x1c\x8e\xb1\xb2\x9c\x8f\xc3\xad\x5c\xb0\xed\xea\x9b9(f\
\x91\x8f\xba\xe0\xac{\x1f\x84\xfe\x22x\xef\xe1\xd3+x\
S\xc5\xfa\xa6\x9b\x12\x9c\x8bU\xb8f\x84\xfdcl\xa1\
\xfc\xab\xd9|\x0f\xff\x00\x05\x13\xf8\x89\xe1k\xf1\x1f\x8b\
t\xdb/\x12\xd8\x12\x03\xb4q\x0by\xd4z\xa9_\x94\
\xfe*\x7f\x0a\xf9KJ\xf1\x08F\x11\xf9\xc5\x0fO.\
^\x9f\x81\xae\x96;\x88o\xe3\xd9:\x0e{\x9f\xf1\xa5\
\x0cN#\x0c\xec\xa4\xec]|\xa7*\xcd\xe2\xdc\xa9\xae\
g\xfdn\xb5?[>\x0b\xfcx\xf0\x9f\xc7o\x0f\x0d\
O\xc3\x97\xe8\xd3\xa0\xc5\xce\x9d+\x81ql\x7f\xdbN\
\xb8\xf4n\x86\xbd\x175\xf8\x85\x1d\x9e\xa3\xe1\x9dN\x1d\
_C\xbf\xba\xd3\xaf\xa1;\xa3\xbb\xb2\x94\xc5*\x1f\xaa\
\x9c\xd7\xd2?\x07\xbf\xe0\xa0\xde4\xf0\x84\xf6\xf6>6\
\x11\xf8\x9bM\x04)\xb9u\x11\xdc\x81\xea\x1cpO\xfb\
\xc3\x9fZ\xfa\x5c.g\x0a\xc9)\xe8\xcf\xc8\xf3\x9e\x0f\
\xc4\xe0$\xe7C\xde\x87n\xab\xe7\xff\x00\x0c~\x96\xd1\
\x5c\xb7\xc3\x8f\x89~\x1f\xf8\xad\xe1\x885\xef\x0e_-\
\xe5\x94\xbf+\x0e\x8f\x13\xf7G_\xe1\x22\xba\x8a\xf6\xd3\
M]\x1f\x9e\xca2\x83q\x92\xb3B\xd1E\x14\xc9\x0a\
(\xa2\x80\x0a(\xa2\x80\x0a(\xa2\x80\x0a(\xa2\x80\x0a\
(\xa2\x80\x0a(\xa2\x80\x0a(\xa2\x80\x0a(\xa2\x80\x0a\
(\xa2\x80\x0a(\xa2\x80\x0a(\xa2\x80\x0a(\xa2\x80\x0a\
(\xa2\x80\x0a(\xa2\x80\x0a(\xa2\x80\x0a(\xa2\x80\x0a\
(\xa2\x80\x0aJ\x8eY\xd2\x15%\x8e+\xe7\xcf\x8f\xdf\
\xb6/\x83\xfe\x0cC-\xa4\x97#U\xd71\xf2i\xb6\
l\x0b\x83\xfe\xd9\xe8\xa3\xebYT\xab\x0aK\x9al\xec\
\xc3a+c'\xec\xe8\xc6\xec\xf7\xdb\xfdV\xd3M\x85\
\xe5\xb9\x9d\x22E\x19$\x9e\x82\xbeg\xf8\xc1\xfb|\xf8\
\x0f\xe1\xc5\xc4\x966M'\x88\xb5\x04;Z\x0d=\xc1\
\x0b\xf5\x90\xf0?\x0c\xd7\xc2\xdf\x14?i_\x88\xdf\x1e\
n\xa5\x86K\xc7\xd1\xf42p,l\x98\xa4x\xff\x00\
m\xba\xb9\xae7H\xf0\x8d\xae\x9eC\xb8\xfbL\xff\x00\
\xdfq\x91\x9fa_=\x89\xcd\xb9t\xa6\x8f\xd42\x9e\
\x09u\x92\xa9\x8az}\xcb\xfc\xdf\xcb\xef;\x1f\xdaS\
\xf6\xa0\xf1?\xc7\xd8\xa2\xb7\xbc\xd3!\xd1|7\x1d\xc7\
\x9dmj\xa3|\x85\x82\x90\x0b\xc8z\x9c\x13\xd0\x01\xcf\
z\xf2\xdf\x03\xea\x9fe\xbe\x10\xb9\xc2\xc9\xfb\xb3\xcf~\
\xc6\xb7\xbce\xf6v\xd1\xe6\x85\xd8\x09W\x0c\xab\xdc\x11\
^ump`\x9dX\x1cs\xc9\xaf&U%\x8b\x83\
\x94\xf7>\xee\x8d\x0a95hS\xc3|+\xfag\xb6\
/\x06\xa9k\xf6\x9fo\xd1\xee\xa1\x1c\x96BG\xd4r\
)\x9a\x0e\xa6\xba\xae\x9f\x1c\xb9\xfd\xe0\xf9\x5c{\xd6\x9e\
\xdc\xd7\x89\xac%\xe6\x8f\xd1\x97-zZm%\xf9\x9e\
q\xa2\xdc\xe6\xc6''\xe6\xb7|7\xd3\xbf\xf3\xaa^\
'\x80Et\x18\xe7\x0e*\xf3\xdb\xff\x00d\xf8\x8e\xee\
\xcd\x86\x22\x9f,\x9f\x8fJ\xa3\xe2\x87y \xb3 \x8c\
\xa6\xe4\x7fPGC^\xa4~4\xd7S\xe2\xab\xc6\xf4\
\x1ce\xbct\xfb\xb4\xfc\x8c\xfbm\x1a\xd6\xe9\x14\xf4'\
\xa8\xcf\x22\xa6]\x08\xdb\xb8{k\xa9aq\xc8*\xc4\
b\xb3\x12\xe1Q\x88\x92@\x0d[\x8a\xf5\xf06JH\
\xfa\xe6\xba\xf9\xaa\xc7U#\xe7],5_vPL\
\xf4_\x05\xfcw\xf8\xaf\xf0\xcaT\x7f\x0f\xf8\xc2\xfc\xc2\
\x87&\xd6\xe2c4L=\x0a\xbeE}M\xf0\x8f\xfe\
\x0az\xd0\xcf\x06\x9f\xf1'Bk'$)\xd54\xd5\
;>\xaf\x11\xff\x00\xd9M|;\x1e\xa9\x22\xfd\xf5\x0e\
=\xb85dMo~\x9e\x5c\x8a\xac\x0f\xf0\xb8\xae\xaa\
x\xea\xd4\xbe-Q\xe2b\xf8{\x05\x8aM\xc1r\xb3\
\xf6\xf3\xe1\xdf\xc5o\x0b\xfcR\xd1\xe3\xd4\xbc7\xac\xda\
j\xb6\xce3\xba\xde@J\xfb2\xf5S\xeck\xae\xaf\
\xc2\x0f\x0c\xea\x9e!\xf8q\xac\xc7\xacx;\x5c\xbb\xd1\
/\x90\xee\xfd\xc4\xa4+{\x11\xd0\x8fc\x9a\xfbK\xe0\
o\xfc\x14\xdeKW\xb7\xd1\xbe*i-\x13\x8c'\xf6\
\xd6\x9e\x9c}^?\xea\xbf\x95{\xb41\xd4\xebi{\
3\xf3\xbc\xc3 \xc5`\x9f2W\x89\xfa\x1dEc\xf8\
O\xc5\xfa?\x8et\x0bMoB\xd4!\xd4\xf4\xbb\xa4\
\xdf\x15\xcc\x0d\xb9X\x7fC\xedN\xd6\xbcQ\xa6\xf8~\
\xdd\xae5\x0b\xdb{(\x17\xac\xb7\x12\x84\x1f\x86z\xd7\
\xa1t|\xd2\x8bn\xd6\xd4\xd6\xa2\xbcC\xc4\xdf\xb5\xa7\
\x83\xb4\x99\x1a\xdfJ7> \xba\x1c\x04\xb2\x88\x95'\
\xfd\xe3\xfe\x15\xc4\xdf~\xd0\xff\x00\x11\xbcG\xc6\x87\xe1\
%\xd3\xa0o\xbb-\xeb`\xfe\xb5<\xc8\xea\x8e\x12\xab\
\xd5\xabz\x9fR\xd4Oq\x14\x7f~TO\xf7\x98\x0a\
\xf9\x06\xea\xeb\xe2\xc7\x88\x89\xfb~\xbded\x87\xfeY\
\xa6\xe7\xc5C\x07\x80|O)\xff\x00J\xf1l\xccO\
Q\x1a6?\xf4!G7\x91\xa7\xd5\x12\xdeh\xfb\x07\
\xfbF\xd7\xfe~a\xff\x00\xbf\x82\x9c\xb7p?\xdd\x9a\
6\xfa05\xf20\xf8[\xa8K\xcb\xf8\x9e\xf0\x9fe\
a\xff\x00\xb3\xd4\x91\xfc1\xd5m\xceb\xf1=\xe8>\
\xec\xdf\xe3G7\x90}Z\x1f\xcf\xf8\x1f]\x02\x0fC\
\x9f\xa5\x06\xbeK\x1e\x1d\xf1\xae\x9awYx\x91\xa4#\
\xa0\x92\xa1\xd4\xfcy\xf1\x7f@\xd3n\x96\xcdc\xd4&\
\xf2\xc8\x8aEl\x95lpq\x9eis\xf9\x0b\xea\x8d\
\xfc2G\xa3\xfe\xd1\x9f\xb5\x87\x86>\x00\xd85\x9c\x87\
\xfb_\xc5s&m\xb4\x88\x1b\x91\x9e\x8f+\x7f\x02\xfe\
\xa7\xb0\xee?1~.|c\xf1w\xc6\x1d~MO\
\xc4\xda\x8c\x97\x0cI1Z\xc6J\xc1n\xbf\xddE\xe8\
>\xbd}\xeb\x7f\xe2W\x84|Am\xa8\xdekZ\xec\
:\x85\xde\xb7x\xe6[\x9b\xab\xa4f\xe4\xf6\xcdys\
_*1\x12\xa9O~\xa2\xbe\x7f\x1d*\xd5\x1d\xad\xee\
\x9f\xa4\xf0\xfe\x1f\x03\x85\x5c\xd2\x97\xef\x1fW\xfa\x1b\xde\
\x1f\xd2R\xd61q(\x06V\x19\x19\xfe\x11F\xb5\xe2\
\x94\xb2FH\x08f\x1c\x19\x0fAY\xe7Tw\xb4p\
%\x0609#\x93\x8a\xf6\x7f\xd9\x0f\xf6\x5c\xb9\xfd\xa0\
|D\xfa\xe6\xb9\x04\xd6\xde\x08\xd3$\xc3\x9c\x157\xb2\
\x8e|\xa5>\x9d\x0b\x11\xd0`pH5\xe2\xd0\xc1\xcb\
\x11R\xcc\xfb\xfc\xcb>\xa5\x95\xe1W\xb2\xd0\xc2\xf8s\
\xfb5x\xb3\xe2g\x83\xef<ew2\xe9z$p\
K=\xb3O\xcc\xb7[\x01\xfb\xa3\xf8S \x8d\xc7\xd3\
\xa7z\xe6t \xb6\xba\x19l\xe4\xed$\x93\xeb_\xa0\
\xbf\xb5~\xad\x0f\xc2\xcf\x80\x1a\xc8\xb0\x86;E\x9e%\
\xd3-a\x8c\x05X\xe3a\xb3\xe5\x1d\xb0\xb9\xfc\xab\xf3\
\x1fN\xf1|\x8b\x03\xda8S\x0f]\xc3\xa8\xae\x9c\xc3\
\x0d\x1a|\xb4\xe9\xf4\xdc\xf2\xf8W5\xab\x89\x95\x5cV\
%\xe8\xdbQ;\xe9\x9b\xc9\xd1@\xee\xcb\x8f\xce\x9d\xa3\
.\xd8\x19\x87L\xe0~\x15\x91\x7f\xaf\xda\xde\xd8A\xf6\
I\x96E=\x87P}\x08\xad\xdb\x18\x85\xbd\x94jx\
\xc2\xe4\xd7\x81$\xe3\x1dO\xd5iN5*\xde.\xe9\
$K\xa3xVo\x88\xff\x00\x11\xfc1\xe1[D/\
%\xe5\xd2,\x85W;T\xb0\xdc\xc4\x7f\xb2\xa0\x9a\xfd\
\x81\xd3|;\xa7\xd9Z\xda\xa2X[\xa1\xb7\x89b\x8c\
\x98\xc1dU\x00(\xcf^\x00\x15\xf1\x07\xfc\x13\xc7\xe1\
i\xd5\xfcE\xaf|F\xbf\x830\xdb\x93\xa7\xe9\xc5\xd7\
\xab\x90\x0c\x8e>\x8b\xb4\x7f\xc0\x8d}\xe9_s\x95P\
\xf6t\x14\x9fS\xf9\xab\x8d\xb3\x15\x8c\xcc\xa5J\x0fH\
~o\xfe\x05\x8c-s\xc0\x9e\x1c\xf122\xea\xfa\x0e\
\x9b\xa9\x86\x18?j\xb4\x8eC\xf9\x91^W\xe2\xef\xd8\
\xbf\xe1/\x8c\x22+/\x86\x86\x9c\xfd\x9fO\x9d\xe2\x03\
\xe8\xb9+\xfaW\xb8\xd1^\xc4\xa1\x09|J\xe7\xc2\xd3\
\xc4\xd6\xa3\xad9\xb5\xe8\xcf\x84~ \x7f\xc1/\xeco\
\xd1\xa5\xf0\xa7\x8c'\x82A\xf7-\xf5hw\xa8\x1d\x80\
t\xe4\x7f\xdf5\xf2\xcf\xc5\x0f\xd9\x9b\xe2\xb7\xc0d{\
\xad[D}CEN\xba\x85\x81\xf3\xe0Q\xfe\xd1\x1c\
\xaf\xfc\x08\x0a\xfd\x94\xa6I\x12M\x1bG\x22\xac\x88\xc0\
\xab+\x0c\x82=\x08\xae\x0a\xb8\x0a5V\x8a\xc7\xd1\xe0\
\xb8\x9b\x1d\x84\x92r|\xcb\xee\x7fz\xfdn~\x1d\xe8\
^/\xb5\xbd\x226o&S\xd67\xe8~\x95\xa9\x7f\
\xa3\xc5}\x1bI\x00P\xe7\xaa\x11\xc3W\xdd_\xb4\xc7\
\xfc\x13\xdb\xc3\xff\x00\x10c\xba\xf1\x07\x80\x22\x83\xc3\xbe\
#\x00\xc8\xfaz\xfc\x96\x97g\xaf\x03\xfeY9\xf5\x1f\
/\xa8\x1dk\xf3\xfbQ\xb4\xf1\x1f\xc3\x1dbm'\xc4\
\x967\x16\xafo'\x93\x22\xce\x85^&\xf4o\xe6\x0f\
B:\x13_/\x8a\xc0T\xc3\xca\xf1?f\xc9\xb8\x9f\
\x0b\x9aS\xf6u\xbf\xe0\xaf\xeb\xba;?\x83\x7f\x1a\xbc\
U\xfb>\xf8\xa0\xea\xde\x1e\x98\xc9h\xf8[\xed\x22r\
LW\x08\x0f\xa7b9\xc1\xea+\xf5+\xe0G\xc7\xef\
\x0c\xfc}\xf0\xaaj\xba\x15\xc0\x8e\xee0\x05\xe6\x9d+\
~\xfa\xd9\xfd\x08\xee=\x0d~L\xca\xb0k\x90,\xb0\
\xba\x89\xb1\x95`~\xf0\xa8\xfc\x0d\xe3\xef\x11\xfc\x18\xf1\
\x8d\xbf\x8a</r\xf6\x97\xb6\xed\xfe\x91m\xff\x00,\
\xe7N\xea\xcb\xdc\x1a\xeb\xc0\xe62\x83\xf6u6<\x1e\
%\xe1XW\x8b\xc4\xe17\xf2\xd9\x9f\xb6\xd9\xa5\xaf)\
\xfd\x9d\xff\x00h_\x0f\xfe\xd0\xbe\x0a\x8bW\xd2\xa4[\
}J\x00\x13P\xd3Y\xbfym&?U=\x8dz\
\xaek\xebc%%t~\x1fR\x12\xa5'\x09\xab4\
-\x14QTf\x14QE\x00\x14QE\x00\x14QE\
\x00\x14QE\x00\x14QE\x00\x14QE\x00\x14QE\
\x00\x14QE\x00\x14QE\x00\x14QE\x00\x14QE\
\x00\x14QE\x00\x14QE\x00\x14QE\x00\x14QI\
\x9a\x003\x8a\xc7\xf1/\x8at\xef\x0biw\x1a\x86\xa5\
w\x15\x9d\xa4\x08^I\xa6`\xaa\xa0w$\xd7?\xf1\
[\xe2\xd7\x87\xfe\x12\xf8f\xe3Y\xd7\xafR\xd6\xde1\
\x84L\xe5\xe5n\xca\x83\xb95\xf9q\xf1\xe7\xf6\x8f\xf1\
O\xed\x15\xafIk\x13>\x9d\xe1\xb8\x9c\xf96H\xdf\
.;4\x87\xf8\x9b\xf4\x15\xe7\xe2\xb1\x90\xc3/3\xe9\
\xb2|\x8b\x11\x9a\xcdr\xabC\xbf\xe8\xbb\xbf\xc8\xf5\xaf\
\xdaC\xf6\xf7\xd4\xfcQqs\xe1\xdf\x87M%\xad\x9b\
\x13\x1c\x9a\xb6?{'c\xe5\x8f\xe1\x1e\xf5\xf2\xd6\x9d\
\xe1I\xaf\xae^\xfbW\x9aK\x9b\x99\x1b{\xf9\x8eY\
\x98\xfa\xb1=Mli\x1a\x05\xb6\x8d\x0e\xee\x1aL|\
\xd27ST\xb5\x9f\x15Cd\xa5c;\x8f@\x07z\
\xf8\xda\xd8\xaa\x98\x99\xe8~\xf7\x81\xca0y5\x14\xa6\
\xb5\xed\xfe}\xff\x00#p\x0b]:\x00\xd2\xc8\x96\xf0\
\xa8\xe0\x01\xfc\x85r\xda\xd7\x8f\xf8h4\xd8\xb6v2\
\x9eX\xd5\x1d\x0b\xc3\xfe%\xf8\x9f\xae\xc5\xa5\xe8\x9au\
\xde\xaf\x7f)\xc2Z\xda\xa1b=\xd8\xf4\x03\xdc\xd7\xda\
_\x04\x7f\xe0\x9a3\xcc-\xf5/\x88\xfa\x97\xd9\x94\xe1\
\xbf\xb24\xe6\xcb}\x1eN\x83\xf0\xfc\xeb\xa3\x0d\x80\x95\
G{\x5c\xf23^#\xa5\x86\x8d\xa7>U\xd9o\xf7\
\x1f\x12h~\x16\xd7|w\xa9\xc7e\xa7\xd9\xdd\xea\x97\
\xb2\x9f\x96\xde\xd2##\x9f\xcb\xa7\xd6\xbdc\xc4?\xb0\
\xcf\xc5\xed+C\xb4\xd4c\xf0\xc7\x9a\xd3\xe4\xfd\x86;\
\x847\x08\xa0d\x96\x19\xc6}\x87>\xd5\xfa\xc1\xe0\x0f\
\x85^\x14\xf8]\xa6-\x8f\x864;M*\x100\xcf\
\x14c\xcc\x7fvs\xc9\xfc\xeb\xa0\xbb\xd3\xc5\xdc\xf0\xc8\
O\x11\xe4c=s_GO.\x84c\xef3\xf2\xec\
O\x14\xd6\x9c\xefB6^z\xb6~\x15h\x97\x97\xfe\
\x0e\xd7'\xd3u{Y\xec.bo.\xe2\xda\xe62\
\x92!\xf7S\xc8\x22\xbd\x1d%Y\x10:0e# \
\x8e\x84W\xd9?\xb7\xe7\xec\xb7u\xf1\x17@\x83\xc6\x9e\
\x17\xb4I5\xcd*6\xfb\x5c\x11F<\xcb\x98z\xe7\
#\xa9\x5ct\xf4\xaf\xceM\x1f\xc6\x97z kY\xe3\
.\x88pb~\x19\x0f|\x7f\x85|\xde;\x03*s\
\xf7O\xd7\xb8k\x89)bp\xeb\xdai\xdf\xc9\xff\x00\
\x93:\x1f\x1e\xc2\x85`\xbbGU\xb8\x88\xfd\xdc\xe0\xb0\
\xf6\xfaW-\xaf\xdc\xfd\xa6\xc6+\x98\xb8\xf30\x1b\x1d\
\x88\xaa\x9e$\xf1\x0c\x9a\xe5\xc26\x02F\x9ft\x03\xcd\
f\x9b\xb9\x0d\xb1\x8bv\x10\x9c\x91QN\x93\x84U\xf7\
:1\x98\xd8V\xabS\x93g\xf9\xf7.xB\xff\x00\
F\xd3\xfci\xa4\xdc\xf8\x9a\xc1\xb5M\x04\xcc\xab{n\
\x92\x18\xdd\xa3'\x0cU\x87F\x03\x91\xf4\xaf\xd0Mg\
\xfe\x09\x8d\xe0\x7f\x1d\xe86z\xff\x00\xc3\xbf\x1a\xdf\xe9\
\xb6\x97\xf0-\xc5\xa8\xbdE\xb9\x89\x95\x86G\xcc\xbbX\
~\xb5\xf9\xc7<^tl\xbe\xbd+\xf4'\xfe\x09\x8b\
\xfbH\x19\xd6\x7f\x85Z\xf5\xd7\xefc\x0dq\xa4<\xad\
\xd4ux\x81?\xf7\xd0\x1fZ\xfa\x0c\x1b\x84\xd7$\xd1\
\xf9N}\x0cF\x1aK\x11BM#\xc2~&\xfe\xc1\
\x7f\x19~\x18\xc1=\xe5\xb6\x9d\x07\x8b\xf4\xb8rL\xfa\
;\x99\x1c/\xa9\x88\x80\xff\x00\x905\xf3\xecw\xec\x97\
/kw\x0b\xda]FJ\xb4R\x82\xa40\xecA\xe8\
k\xfa\x0a\xc7\x18\xaf\x86?\xe0\xa1\x7f\x0a<\x01\xe2\xbd\
)/t\xdbh\x13\xe22\xc804\xe5\xfd\xf4\xe9\xdc\
J\x17\x83\xdb\x19\xe6\xb7\xaf\x81\x83W\x89\xc1\x96\xf1\x0e\
!TT\xeak\xfd\x7f_\xe4~z\xdaj&/\x96\
S\x94\xfe\xf1\xedL\xbc\xd4\xe0\xbf\x95l\xec\xed\xe5\xd4\
\xae\x9f\x84\x8a\xd9\x0b\xb6}\xb1^\xe1\xf0\xc7\xf63\xd7\
\xbcP-\xee\xbc]t\xfa>\x9f\xc1\x16P\xe0\xdcJ\
?\xda\xec\x9f\xa9\xfaW\xd6\xdf\x0f\xbe\x09x_\xe1\xf5\
\x9a\xc3\xa3i0Y\x9ca\xa5\x0b\xbaW\xff\x00y\xcf\
&\xb8\xa8\xe5\xd7|\xd3g\xbd\x8d\xe25\xca\xe9\xd0\x8d\
\xfc\xd9\xf3?\xec\xabe\xf1\xc3\xc0\xe6\xea\xcfN\xbd\xb9\
\xf0\xbf\x87/\xbev\x86\xfbk\x05o\xef$g%O\
\xbf\x15\xf4\xfd\x8f\xc2+mZe\xbf\xf1>\xb1\xa8x\
\x9a\xf9\xb9-w)\x09\x9fe\xcdw6\x9a%\xbc8\
e\x8dW\xf0\xc9\xfc\xea\xf8\x87`\xc0\x07\x15\xed\xc2\x9a\
\x89\xf0\xf51\x0en\xe9[\xd0\xca\xd3t\x1d7E\x8c\
Gac\x05\xa2\x0e\x9eT`\x1f\xcf\xad]\x0aX\xe0\
\x0c\x9a\x9b\xca-\xd0f\xb74\xbb\x04U\x04\xa8&\xb4\
m#\x96\xf7\xdc\xe7\xda\x17LnR3W \xd3\xe4\
+\x9e\xfe\x86\xbaG\xb3\x8eE\xc1Pi\xa21\x18\xc5\
O0\x8c%\x89\x94\xe0\xa9\x04S\xb6\x1fJ\xd9y\xed\
 R\xd7\x00{`U9\xb5[\x13\x90\x96\xcc\xde\xe5\
\xb1K\x98vf{)\xcfJ\x8f\x04\x1ej\xc4\xb7\x91\
\xbf\xdd\x8bo\xfc\x0b5]\xa6\xcdP\x86]Z\xc3w\
\x11\x8ex\x92h\xcfT\x91C\x03\xf8\x1a\xf2\x7f\x1d\xfe\
\xcc\xbe\x03\xf1\xce\xf9$\xd3?\xb2\xaf\x1b\xfe^t\xe2\
\x229\xf7\x5c\x15?\x95z\xc9\x93\xd4\x0acsCI\
\xee\x5cg(;\xc5\xd8\xf8\xff\x00\x5c\xfd\x86nl\x15\
\xae4Mz;\xc9\x10\xe5m\xeea\xf2\xb7\x8fBA\
#?\x95};\xf0k\xe2\xf7\x86~\x18\xf8KI\xf0\
\xaf\x88\x81\xf0\x95\xed\xbc{\x1a;\x95h\xadY\xb2r\
RC\x95\xe7\xafQ\xd6\xba\x1cU=c@\xd3\xfcG\
a%\x96\xa7g\x0d\xf5\xac\x83\x069\x940\xff\x00\xeb\
Vq\xa7\x18>h\xadN\x9a\xb8\x99\xe2 \xa9Vm\
\xc5\x1f+\x7f\xc1D~5\xd8x\xe6\xeb@\xf0\xe6\x85\
\xa8-\xe6\x99j\xcfsp\xf0\x9c\xa3I\x80\x13\x0d\xd0\
\x8c\x16\xe9\xeb_\x15\x82\x11_\x07\xaf\x15\xf6\xef\xc6\x7f\
\xd9\x12Q\xa7\xdd\xdd\xf8C\xfd*\xdd\x86\xe7\xd3&\xe5\
\xd3\xbebn\xbf\x85|O\xaciwz\x1e\xa3-\x9d\
\xdcO\x04\xf0\xb1VG\x5c\x10k\xc3\xc5\xc2j|\xd2\
\xea~\x8b\x92V\xa0\xf0\xea\x95\x07\xf0\xef\xdfQ\xf6\xd7\
mi\x01\xd8v\xb7\x5c\x8fZ\xde\xd0\xfcO\xad_\xcf\
\x15\x92\xca\xd7Or\xc2\x14\x8fh,I8\x00c\xbd\
r\xd9\xdc\xa3=O5\xf7G\xfc\x13\xf7\xf6X\x1e*\
\xbe\xb4\xf8\x95\xe2(B\xe9VR\xff\x00\xc4\xb2\xd5\xd7\
\xfe>%_\xf9hs\xfc*zz\x9f\xa5qC\x0f\
\xed\xe6\xa0\x91\xefbs_\xec\xda\x12\xae\xe4\xd2]/\
\xbb\xe8\x8f\xbb\xbe\x0a|?\x87\xe1\x7f\xc2\xcf\x0d\xf8n\
\x18\xc4ogh\x9e~\x07\xde\x99\xbei\x0f\xfd\xf4O\
\xe9]\xc57\xa0\xac\x9dO\xc5Zv\x95\xb8K8,\
\xbdB\xf3\x8f\xa9\xe9_a\x18\xa8EEl\x8f\xc0\xaa\
T\x9e\x22\xac\xaaKW&\xdb\xf9\x9b\x14W\x92\xeb\xff\
\x00\xb4_\x8647d{\xfbs \xfe\x04}\xed\xf9\
.k\x8d\xbc\xfd\xae\xa3I\xd0i\xfe\x1d\xb9\xd5!'\
\x0c\xca|\xb3\xf8u\xcf\xe5G2)a\xaa\xbdR>\
\x8b\xa5\xaf\x9e\xa4\xfd\xb1t\xab(\xc3_\xf8C\xc4V\
\xe3\xbbGjd\x03\xf1\x02\x92\xdb\xf6\xe8\xf8e\xbc-\
\xf4\x9a\xbe\x98OSu\xa7H\xaa>\xa6\xaa\xe8\xa5\x84\
\xc45u\x06\xcf\xa1q^o\xf1\x9f\xe0\x1f\x85~7\
h\x13\xd8kvQ\xa5\xe1B!\xd4\xa2A\xe7D{\
s\xfcK\xfe\xc9\xe2\xb4\xbc\x11\xf1\xb7\xc0\x9f\x11\xc2\x8f\
\x0e\xf8\xa7M\xd4\xa6n\x96\xe98Y\xbf\xef\xdba\xbf\
J\xed\xb3JQRV{\x19\xc6Up\xd5\x14\x95\xe3\
%\xf2?\x19>6|\x0f\xf1O\xec\xdb\xe2\xa7\xb0\xd4\
\xe2it\x89\x98\xb5\x9d\xfc`\x98\x9c{\x1e\xde\xe0\xf2\
?S\xcd\xdb\xddE\xe2\x1bQ4X[\xb4\x1f2\xf6\
a_\xb3\x1f\x11\xbe\x1b\xe8\x1f\x15|+w\xe1\xff\x00\
\x11\xd8%\xf6\x9fp\xa4a\x87\xcf\x1bvt=\x98z\
\xd7\xe4\x97\xed\x11\xfb>k\xff\x00\xb2\xe7\x8e\xd2\x19K\
\xde\xf8j\xf5\xcbi\xda\xa2\xaf\xca\xe3\xbco\xe8\xe0u\
\x1d\xc7#\xdb\xe5q\xf9\x7f'\xef)\x9f\xb3p\xdf\x14\
,E\xb0\xb8\xad\xff\x00?5\xe6\xbb\x1c\xdf\xc3\xaf\x89\
~ \xf8\x09\xe3\xcbO\x17xfVC\x1bm\xbb\xb2\
b|\xbb\x88\xb3\xf3F\xe3\xb8?\xa1\xe4t\xaf\xd8\x0f\
\x83_\x17\xb4\x1f\x8d\xfe\x02\xd3\xfcS\xa0M\xba\xde\xe1\
v\xcdn\xc4\x19-\xa5\x1fz7\xf7\x1e\xbd\xc6\x0fz\
\xfcyq\x06\xbbfg\x84\x02\xe4~\xf21\xdf\xde\xbb\
?\xd9k\xf6\x82\xd4?fo\x89\xe8.$\x92o\x07\
\xea\xb2,Z\x8d\xa8\xe4*\xe7\x89T\x7fys\x9fq\
\x91\xde\xab-\xc6\xb8\xbfe3\x0e,\xe1\xf8\xd4_\x5c\
\xc3/\xbb\xaf\xf5\xf9\x9f\xb1\x94U}?P\xb6\xd5l\
m\xafl\xe7K\x9bK\x98\xd6hf\x89\xb7,\x88\xc3\
*\xc0\xf7\x04\x10ia\xbaIe\x96,\xfe\xf2\x22\x03\
\x0f\xaf \xd7\xd5\x1f\x8dX\x9e\x8a(\xa0AE\x14P\
\x01E\x14P\x01E\x14P\x01HzqKE\x00C\
\xe6\xba\xb1\x0c\xbcz\x8a\x94\x10\xc3\x22\x96\x90\x00:P\
\x02\xd1E\x14\x00QE\x14\x00QE\x14\x00QE\x14\
\x00QE\x14\x00QE\x14\x00QE\x14\x00QE\x14\
\x00\x99\xaf-\xf8\xf5\xf1\xfb\xc3\xbf\x02<,\xfa\x8e\xaf\
:\xc9{(+ia\x1b\x0f6\xe1\xfd\x00\xec=O\
jo\xed\x11\xf1\xfbC\xfd\x9f|\x0b.\xb3\xa9\xba\xcf\
\xa8\xcf\x98\xb4\xfd9[\x12\x5c\xcb\x8f\xd1GR\xdd\xbe\
\xa4\x03\xf9A\xe2\xdf\x18x\x97\xe3\xb7\x8c\xae\xbcG\xe2\
[\xc7\x99\xa4n\x14\x1cG\x12g\x88\xe3\x1d\x80\xaf+\
\x1b\x8d\x8e\x1a6[\xfeG\xd9\xf0\xf7\x0fU\xcd\xea\xa9\
\xcd~\xef\xf3\xff\x00\x81\xdd\x9a\x7f\x13~(\xf8\xa7\xf6\
\x87\xf1l\x9a\xb6\xb7r\xd1\xd9#\x11\x0d\xb2\x13\xe5@\
\x9f\xddA\xeb\xea{\xd4\x11\xc1i\xa1X\xff\x00\x0c0\
\xa0\xe4\xf7?\xe3S\x1f\xb3h\xd6;\x8e\xd8`\x88\x7f\
\x9f\xc6\xb8[\x8b\x8dS\xc7\x9a\xed\xb6\x9b\xa5\xdbKu\
q<\x82;{XT\xb31<\x0e\x07z\xf8\xaej\
\x98\xb9\xf9\x1f\xd0\x5c\x98l\x8f\x0e\xa3\x14\xb9\xad\xf2_\
\xf0?1\xda\xd7\x8a\xa6\xd4\xa7\xfb=\xaa\x9c\x13\xb5U\
y&\xbe\x92\xfd\x9e?`/\x12|P\x8a\xdf\x5c\xf1\
\x84\xd3xoB\x93\x0e\x88S\xfd*\xe1\x7f\xd9S\xf7\
\x01\xf5?\x95}\x0d\xfb'\xfe\xc2\xfag\xc3K{O\
\x13x\xda\xde-O\xc4\xec\x04\x91Y8\x0d\x0d\x99\xea\
2:3\xfe\x82\xbe\xc1\x0a\x00\x00\x0c\x01\xd0\x0a\xfa\xcc\
&]\x18.j\x8b\xe4~'\x9d\xf1UJ\xf3p\xc2\
\xbf\xfb{\xfc\xbf\xcc\xe2\xfe\x17\xfc\x1c\xf0\x8f\xc1\xdd\x0d\
4\xbf\x0a\xe8\xf0i\xd1`y\x93\x81\xbai\xcf\xf7\x9d\
\xcf,\x7fOA]\xa6)i3^\xeaJ*\xc8\xfc\
\xe6s\x95I9\xcd\xdd\xbe\xe2\xd2f\xa1\xbc\xbe\xb7\xd3\
\xad\xa4\xb8\xba\x99 \x821\x96\x92F\xc0\x02\xbcC\xe2\
'\xedk\xe0\xef\x04y\x8a\xd7\xe1\xb6v\x85<\xc9\xa4\
\xf6D\xe0\x0f\xab\x11\xf446\x96\xe5S\xa5:\xae\xd0\
W=\xd0\xa8`A\x19\x07\xa85\xf17\xedm\xfb\x02\
\xda|@\x96\xef\xc5\x9e\x02Ht\xedq\xb3%\xce\x9a\
p\x91\x5c\x9e\xa5\x90\xf4V>\x9d\x0dbx\x93\xf6\xd9\
\xf8\x8f\xe3\xd9\x8d\x87\xc3\xff\x00\x0e\xa6\x91l\xdf*\xdf\
^/\xda.\x0f\xbf@\x83\xf25\xc9O\xf0\xcb\xe2\x8f\
\xc4w\xfbG\x8c\xbe \xeaH\x8f\xc9\x81.YT{\
\x04N\x05sT\x8ckG\x95\xab\x9e\xf6\x0a\x9e#\x01\
QUU\x14\x1fm\xef\xea\x8f\x89<Q\xe0\xddc\xc1\
\x9a\xac\xdav\xb5a>\x9fy\x13\x15x\xe6M\xbc\x8f\
\xe7\xf8V+)S\xcd}\xbb\xe2_\xd8\xce\xc2\xfa\xcc\
\xb5\xae\xa7\xa9j\xb7$e\x8c\xad\xb3\x9fbI\xcd|\
\xd3\xf1\x1b\xe0&\xbb\xe0;\xa7?f\xbaT\xe7j\xdc\
BFG\xb1\x1c\x1a\xf1\xea`\xa5\x1dQ\xf7\xb8|\xe6\
\x9dV\x97_\xeb\xa1\xe7\x00d\x12{T\xfe\x1f\xf1\x16\
\xa1\xe0\xcf\x16iz\xf6\x8btl\xf5k\x09\xd6\xe2\x19\
\x14\xe3\x0c\xa7#\xff\x00\xd5\xde\xa8\xcd,\xd6n\xcbq\
\x03#\x0e:V\xb7\xc3\xff\x00\x07\xcf\xe3o\x12\xdb\xda\
\xaf\x11\xb3n\x91\xf1\xc2\xafz\xce\x8d)\xa9\xdd\x8f0\
\xc5\xd1\xabG\xd9\xad[\xfc\x0f\xd3m'\xf6\xd2\xd6~\
5\xf8#K\xb2\xf0V\x9a\xf6\x1a\xf5\xc4\x22=N\xf2\
A\xf2\xdb\xc9\x8f\x9b\xca\xf6\xef\xb8\xf4\xcf\xadjx3\
\xe1\xed\xb7\x87\x83\x5c\xdd\xcau\x0dfc\xba{\xe9\xf2\
\xcc\xccz\xed\xcfA\xfa\x9a\xa1\xf0\x7f\xe1\xce\x99\xf0\xef\
\xc2\x96\xf6\xf60\x04\x9ae\x12K!\x1c\xb1\xc5z\x14\
\x11n\xc1\xed_B\x93\xdeG\xe7Rq\xa7xRV\
_\x99j\xcbH\x8bhb\xf1\x02{3\x80kN-\
\x0eG\xe5\x15\x1c{05J-4\xdc\x90\x03*\x0f\
qW\xe2\xf0\xd5\xcc8h.\xc27l\x12)7\xe6\
b\x5c\xb1\xd1?{\xfb\xe4\x00\x0e\xd9\xeb[I\x04h\
\xbbB\x0c}*\x96\x9c\xd70\x81\x1d\xdf.?\x8f\xd6\
\xb4k'q\x19\xd7\xba4W\x031\x81\x1b\xfb\x0e\x0d\
G\x12\xa5\xab,FUg\x03\x90\x0f5\xa7+\x88\xe3\
f<\x00+\x80\x96\xe5\xd6\xe5\xa4F \xee$\x1aW\
f\x90\x8f1\xda\x16\x1dsX\xfa\x8e\xa2\x96\xf7\x1b\x09\
<\x8c\xd6T\xfe([Kr\xf7\x12$\x08\xa3\x97w\
\x0a\xbf\x99\xaf3\xf1?\xed\x01\xe0}\x02Y\x0d\xef\x88\
m\xe6\x9cpc\xb5&f\xff\x00\xc7x\xa4\xe5\x18\xee\
\xcd\xe9\xe1\xeaTv\x8c[\xf4=2\xee\xf7\xed$\x01\
\xd3\xad@\xa6\xbe{\xd4?lO\x09G)[8/\
\xa6\x03\xa3\x18\xb6\xe7\xf9\xd54\xfd\xb0\xb4\xb6o\x96\xc2\
\xe8/\xa9L\xff\x00\x85c\xf5\xaa1\xdeG\xa7\x1c\xa3\
\x1b5\xee\xd3g\xd2\x82\x8a\xf0=/\xf6\xb4\xf0\xdd\xd4\
\x8a\xb7\x0c\xf6\xde\xf2F\xca?\x91\x15\xe9^\x17\xf8\xc9\
\xe1O\x12\xed[}J\xd6\xe1\xdb\xf8#\xb8U\x7f\xc8\
\xd6\x90\xc4\xd2\x9e\x8aG=l\xaf\x19AsT\xa6\xd2\
\xf4;\x1aL\x9as_i\xd7\x00\x18gt$}\xd9\
W\x1f\xa8\xe2\x97\xcb8\xca\xe1\xd7\xd4\x1c\xd7Bi\x9e\
m\x9a\xdc\x14n8\xa9|\xa6Q\x9cqE\xbcx\xe4\
\x8a\xbb\x16\xd5\xe5\xf1\x8aw!\x95\xd1zW\x8e|q\
\xfd\x96t\x0f\x8c\xd0\xbd\xdd\xb2\x0d3\xc4\x83\xee]G\
\xc2J}$\x1d\xfe\xa3\x9f\xad{\x1d\xd5\xe4\x10\xe5\x94\
\x85Q\xdc\x9e\x05b\xcf\xe2\xd4\x89\xf1n\xa6g\xcf\x07\
\xa2\xff\x00\xf5\xea'\x05Qr\xc9\x1bP\xafW\x0f?\
iJVg\xe7\xb7\x8a\x7ff-[\xe1\x8f\x8c\xadm\
|d\x1a\xdfIi\x977\xb6\xa8d\x85\xa3\xcf8a\
\xed\xd8\xf3_\xa2>\x15\xfd\xa1|\x19\xe1?\x01iv\
\x9aT\xfa|Ze\x8d\xba\xc1\x04v\xcd\x91\xb5F\x00\
\xdb\xd4\x1f\x5c\xf75\x9f}\xa3\xdd\xf8\xda\xd6KMN\
H\xa1\xb3\x95H+2n\x03\xfe\x03\xdf\xf1\xaes\xc2\
\xff\x00\xb3g\x83|=\xac[\xcdut5{p\xc1\
\xa4\x8ed1\xc6=\x82/_\xce\xb2\xa5F4[\xe5\
\xeaw\xe2\xf1\xcf\x1f\x08\xacC\xf8{u,j\x7f\xb4\
\xc7\x8b\xbe \x5c\xbe\x9d\xe0\x8d\x02k\xa6c\xb7\xcf\x11\
\x9c/\xb9=\x07\xe2i\xb6?\xb3\xcf\x8e\xbcl\xe9q\
\xe3O\x13\xb5\x94\x0f\xc9\xb3\xb4m\xe4{q\x85\x1f\xad\
}\x03\xe1\xfb\x8d\x07L\xb5K=-m,\xed\xd7\x81\
\x14\x0a#\x03\xf0\xad\xc2U\xc7\x04\x11\xda\xb4m\xb3\xc9\
\xf6\xaa\x1aS\x8d\xbf3\xca\xfc1\xfb5\xf8\x1b\xc3j\
\xact\xe7\xd4\xa6\x1de\xbd\x90\xb6O\xd0`Wyo\
\xe0\xdd\x12\xd61\x1c:U\xacH?\x85\x22\x00V\xba\
\x8c\x1fjuQ\x84\xa7)k&g\xc5\xe1\xed.\x1f\
\xb9\xa7Z\xaf\xd2\x15\xcf\xf2\xa8u\x0f\x09\xe8\xfa\xa4F\
;\xad6\xd6T<`\xc4\x05kQ\x9a\x08\xbb<c\
\xc7\x9f\xb2o\x81<gn^\xdbO\x1a\x16\xa2\xbc\xc7\
}`\x02\xba\xb7\xa9\xf5\xfc\xc5ye\xcf\x8a\xbe2~\
\xcbS\xc6\xda\xc3\xcb\xe3\xbf\x03Fv\xfd\xb0\x06\x96K\
t\xed\xbb\xf8\xd7\x03\xfd\xe1\xef_\x5c\xb3\x85\x04\xd5;\
\xb5\x8e\xee\x17\x86h\xd6X\x9c\x15dq\x90G\xa6(\
\xbd\x8e\xa8W\x95\xb9j.h\xf9\xfe\x8f\xa1\x8f\xf0\xa3\
\xe3\x1f\x87~/\xe8i\xa8h\x97J\xed\xb44\x96\xe5\
\x81d\xff\x00\x11\xfeN*\xcf\xc5\xaf\x85\x9a\x1f\xc6_\
\x02j^\x16\xd7\xed\xd6k+\xb4\xf9$\xc7\xcf\x04\x83\
\xee\xc8\x87\xb3)\xff\x00\x0e\x84\xd7\xca?\x18~\x08\xeb\
\xdf\x06\xfcQ\xff\x00\x0b\x0f\xe14\xada8\x7f2\xef\
HC\xfb\x89\xfdF\xde\x83<\xd7\xd1\x1f\xb3\xdf\xed\x05\
\xa2|y\xf0\xa9\xba\xb5\x22\xc7_\xb2\xc4Z\xae\x8f/\
\xcb5\xac\xbd\x0f\xcay*OC\xf8u\xad4\x92\xb3\
\xd8\x9a\xb4}\x92X\x8c;\xd1}\xe9\xff\x00]O\xc9\
o\x1fx\x1b[\xf8\x09\xf1'S\xf0\xa6\xb2\x09\x96\xce\
LG(\x07d\xf1\x1eRE\xf6#\xf2\xe6\xab\xf8\x83\
M\x83[\xd2\xc5\xcc p3\x81\xdb\xd6\xbe\xfe\xff\x00\
\x82\x91\xfc\x17\x8f\xc5_\x0f,\xbcwao\xbbU\xf0\
\xfb\x84\xb9*9\x92\xd1\xce\x0e\x7f\xddb\x0f\xd0\xb5~\
yxoS\x16\xcf\xe49\xcd\xb4\xdc\x0c\xff\x00\x09\xf4\
\xaf\x8e\xc7\xe1\x9e\x1e\xa7<\x0f\xdc8o5\x8ei\x84\
\xf6\x18\x8fG\xeb\xdc\xfb\xf7\xfe\x09\xbb\xf1\xeeO\x12\xf8\
f\xef\xe1\xae\xb5p_S\xd1\x14\xcd\xa7<\x8d\x93%\
\xaeyO\xf8\x01<{7\xb5}\x7f\xaf\xa4\xda|\x91\
\xea\xd6\xcad6\xeaE\xc4*9\x92.\xa7\x1e\xe3\xa8\
\xfc\xbb\xd7\xe3\x07\xc3\xef\x1c\xdd\xfc\x16\xf8\xc3\xe1\xcf\x16\
\xd9\x96\x09gt\xa6dS\xfe\xb2\x12p\xea~\xaaH\
\xaf\xdb\x0d6\xfe\xdfY\xd3-o\xad\x5cMku\x0a\
M\x14\x83\xa3#(*\x7f\x10E}\x1e\x06\xb7\xb7\xa2\
\xbb\xa3\xf2~\x22\xc0<\xbb\x1d+-\x1f\xf4\xc9mn\
\xa2\xbd\xb6\x8a\xe2\x09\x04\xb0\xca\x81\xd1\xd7\x90\xcaFA\
\x155y\xf7\x87\xf5?\xf8C<i/\x85n\x9bn\
\x9f\x7f\xbe\xebIw=\x0fY`\xfc>\xf2\xfbdv\
\x15\xe8\x00\xe6\xbb\xe3.d|\xd5Z~\xcd\xae\xcfU\
\xe9\xfdh\xfc\xc5\xa2\x8a*\xccB\x8a(\xa0\x02\x8a(\
\xa0\x02\x8a(\xa0\x02\x8a(\xa0\x02\x8a(\xa0\x02\x8a(\
\xa0\x02\x8a(\xa0\x02\x8a(\xa0\x02\x8a(\xa0\x02\x8a(\
\xa0\x02\x8a(\xa0\x02\xb9\xff\x00\x1ex\xe7G\xf8o\xe1\
=K\xc4z\xf5\xd2\xd9\xe9\x96\x11\x19d\x91\xba\x9fE\
Q\xdd\x89\xc0\x03\xb95\xbb$\xa9\x0cl\xee\xc1\x11F\
Y\x98\xe0\x01\xeb_\x96?\xb6\x87\xed!?\xc7\x8f\x1e\
'\x84|9r\xdf\xf0\x88\xe9s\x15\x12!\xf9n\xe5\
\x1c4\xa7\xd5G!\x7f>\xf5\xc7\x8a\xc4G\x0dM\xc9\
\xee{\xd96US6\xc4\xaa1\xf8z\xbf\xd3\xd5\xf4\
<\xcf\xe2\xe7\xc5\x0do\xf6\x95\xf8\x99{\xe2]T\xbd\
\xbe\x97\x11\xf2\xac\xac\xc1\xca[@\x0f\xca\x83\xd5\x8fV\
=\xc9=\x06\x00u\xac\x11\xda[\x05\x8dV8\x91r\
\x07@\x05V\xd3\xec\x22\xb0\xb6\x8e\xde\x11\xb6(\xc7'\
\xd4\xf7&\xb9\xbf\x1bx\x8d\x94\x0d.\xd0\x96\x9aL\x09\
v\xf5\xc7e\x1fZ\xf8\x0a\x93\x9e*\xa6\xa7\xf5\x06\x1a\
\x85\x0c\x93\x08\xb9RVV\xff\x00\x81\xe9\xff\x00\x0eQ\
\xd5o\xaf|c\xac\xdb\xe9\x9ad\x12\xddK4\x82+\
{x\x81f\x91\xc9\xc0\xe2\xbfM\x7fc\xcf\xd9\x0a\xc7\
\xe0\x8e\x8d\x0f\x88<A\x0cw~5\xbb\x8c\x16,7\
-\x8a\x9f\xe0O\xf6\xbdO\xe0+\x8e\xfd\x88\xbfe[\
o\x85\xbe\x1f\x8f\xe27\x8d-\xd5u\xfb\x88\xbc\xdb;\
y\xd7\xfe<b#\xef\x90\x7f\x8d\x87\xe4=\xcd}=\
\xa1\xf8\xcbP\xf1U\xe7\x99\xa7X\x18\xb4\xb0p.g\
\xe3\xcc\x1e\xa0W\xd7\xe00Q\xa1\x15)\xef\xd0\xfc\x0f\
\x89s\xfa\xb9\x85IQ\xa2\xfd\xd5\xbb\xef\xe5\xe9\xf9\x9d\
\x9e)i\x06p3\xd6\xb9\x7f\x88\x1f\x13<9\xf0\xc3\
E}S\xc4Z\x9cV\x16\xea>Tc\x99$>\x8a\
\xbdI\xafsc\xf3\xf8\xc5\xc9\xf2\xc5]\x9dFk\xc9\
~/~\xd2\xde\x10\xf8H\x1e\xce{\xa1\xaak\xc4|\
\x9aU\x9bo\x90\x1f\xf6\xc8\xfb\x9f\x8f>\xd5\xf3\xcf\x8b\
\xff\x00h\xdf\x88_\x1dn\xa6\xd2\xbc\x09o'\x84\xbc\
6IYuIN.$_P\xdf\xc1\x9fA\xcf\xbd\
j|2\xfd\x9b4\xdd!\x05\xec\xc1\xaf\xae\x9c\xee\x97\
R\xbf\xf9\x8c\x8d\xdfj\x9e\xbf\xe7\x9a\xcb\x99\xbf\x84\xf5\
!\x84\x8d/{\x10\xf5\xec\xbfS\x8c\xf1g\x8e\xbe&\
\xfcw\xb9\xc8\xff\x00\x89.\x92\xc7\xf7q\x82R4\x1f\
\xcd\x8f\xe7Z\x9e\x0a\xfd\x954\xf5\x95oua6\xb3\
rN\xe3%\xd1\xd9\x16}\x87S_C\xe9\xde\x1d\xd3\
\xf4\x95\x1eT\x22G\x1cy\x92\x0c\x9f\xc0t\x15\xa2\xce\
[\xa9\xcd+#w\x89\x92\x5c\xb4\xd7*\xf29\x1d\x1b\
\xe1\xc6\x99\xa3[\xach\x91\xc5\x1a\x8f\xf5v\xe8\x11\x7f\
\xfa\xf5b\xe6+;`R\xd6\xdd\x17\xd5\xc8\xc9\xad}\
ZB\x96\xd8\x1cn85\xcc\xdcL\xc4\x95\x1c\x0a\xa5\
\xa9\xc8\xe4\xde\xe3]\xfenO5\x05\xcd\xa5\xae\xa3\x09\
\x86\xee\xda\x1b\xb8\x09\xe6)\x90:\x9f\xa84\xf5R\xdd\
\x058\xed\x84fI\x15\x07\xb9\xaa\x11\xcdx\x9f\xe0w\
\xc3?\x14\xd8I\x1c\xfe\x13\xb4\x8ai\x13k\xb2.9\
\xf5\x1c\xf1\xf8W\x99xw\xf6b\xf0\xdf\xc3\xbdN\xea\
\xefFI&\x13\xe1|\xbb\x87\x0c#\x5c\xe7\x03\x8f\xe7\
^\xd3{\xad\xdaZ@Y\xa4f=\x95GZ\xe5\xaf\
\xfcC}>\xc3\x04\x08\x11\xce\x141\xcb\x1f\xc2\x92\x82\
\xbd\xecl\xaa\xd4\xda\xec\xd0\xb2\xb9\xd4\xb4\xd8L\xb0\xdb\
\x9dC\xca\x19\x112\x96\x18\xf7\xc7j\xd1\xb4\xf8\xdf\xa7\
\xac>F\xb1\xa5I\x03)\xc0\x10\x00\xcb\xf9\x1c\x11W\
t(\xefm\xa2Y\x96\x1d\xd2\xed\xcb*\x8c\x8c\xd7\x17\
\xf1\x0b\xc3\x17s\xa3\xdfM\x03\xc7#\x92\xc4\xed\xe0\x8a\
\xa6\x94\x9e\xa2Z\x9e\xbf\xe1\xeb\xfd#\xc4\x96\xa2\xebK\
\xba\x13G\xfcI\x9f\x99\x0f\xa1\x1dEt+\x1a\xaa\x80\
\x07J\xf9C\xc0\xcf\xab[\xeb\x22m%\xa6IP\x12\
\xc63\x81\x8f|\xf5\x1e\xd5\xec\xd6>8\xd74\xf5F\
\xbd\xb6[\xc8\x8fR\xbf+\x0f\xcb\xfc+)S}\x00\
\xf4{\x89\x04Q\x92FOaY\x7f\xdbF\x12C\xa6\
G\xaa\xd6}\x97\x8b\xed5\x98\xf8I `9W\x1d\
?\x1a\xf9\xe7\xf6\x93\xfd\xa2d\xf0:6\x8d\xa1\x90\x9a\
\x8c\x8aw\xcf\xd5\xd0{\x0e\xdfS\x5c\xf5$\xa9+\xc8\
\xea\xc3a\xe7\x89\xa8\xa9\xc1jz\xa7\xc4\xcf\x8e\xde\x1b\
\xf0=\xab\xa6\xa5~\xb1\xcd\x8e-a\xf9\xe6o\xf8\x08\
\xe9\xf8\xd7\xcc\xbe,\xfd\xacu\xadjG\xb7\xf0\xd5\x84\
zl=\x05\xc4\xe3\xcd\x97\xeb\xfd\xd1\xf9\x1a\xf9\xc6\xf6\
\xef\x5c\xf1v\xa0\xf3:\xdc\xdfO+\x12H\x0c\xe4\x93\
\xef\xde\xbd+\xc1_\x09\xbcasf\xa1tK\xac?\
#\xcd\x8f\xcb\x03\xf1lW\x8dS\x13ZzRG\xdf\
\xe0\xb2\x9c\x06\x1a\xcf\x17?\xbfo\xb8\xce\xd7\xf5mc\
\xc5Ne\xd6\xb5\x9b\xddA\xdb\x9d\x92Hv\x0f\xa0\xe9\
\xf9\x01Y1\xe8\x96\xa9\xc8\x80\x13\xeaFk\xda4\xbf\
\xd9\xdb\xc5w\x8c<\xc8m\xad\xf3\xfd\xf9w\x1f\xfct\
\x1a\xea\xac\xbfeMn\xe1G\x99w\x1a\x0fX\xa0v\
\xfex\xaf>XLeWv}],\xe7\x22\xc1.\
X[\xf3>v[\x10\x9fr \xbfA\x8a_\xb2\xb7\
\xa7\xe1_Q\xdb\xfe\xc6Z\x95\xc2\xe5\xee\xaf\x88?\xdc\
\xb6\x03\xf9\x9a\x9f\xfe\x18\x8a\xe1\xfe\xfd\xce\xac\x7f\xdd\x8d\
\x05O\xf6V!\x9b>3\xcb#\xa2o\xee>S6\
E\x87*\x0dV\x9f\xc3\x91\xdd\x0c\xf9[_\xb3G\xf2\
\x91_]\xc3\xfb\x0e\x16!~\xd5\xa9\xa3\x13\xd6c\x18\
\x1f\xca\xa6o\xd8\x0e\xf4\x9d\xd0\xf8\x86D>\x8d\x0a\x9f\
\xfd\x9cR\xfe\xcb\xc4E\xe8D\xb8\xcb,\x9a\xb4\x9f\xde\
\x9f\xf9\x1f\x1bh_\x17|_\xe0\xbb\x93\x06\x9f\xe2\x0b\
\xe3k\x13\xf1\x0c\xef\xe6/\x1d\xb0\xd9\xe3\xe9_M\xfc\
\x1a\xfd\xac\xac<O<Zn\xbdk\xfd\x99\xa8\x90\x00\
\x9d\x1cyR\x1fl\x9c\x83\xed\xcdij\x1f\xf0O\x1d\
JYY\x86\xado+\x9e\xa4\xc5\xb4\xfe\x8f\x5c\xe6\xbd\
\xff\x00\x04\xea\xf1\x04\x96\xa7\xecZ\xa41\xce9\x01\xe2\
b\x87\xeb\x82H\xafV\x9414vL\xf8\x9cf+\
)\xc6\xde\xf3I\xbe\xa94}Gg\xa9\xad\xd4k*\
\xfc\xe8\xc3 \xf4\xcdR\xd6ui-b,\x914\xad\
\xd0*\xf4\x1fZ\xf2O\x82\xbf\x00\xbe%\xfc+\xbe\xdb\
\xad\xf8\x95.\xf44\x84\xa0\xb1\x1ek\xa2z\x15.\xa3\
\x18\xf6\xae\xd3R\xd6\x8cA\xd1\x11\x9a rC7\xcc\
\xe7\xdf\xd3\xe8+\xdc\xa4\xdc\xd5\xda\xb1\xf0\xb8\x88B\x95\
NZsR]\xd1\x5c\xdc_k\x17K\x19\xdd#\xb1\
\xc2\xc6\x9d\x05t\xfa\x7f\x87\xce\x9a\x81\xe5`f=q\
\xda\xa2\xf8|\xfb\x1a\xe6\xea\xe2\x01\xbaU\x01[\xfb\xa3\
\xd0V\xcd\xf5\xcbI)\xe3j\xf6\xc5nr6U2\
2\x1e2=\xebs\xc33\xcbs;G \x8eh\x80\
\xe5d@O\xe7\xd6\xb0\x99\xaa\xde\x8b~t\xfb\xf4\x90\
\xfd\xc3\xf2\xb7\xd2\x93Z\x12\xce\xdf\xfb\x0bO\xba\xe1\xed\
\xfc\xb3\xeb\x19\xc5<xsR\xd3@\x93J\xd4\x19\x93\
\xa8\x8aS\xc1\xfe\x95v\x1cH\xaa\xeaA\x04d\x11Z\
\x96O\x81\xb4\xf4\xedY\x5c\x8b\x98v\xde/\x9a\xc6Q\
\x06\xafh\xf6\xef\xdaT\x1f)\xfc?\xc2\xbaKk\xc8\
o!\x12\xc1\x22\xcb\x19\xe8\xcasIqk\x0d\xe4&\
)\xe2YP\xf6a\x9a\xe6n\xbc5s\xa4\xccn\xb4\
\x89\x99\x07V\x84\x9c\x83\xfe4\x0bFu{\xa8\xac]\
'\xc4+|D\x17)\xf6{\xa1\xc6\xd3\xd1\xbe\x9f\xe1\
Z\xf9\xa0C'l-Si\x0ej\xd4\xff\x004g\
\xda\xa81\xebP\xd9\xa4F\x5c\xc3\x15\xe5\xbc\x90\xcc\x82\
H\x9ca\x95\x87\x04W\xc7\x9f\x1b\xbe\x1ak\x7f\x0a>\
 Z\xf8\xff\x00\xc0S\x1d;_\x80\x97\x1bG\xee\xaf\
\xe2\xfe(&^\x8d\x91\xfezc\xec2\xd5\x81\xe3O\
\x0eA\xe2\x9d\x06k9B\xee\x1f<nG\xdda\xde\
\x88\xca\xcc\xea\xa57NW\xe9\xd4\x87\xe1w\xc4\x8f\x0f\
~\xd3\xbf\x08g\x9f\xec\xe1R\xf6\x07\xb0\xd5t\xb9N\
^\xd6R\xb8x\xdb\xdb\x9c\x83\xdcc\xbeE~D\xf8\
\xfb\xc1\xf7\x7f\x0e>$x\x8f\xc2\x97\xf1\xf9S\xe9\xd7\
o\x1a\xe3\xa3(?+\x0fb\xa4\x1a\xfb\x97M\xd3<\
K\xfb>|B\x9f\xc4\xfe\x0d\xb0Mj\xd7U\x02=\
[Fy\xfc\xa4\x98\x8e\x92!\xc1\xc3\x8f_s^\x19\
\xfbK\xf8?\xc4\xbf\x1d\xfe%K\xe3\x1d\x07\xc3\xe9\xa7\
\xcd=\xac)qc5\xe4bT\x91\x06\x0f,T7\
\x18\xe9\x5c\xf8\xda^\xda\x9e\x9b\x9fA\x92\xe2#\x97\xe2\
\xdc\xd3\xfd\xdb\xf3\xdb\xcb\xfa\xf2>t\xd6\x89\xd44\xd6\
F\xe6T\x19\x07\xd7\x15\xfa\xc1\xfb\x07\xfcG\x1f\x10\xff\
\x00g\x0f\x0e\xf9\xb3y\xb7\xfa8m.\xe0\x13\xc8\xf2\
\xcf\xee\xff\x00\xf1\xc2\x83\xf05\xf9m\xae\xfc<\xf1\xd7\
\x86\x91\xdbS\xf0\xa6\xa1\x04#\xac\xbeC\x14\xfc\x18d\
W\xd5\xdf\xf0K\xdf\x88M\xa4\xf8\xc3\xc4\xde\x0b\xb8C\
\x1aj1-\xf4*\x7f\x86H\xf8a\xf8\xab~\x95\xe7\
\xe5\xeatjrK\xa9\xeeq<\xe9f\x18u^\x93\
\xbb\x89\xf6\xb7\xc7\xdf\x0b\xddk\x9e\x04\x9fP\xd2\x9b\xca\
\xd74f\x1a\x85\x8c\xcb\xd5]9#\xf1\x02\xb4\xfe\x0f\
\xfcK\xb3\xf8\xab\xe0];]\xb6\xda\x92\xca\xbe]\xcc\
\x03\xac3\xaf\x0e\x87\xf1\xe4{\x11]\x95\xcc\x09uo\
,2\x00\xd1\xc8\xa5X\x1e\xe0\x8cW\xc5\x1f\x04\xfci\
\xff\x00\x0aw\xf6\x92\xf1\x1f\x81\xa7\x90\xc7\xa2k\x17$\
\xdb\xab\x1e#\x9cd\xa1\xff\x00\x81\x0c\xaf\xfd\xf3\xe9^\
\x8dz\xbfW\xad\x09\xbf\x86Z?^\x8f\xf4>?\x01\
\x85\xfe\xd1\xc1V\xa5\x1f\x8e\x97\xbe\xbd6\x92\xfc\x9a\xf4\
}\xcf\xb7h\xa6\xc6\xe2D\x0c:\x11N\xafH\xf9\xa0\
\xa2\x8a(\x00\xa2\x8a(\x00\xa2\x8a(\x00\xa2\x8a(\x00\
\xa2\x8a(\x00\xa2\x8a(\x00\xa2\x8a(\x00\xa2\x8a(\x00\
\xa2\x8a(\x00\xa2\x8a(\x00\xa2\x8a\x8ei\x92\xde\x17\x96\
F\x08\x88\x0b3\x13\xc0\x02\x80><\xff\x00\x82\x84\xfe\
\xd0\x93x\x17\xc2i\xe0m\x12\xe4\xc3\xaak\x11\x16\xbe\
\x9a3\x86\x8a\xdb\xa6\xc0{\x17\xe9\xf4\xcf\xad|\x11\xe0\
\x9d#\xec\x9ay\xbc\x91\x7f}q\xc8\xff\x00e{W\
S\xfbE|B\xff\x00\x85\xdb\xf1\xf7]\xd4\x95\xc7\xf6\
b\x5c\x1bx\x08<y\x11|\xa0\xfe8'\xf1\xac\x0d\
K\xc5\xbaN\x93\x16\xc3p\xacP`G\x10\xcf\xe1_\
\x05\x98W\x96\x22\xabQ\xd7\xfc\x8f\xe9n\x15\xcb\xa8\xe5\
\x988\xd4\xabh\xbb]\xdf\xf9\x9e\xff\x00r\xd0_\x13\
\xeb\xc9\xa1i\xec\xc0\x83;\xf0\x8a{\x9a\xfa\x07\xf6\x07\
\xfd\x98\x7f\xe17\xd6\xe3\xf8\x8d\xe2\xdbS.\x91k6\
t\xfbi\x97\x22\xeap\x7f\xd6\x10z\xa2\x9f\xcc\xfe5\
\xf3\xd7\xc0O\x86\xfa\x87\xed%\xf1\xabJ\xf0\xf8/\x1d\
\x8b\xc9\xe7\xdeH\xbc\x8b{T\xe5\xcf\xd4\xf4\x1e\xec+\
\xf6Z\xdbK\xd2\xfe\x1f\xf8E-t\xdbX\xed,4\
\xdbQ\x15\xbc\x0b\xc0P\xa3\x0a\xa3\xdc\x9f\xcc\x9a\xf52\
\xcc\x12_\xbc\x9fC\xe3\xb8\xbf\x88eU\xfdZ\x83\xb3\
\x7f\x82\xff\x007\xf9\x19z\xbcR\xf8\xd7\x5c\x93K'\
n\x8bd\xc0\xdc\x91\x90g\x93\xa8\x8f>\x83\xa9\xfa\x8a\
\xeb\xed\xed\xa3\xb5\x85\x22\x89\x04h\xa3\x01T`\x01\xe9\
Y\xfe\x19\xd2\xce\x95\xa4B\x92sq&e\x99\xbd]\
\xb9n~\xa6\xbc\xc3\xf6\x82\xf8\xf1\x0f\xc3\x0d i\xda\
F\xcb\xdf\x14_\x02\x96\xd0\x8eD?\xed\xb7\xd3\xb0\xaf\
\xa5V\x8a\xe6\x91\xf9\x22\x8c\xaa\xc9R\xa7\xfdy\x91|\
~\xfd\xa44\xef\x84\x96\xdf\xd9\x9ar.\xad\xe2\xab\x85\
\xfd\xcd\x9a\x9c\xac \xf4y\x0fa\xed\xde\xbeX\xd2\xbc\
\x0d\xaf|Y\xd7\x07\x8a<s\x7f5\xfb\xc8\xf9\x8a\x16\
\xfb\xbf\xee\xc6\xbd\x00\x1d3\xfc\xebc\xc0\xbf\x0dg\xd4\
u\x095\xef\x11\xbb\xdf\xea7o\xe6\xb9\x94\xe5\xa5c\
\xea{-{n\x93\x0cZk\xac\xc5U\xee\x00\xc2\x9c\
q\x18\xf4\x03\xb5f\x93\xa9\xab\xd8\xf5\xd7&\x12<\xb4\
\xf5\x97W\xfeF\x8f\x83~\x1c\xdah\xb6pKy\x04\
p\xc6\x80\x18l\x13\x80=\xda\xba\xc9\xee\x1aC\xd8\x01\
\xc0\x00`\x01\xe8+\x9f\x87T\x96V\xcb9$\xd5\xf8\
n\x8b\xe35v8]\xdb\xbb-Q@9\x19\xa2\x81\
l2hVx\xca8\xc85\x8by\xa2,J\xd2\x99\
UPrK\x9cb\xb45]b\xdbG\xb72\xdc8\
\x1f\xddA\xd5\x8f\xb5s\x91Y\xdf\xf8\xbaU\x9a\xe8\xb5\
\xa6\x9e\x0eV1\xd5\x87\xf9\xefM\x01\x9c\xd7w\x17\xd7\
&\xdbM\x88\xcc\xc3\x83 \x1c\x0f\xce\xb5\xac\xbc\x14\xce\
D\x97\xb3\xee~\xe1y\xfdk\xa3\xb2\xb0\x83N\x80E\
o\x12\xc6\x83\xb0\x1d~\xb5^\xf7Pe\xb8Kk|\
4\xc7\xaf\xa2\xd1p\xf4+?\x84\xb4\xb7L=\xb7\x98\
}Y\xcf\xf45\x0d\x9f\x824\xe8.D\xed\x02\xee_\
\xba\xa0\x9c\x0a\xdd\x8dYPnm\xcd\xdc\xd5k\xddM\
->ES4\xc7\xa4h2\x7f\x1aZ\x86\xa6\xd5\x95\
\xb4\x7ffd\x08\xab\x18\xec\x06\x05s>!\x92\xd6o\
2+\x89c1\x9e6\x96\x1cT2i\xfe!\xd6\x10\
\x86\x85\xe3\x80\xff\x00\x01>Z\xe3\xf9\x9a\xc2\xd4<3\
\xa8Z\xc8Y\xe6\xb7\xb4\x85z\x9d\xc3#\xf1\x1c\xfe\xb4\
+'\xab)D\xe3_B\x8bJ\xd6\x9a\xe2\xcer\x17\
\x9c\x04\xe8k\xab\xb7\x91\xa3\x81\x1ew\xc1a\x91\x95\xc5\
bj\xba\xb5\x8e~\xcbb&\xd4o\x09\xc7\x98\xbd3\
[\x1a?\x82\xf5}qbmR\xe9\xadm\x94`B\
\x87-\x8f\xe9V\xe4\xad\xa9\xab\x19{!\xd4-.\xac\
\xac\xee\xcd\xbd\xcc\xf14k4\x5c\xb2\x120\x08\xfaW\
\x1f\xe0\xbf\xd8\xa3Jk\x9f\xb7\xeb\xaf&\xb5{#o\
f\xbd\xdc\xb1\xff\x00\xdf=I\xfa\x9a\xf7\xcf\x0b\xf8f\
\xc3Fh\xd6\xd2\xddCw\x91\xb9c\xf8\xd7t\x9f*\
\x81\xde\xb9\xa5\x18\xd4i\xc9\x15\x1cUZ\x11q\xa4\xed\
s\xce\xbc9\xf0/\xc3\xbe\x1e\x80\x04\x828\x95\x07\xdc\
\xb5\x89bQ\xf9\x0c\xd2\xdbxV\x16wqj\x91E\
\x93\xb7p\xc9\xc7\xe3^\x88\xf8#\x0d\xf9W\x01\xe2\x1d\
B\xfa\xefT\x92\xc9T\xaa\x06\xda\x88\x9cn\x1e\xa6\xad\
%\xb1\xca\xaaNm\xb6\xca\xf7K\x02\x1f\xb3\xdb(\x95\
\xc9\xc6\x10q\xff\x00\xd7\xad\xcf\x0e\xf8bHXK7\
\xee\xfb\xed\x1c\x9a\xbd\xe1\xdf\x0f&\x9d\x10y>y\xdb\
\xef?\xa7\xb0\xad\xf1\x85\x18\x1d)\x91)\xf4E\x8bb\
\xa9\xf2\xe3\x1e\x84\xd5\xce\xd5\x9a\x0ejU\xb8d\xe9V\
\x9d\x8eiF\xe5\xb7\x0aT\x86\xe9U\xf0\x1f\x8d\xc5O\
\xa8\xa6\x19\xb7S7\xe0\xd1pJ\xc5mA.c\x8c\
\xb0\x1ej\x0f\xe2^\xa2\xabi\x9a\xda\xdc\xc9\xe4Lv\
\xcb\xfc'\xfb\xdf\xfdz\xd5YJ\x9c\xe6\xb0<G\xa4\
\xf9\x8ao-F\xc9S\xe6e_\xe7H\xd2=\x99>\
\xad\xe1\xd3\xa9\x86\xc5\xe4\xd0\x12:/\x22\xbc\xebS\xf8\
9}o;\xdc\xd8Mkt\xe4\xe7d\xc9\x8f\xf1\x15\
\xe9Z\x06\xac5K<\xb7\x13G\xf2\xb8\xfe\xb5\xa7\x90\
;\xd1{\x05\xdc]\x8f\x9fo\x0e\xb9\xe10V\xff\x00\
Dq\x00\xff\x00\x96\x91\x82W\xf3\x14\x96^*\xd1\xf5\
3\xb4\xcc\xd6\xb2\xff\x00v^W\xf3\x1f\xe1_@8\
Y\x14\xab\x00\xcaz\x83\xc85\xc7x\x9b\xe1G\x87\xbc\
L\x19\xe4\xb3\x16\x97'\x9f>\xdb\xe49\xfat4\xf4\
{\x9a)\xf78\xa84\xb8\xeeJ\x13/\x97\x1b\xf0\xb3\
\x01\xbe2~\xa3\xa5^\x7f\x02\xea\x05w@\xd0\xce\xbf\
\xec>?\x9ds:\xaf\xc3\x9f\x16x\x0aF\xb9\xd1\xee\
\x0e\xad`9h\x87\xdf\xc7\xba\xf7\xfc*\xd7\x85\xbe)\
\xc3,\xe2\x09\xcbX]\x8e\x1a\x19x\x04\xd2\xb4\xba;\
\x9ah\xf5Gy\xe1\x8b}B\xc9>\xcb{l\xe8\xab\
\xf7$\xea>\x99\x15\xd3\xa4x\x1cqT4\x9dz\x0d\
E\x07 >:f\xb58##\x91Y3&U\x9b\
R6-\x8b\x84>Y\xe9 \xedV#\xb9\x8au\x06\
7\x0e\x0f \x8e\xf4\xae\x8b*\x95u\x0c\xa7\x82\x0fz\
\xe7u\x1b\x0b\x9d\x09\x8d\xd5\x98i\xed:\xbc=\xd3\xdc\
S@\xb555\x1d&+\xff\x00\x9b\xeeL:8\xfe\
\xb5\x1d\xa5\xfb\xdb:\xdb^|\x8f\xd1d=\x1b\xf1\xa3\
K\xd6`\xd4\xa0\x0f\x1b\xee\x1d\xfdA\xf45n\xe6\xde\
;\xc8Lr(e\xfe_J^L6%-\x9e\x9d\
*\x84\xc3c\xb0\xaa~}\xc6\x88\xc1f&{2p\
$\x1dS\xebWet\x99\x16H\xd82\x9e\x84Rh\
\xb8\xe8\xc8\x18\xd3\x18\x06R\x0f \xf0E9\xe9\x99\xef\
Rhy\x7f\xc5\x0f\x0bjk\xa0\xdcM\xe1\xf5\x86{\
\xd8\xcf\x98\xb0\xdcg\x0e\x07U\x04t'\xb5y\x87\xc1\
\xbdsH\xf1\xa7\x88\xd3O\xbb\xb5m?Z\x8a@\x93\
YLHq\xcf$z\x8a\xfa?SP\xa8[\xf8O\
\x04W\xcb_\x1f\xbc?\xff\x00\x08\xa6\xa2\xbe/\xd2\xe4\
k\x0dN\xc5\x85\xcd\xbd\xccC\x04\x90FQ\xbdEa\
Zu)/k\x17t\xb7^^^\x7f\x99\xed`#\
G\x14\xfe\xa7QZR~\xec\x97F\xf6MuO\xef\
_\x81\xf6-\x9f\x86\xac\x06\x9e\xb6\xa6\xce\x17\x83\x92Q\
\xd0\x10I\xfa\xd7\x95x\xc7\xf6]\xd1.\xb5\x91\xe2/\
\x099\xf0\x87\x8a\x22\x04\xc3\xa8i\xdf\xbb \xfb\x81\xc1\
\x07\xb8 \xe6\xaf|\x0f\xfd\xa2\xf4O\x89~\x15\xb3\x9a\
\xe9\xbe\xc3\xab*\xec\xb9\x84\xf4\xde:\x91\xecz\xd7\xad\
\xc3\xa9\xda\xdd\xa0h'\x8eU?\xdd9\xcdvS\x9c\
*\xc5T\x86\xa9\xecx\x95\xa1\x88\xc0\xd5\x9d\x1a\x89\xa6\
\x9d\x9a<3\xc3\xdf\xb4\x1e\xbd\xf0\xdbY\xb7\xf0\xe7\xc6\
\x1b\x04\xd3\xc4\xcd\xe5\xd9\xf8\xb6\xcd\x08\xb1\xb9=\x84\xca\
?\xd59\xf5\xfb\xbfA\xcd|\xcf\xfbf\xaf\xfc#?\
\x1dm\xb5\xbd:@\x1aX\xe1\xbc\x8ah\x9b!\x8f\x04\
0#\xb5}\xe9\xe2\xcf\x0e\xe9\x9e/\xd1.\xb4\xbdZ\
\xca+\xeb\x1b\x84)$2\xa8`G\xf8\xd7\xe6'\xed\
)\xa7\x1f\x05|D\xff\x00\x84V+\xf9\xef\xb4\xcd.\
 \xb6\xa2\xe5\xb7<1\x90\x18G\x9e\xea3\xc7\xa5y\
\x19\xcb\xff\x00dw\xee\x8f\xb6\xe0\xa4\xaaf\xab\x95o\
\x19]t\xb5\x8f\xd3\xcf\x86\x1e)O\x19\xf8\x17E\xd6\
c`\xc2\xf6\xd69\x8e=J\xf2?<\xd7W^\x03\
\xfb\x12j\xaf\xa9\xfc\x04\xd1D\x8d\xb9\xad\xa5\x9a\x01\x9f\
@\xe4\x8f\xe7^\xfd^\xae\x16\xa3\xabB\x13}R>\
+3\xc3\xac&:\xb5\x05\xb4d\xd7\xdc\xc2\x8a(\xae\
\xa3\xcc\x0a(\xa2\x80\x0a(\xa2\x80\x0a(\xa2\x80\x0a(\
\xa2\x80\x0a(\xa2\x80\x0a(\xa2\x80\x0a(\xa2\x80\x0a(\
\xa2\x80\x0a(\xa2\x80\x0a\xf0\x9f\xdb;\xe2\xa8\xf8W\xf0\
+\x5c\xb9\x82o+R\xd4\x93\xfb>\xd3\x07\x0d\xb9\xc6\
\x19\x87\xd1rk\xdd\xab\xf3\x17\xfe\x0a}\xf1>M[\
\xe2\x16\x93\xe1;y\x09\xb5\xd2-\xfc\xe9\x94\x1e<\xd9\
?\xc1@\xae\x5cT\xfd\x9d&\xd6\xe7\xb3\x94a\xd6'\
\x19\x08\xcbe\xab\xf9\x7f\xc1>-\x93Sx^L1\
\xcbu9\xa8\xb4\xbd\x1fX\xf1}\xff\x00\xd94\x8b7\
\xbd\xb8\xcf\xcc\xdd#\x8f\xdd\x9b\xb7\xd3\xadu?\x0c\xbe\
\x11\xea\xff\x00\x14u\x10c\x8aX\xb4\xd5l<\xca>\
i?\xd9O\xeaz\x0a\xfb\xff\x00\xe1\x8f\xec\x98<3\
\xe14\xba\xd4cM\x0fJD\xc8\x8d\x01\x12\xcaO\xeb\
\x93\xeaq^N\x17\x04\xa5\xefOc\xef3L\xe5\xd3\
N\x9d7\xa9\xe4\x1f\xb3v\x8b{\xf0N\xd2i\xb4\xc9\
\x04~)\xbc\x88Gquj7\xc8\xa9\x9c\xec\x01\xbe\
U\x19\x039\x19\xe2\xbd\xafS\xf8\x91\xe3mN}>\
\xd6\xf3W\xba\x02\xe2`\xcc\x9eg8O\x9f8\x00\x01\
\xc8\x1d\xab\xb6\xd1,to\x08Y\xb0\xb2\xd3-\x80Q\
\xc1\x91\x01$\xfa\x9fS^w\xac\xebGT\xf8\x9bj\
\x1bh\xf2ld}\xaa\x00\x03,\x07J\xf7ZT\xe2\
\xa3\x15e\xa2>\x1e\x0f\xdb\xd5\x95I\xbb\xb4\x9b\xbf\xa2\
5\xbcO\xf1g\xc4V6\x92Ku\xae\xde4\x08\x84\
\x98\x84\xa4n=\x97\x8fZ\xc6\xf0\x17\x82\xaeoe\x1e\
'\xf1\x02\xb4\xb7\xd7\xbf5\xbc2\x1c\x95\x8f\xb1\xe7\xb5\
?B\xf0\x8f\xfc'>(3\xdd\xb0\x8fB\xd3XI\
1=%q\xd1Ezu\xc4\xff\x00l\xbb{\x8d\x82\
5?,q\x81\xc2(\xe8\x07\xe1EG\xed%\xca\xb6\
B\xa7j0\xd3v\x16\xea \x5c\xf1\xbc\xfe\x95:K\
\xcfZ\xad\xb8\xe6\x9e\x8dVb\xf55\xedf\xc5jX\
\xc8d~+\x9f\x85\xc9`\x05n\xd9\xb0\x85\x00\xcf'\
\xadK%\x9b\xa8x\x02\xb2<G\xe2H4\x18\x00\xc7\
\x9du'\x11@\xbdX\xff\x00\x85C\xadx\x8e-\x0e\
\xc7\xcc#\xcc\x9d\xfeX\xa2\x1dX\xd5O\x0c\xf8vV\
\x9c\xea\xda\xa1\xf3o\xe5\xe5U\xbaD=\x07\xbdO\xa9\
#t_\x0d\x5c_\xdc\x0dOZ>m\xc3s\x1d\xb9\
\xfb\xb1\x8e\xdcWV\x06\x06\x07\x02\x8aGp\x8aY\x8e\
\x14\x0c\x92in\x05=[Q]:\xd4\xbfY\x1b\x84\
_SP\xe8\xb6\x0d\x0cfiAk\x99y>\xa3\xda\
\xa9\xe9\xb6\xf2x\x9bXk\x8d\xa4\xda\xc0p\x99\xe8k\
\xab\x12Gd1\x16\x1e^\xee{}(zh\x0fM\
\x04[$\x8dw\x5c\xb1\x19\xe9\x1a\x9eO\xd7\xd2\x92\xde\
\xe6+97C\x12D\xa3\x92\x00\xe4\xfdOZ\xaf$\
\xa5\xb2\xce\xde\xe4\x9a\xf3\xdf\x13x\xfa{\xcb\xd3\xa3\xf8\
u\x0d\xd5\xe3\x1d\xad:\xf2\xa9\xeb\x8f\xf1\xa4\x95\xc2\xcd\
\x9d'\x8c~(\xdai\x0a\xd1#\x19\xa7<,1\xf5\
?S\xda\xb8h\xf4\xbd{\xc7W\x02K\xe9\x1a\xd2\xcc\
\x9c\xac\x09\xc7\x1e\xff\x00\xfdz\xe8|\x1f\xf0\xc4\xc5'\
\xda\xae\x8f\xda\xaf[\x99.$\xe5T\xf7\xdb\xea}\xeb\
\xd0m4\xabP~\xcd\x0by\x8e>\xf6\xc3\xd3\xeah\
\xba[\x14\x9a\x89\xccxo\xc26Z@X\xad \x0f\
7B\xf8\xc9\xae\xde\xcfD*\x84\xcb\xf7\x87;E]\
\xd3t\xe8\xb4\xe8\xc8D\x01\x8fR95x.Nz\
T[]L\xe5Q\xbd\x8a\xd6\x96\xca\x8e\x18.\xd0:\
{\xd6\x88<{\xd4j\x00\xa7U#\x16\xeeA{r\
\xb6v\xd2\xcc\xdf\xc23XZ\x0e\x9ef\x9d\xaf'\xe6\
yIa\x9e\xcbZz\xbc\x7fj0\xdb\xf6f\xcb}\
\x05X\xb4\xb71\xcb+\x11\x85\xe1Tz\x01\xfe\x7fJ\
c\xbd\x91iF8\x03\xa5;\x14\xd0q\x9e\xd4\xa1\xb1\
A\x02\xe0\x8a3I\x91KL\x03?\x9d\x19\xcd\x14b\
\x90\x06is\xc6\x0f\x22\x9bA<\xd0\x07-\x0et_\
\x11\x10\xbcA7\x04{\x1a\xea\xb3To\xf4\xf5\xbbd\
~\x8c\xbd\xea\xd88\x00R-\xb4\xf5$\xcd\x1b\xa9\xa2\
\x8ad\x0aNk\x8e\xf1\xa7\xc2\xfd\x1f\xc613\xc9\x02\
\xdb\xde\xf6\xb8\x8c`\xe7\xde\xbb\x0a)\x8d6\xb6>q\
\xbb\x83\xc4\x9f\x0b\xef\xbc\xb9\x8b\xdf\xd8)\xc8?\xc4\xa3\
\xda\xbd\x17\xc3\x7f\x14-\xb5[\x15\x96\x22%q\xc3&\
p\x7f\x1a\xee\xb5\xad\x12\xd7]\xb40\xdc&\x7f\xba\xe3\
\xaa\x9a\xf0\xef\x18|6\xbc\xf0\xcd\xf9\xbe\xd3[\xca\x93\
9\x05~\xe4\x83\xd0\x8e\xc6\x9e\x92\xdc\xde-H\xf6-\
3\xc56\x1a\x97\xca$\xf2\xa6\xef\x1b\xf5\xfc+d\xb2\
\xb2\xe0\x10x\xaf\x9f\xb4\x8dl\xeackn\xb5\xbf\x87\
\xef.pA\xf5\x1e\xd5\xe9\xbe\x13\xf11\xbb\x8e;k\
\xc7\x0br\xbc+v\x7f\xfe\xbds\xcb\x9a\x0e\xd6\xd0\xb7\
M8\xdd\x09\xe2;&\xf0\xfd\xc7\xf6\x9d\x88\xd8\x8c\x7f\
z\x83\xee\xe7\xe9\xe8kgB\xd7a\xd6-\x04\xb1\x1c\
\x11\xc3\xa1\xea\xa6\xaf\xde\xdb\xc7u\x03\xc3*\xee\x8aU\
\xc1\x15\xe5\x0d=\xcf\x82|F\xe9\xcbE\x9e\x9d\xa4O\
\xf1\xad\x17\xbc\x88Z\x9e\xb5\x22\x87R\xac\x03)\xea\x0d\
c\xcbj\xfa[\xb3\xdb\xe5\xed\x89\xcb\xc5\xfd\xdfqW\
t\xfdB-B\xd69\xa2p\xe8\xeb\xb9H\xf4\xa9X\
\xd4\x92R\x12,\xa8\x1dNA\xa6\x16\xf5\xa2X\xfc\x8d\
\xe5\x07\x07\x9cVe\x86\xaf\x1d\xf5\x9b\xce\x0e\xd2\x8e\xc8\
\xe3\xd0\x83\xfe\x18?\x8dA\xaa\xd4\xa9\x17\x89\xec\xf5\x1f\
\x11]hq\x90\xf3C\x0f\x9b'=9\x03\xfa\xd7\xce\
\xbf\xb6^\xa5\xfd\x91\xf0\xedt\xe6S\xe6\xdd^\x22\xa3\
\xfa(\xcb\x1f\xe4+\xac\xf8Mt\xf7\xbf\x1c\xfcv\xed\
&\xf3\x0d\xbcjy\xfb\xa5\xdc\xb6?\x00\x05m|s\
\xf0\x0d\xbf\xc4\xaf\x07^\xe9\xb3[\x1b\x8b\xd8\x81\x96\xd0\
\x89\x04ee\x03\x8f\x98\xf6\xf5\xaf>\xb7>'\x0bR\
4\xf7wG\xd3\xe0U,\xb34\xc3\xce\xbb\xbcW,\
\x9f\xcd&\xbe\xeb\xa3\xf3[R\xf1\xbe\xb9\xe1+x\xe7\
\xd2\xb5)\xac\x8b6XF\xddH\xef^\x8f\xf0\xab\xf6\
\xde\xf1G\x87.\xe2\x83\xc43=\xfd\x9f\x00]D1\
2zg\xa0o\xc7\xf3\xa9\xbe6|\x02\xba\xf0\x8f\xc3\
x\xaed\x22}N\xd1\x8c\xf7\x1eW*\x10\xe02\x8f\
]\xbc\x1c\xfdk\xe5\x80\xc5%\x0b\xdb5\xc3\x84\xa3W\
\x0dF1\x96\x8c\xfa\x9c\xd7\x17\x86\xccqu'I)\
A\xbb-;is\xf6\xb7\xe0\xff\x00\xc7M7\xe2V\
\x85k1\x9d\x04\xf2\xc6\x19$\x1c\x09F:\x11\xd9\xbd\
E~x\xfe\xd1\x9e$\x8f\xc6?\x1d|[}n\xca\
\xd0\x0b\xb1m\x19^AX\xd4!?\x89\x5c\xd7\xb7]\
\xdbh\xbe\x1e\xfd\x9d<-\xe3\x9d\x17P}\x1f[]\
&\xde\xdekh\xbf\xd5_I\x80\x99+\xfc.0N\
\xe1\xe9\xcd|\xaf\xa2A.\xa9\xa9\x96b^Y\xa4\xea\
y,\xc4\xf5\xac3\xaa\xfc\xd1\x86\x1dn\xf5=\x0e\x08\
\xc0F\x95LFc\xb2W\x8a\xf5\xbd\xdf\xe4\x8f\xd2\x1f\
\xd8#Z\xb5\xbc\xf8?&\x9c\xa4\xa5\xf5\x9d\xdb\x99\xa2\
c\xce\xd7\xc1W\x1e\xc7\x04~\x15\xf4\xd5|\x8d\xe0\x1b\
#\xf0?\xc4^\x00\xd4IXt\xddN\xd94\xadK\
\x07\x0a\x19\xf9G?G+\xf9\x9a\xfa\xe35\xf58h\
{:0\x87d\x8f\xc8\xf3j\x8a\xbe6\xadu\xb4\xdb\
\x7f\x88\xb4QEt\x9e@QE\x14\x00QE\x14\x00\
QE\x14\x00QE\x14\x00QE\x14\x00QE\x14\x00\
QE\x14\x00QE\x14\x00QE\x14\x01C\x5c\xd7,\
\xbc7\xa4\xddjZ\x8d\xc2Z\xd9[!\x92I\x5c\xe0\
\x00+\xf2\x97V\xf8C\xae~\xd3\xdf\xb4\x1f\x88\xb5B\
\x93\xc7\xa6_\xea\x0d\x22\xb1\x1f7\x948\x8d\x07l\xed\
\x03'\xa0\xe6\xbe\xca\xfd\xa2\xfc]7\x8c\xfci\x17\x82\
4\xf9\x18\xd9\xe9\xca\xb3_l\xfe9\xdcf8\xcf\xd1\
~o\xf8\x10\xafU\xf8E\xf0\xbfO\xf8i\xa0\xc5#\
B?\xb4\xa7Q\xbc\xe3\x94\xcf\xf0\x8f\x7fZ\xe5\xa9\x05\
VI=\x91\xee\xe1+\xbc\x05'V?\x14\xb4Fw\
\xc1\xaf\xd9\xef\xc3\xbf\x094KX\xd2\xd6\x19n\xe1\x8c\
(b\xb9X\xf1\xe9\x9e\xa7\xdf\xd6\xb6\xbe&\x89\xb5;\
\x08!\x8d[\xc8\x0f\xb8\x91\xd1\x8e8\xae\xd2\xfax\xad\
!\x92\xe2\xeeU\x8a\xd5\x17'w\x00W\x8a\xf8\xeb\xc5\
:\xaf\xc5{{\xff\x00\x0c\xf8Z\xdeU\xb6u1\xbd\
\xfcgiBx\x0c\x1b\xf8py\x07\xaf\x15\xd0\xae\xbe\
\x13\xcc\xe6\x95Y\xf3\xcd\xfc\xce\x07\xc40\xbc\x13\x94r\
W\x1d\x8f\x15\xe2\xba\x9e\xb2\xb6\xdf\x17\x9e\x00\xdc\xc9\xa7\
\xec\x04z\xee\x06\xbd\x83\xf6y\xd0a\xf1>\xaf\xaax\
g\xc7\x9a\x8c\xdf\xf0\x95\xe92\x9bw\xb7\x07o\xda\x95\
x\xf37\x92K\x13\xc7@={\xd7\x83~\xd0\x97:\
w\x81\xbfiY\x1a\xc26\x8bM\xb5h\xa2e,[\
\x8d\xa0?$\xfa\x93\xf9W\x97\x8a\xc7SxxW\xa6\
\xfe\xd2\xf9w\xbf\xa1\xf6\x19F]Rx\xda\x989\xad\
y$\xd7\x9e\x97V\xf5=\xf3\xc3\x11}\x9fK\x8e\xda\
1\xb2,\xefo\xf6\x8f\xbdmf\xa8h\x92C6\x9b\
\x04\xb00x\xdd\x03+)\xc8 \x8e*\xf5zpV\
\x8a<\x0a\x8e\xf2w\x1c\x0d8\x1cUi\xeeR\x06\x8d\
X\x8c\xbb`\x0a\x9dy8\xab3.\xda\x1d\xbc\x9e\xb5\
u\xef\x96\xda\x16\x91\xce\x11\x06I\xac\xd4|Q4\x06\
\xf9\x92&\xff\x00T\x0e\xe7\xf7\xf6\xa0D\xfe\x1f\xb2}\
cP\xfe\xd6\xbd\x5c\x80qo\x13tQ\xeb]\xd4`\
\xed\x15\x91\xa3\xdb\x86\xc6\x06\x11\x07J\xd8f\x08\xa4\x93\
\x80+6C\x16\xb0\xfcEw$\xcd\x16\x9f\x07\xfa\xd9\
\xcf8\xec\xb5\xaa\xf7q\xc1o%\xd4\xdf,1\x8c\x81\
\xfd\xea\xcc\xf0\xd0\x12=\xce\xb7|U\x0b\xe4G\xbc\xf0\
\xa3\xfc\xf1Iw\x03f\xce4\xd3\xecc\xb4\x80m\x8d\
\x07\xcc{\xb1\xeeM$\x92\xac1\xb4\x920TQ\x92\
\xccp\x00\xa1\xa7O,\xca\xcc\x12<n\xdcx\x00W\
\x95\xf8\xb7\xc4\xb7^4\xd4\xc6\x8b\xa4\xb3\x0b=\xdbd\
\x91:\xca\x7f\xc2\x80J\xe4\xbe \xf1U\xff\x00\x8e5\
3\xa2x\x7fp\xb6'l\xb7#\x8d\xc3\xeb\xd8\x7f:\
\xf4O\x07\xf8\x07N\xf0v\x99\xba\x5c\x19\x08\xcc\xb2\xb7\
W\xf6\xfa{T\xbe\x10\xf0\x9d\x8f\x814egU\x13\
\x91\x97c\xd4\x9a\x9a8\xee|Qs\xb9\xc9\x8a\xc9O\
\xfd\xf5F\xfe\x82o\xa2'[\xab\xaf\x10\xccm\xed\x01\
\xb6\xb1^\x1aA\xc1\x22\xba]>\xc6\x1d:\xdcE\x0a\
\xedQ\xd4\xf7'\xd4\xd2ZZ\xc7k\x12\xc7\x12\x84E\
\x1c\x01V\x80\xc5K}\x0c\x9b\xb8\xf1\xc5;\x22\x9bH\
N\x05\x22I\x0b\xe3\xad\x02l\x1e\x95U\xe4\xa8d\x98\
\xf68\xa0v-0\x0dr\xb2\x1e01S\x89\x97\xd4\
~u\x8b$\xa4\xf7?\x9d@\xf2c\x9e\xf4\xee>[\
\x9d\x01\x98\x0aE\x9c\x13\x8c\xd6\x1aNJ\xf5\xcdL\x97\
\x07=i\x8b\x94\xd9\xf3\x0586+(\x5c\xe3\xbdH\
\xb7\x98\xa2\xe2\xe54\xf7Q\x9a\xc9\x92\xfd\x94\xfc\xa7\x1e\
\xf5\x18\xbe\x9c\x9e\x1a\x95\xc7\xca\xcd\xad\xc2\x90\xd6X\xbb\
\x90\x8f\x9b\x9a\x9e\x1b\xcep\xdd)\xdc\x5c\xac\xb4\xf3\x08\
\xfe\xf7\x03\xd6\x9c\xac\x18d\x10G\xb51\x88\x91\x08\x04\
sYW+qd\xc5\xe3$\x0f\xccRCQ\xb9\xb4\
\x0d;\x15\x87o\xe2\x0c`N\x9cwd\xff\x00\x0a\xd8\
\xb7\xb9\x8e\xe20\xf1\xb8u=\xc5=\x84\xe2\xd6\xe3\xe8\
\xa5\xc5%2\x02\xa2\xbb\xb4\x86\xfa\xdd\xe1\x9e1$l\
0A\xa9h\xa4\x07\x8ex\xe3\xc0\x12h\xf3\x8b\xfbP\
Z%9\x12(\xe5}\x8dd\xd8\xdfy\xe8\x19N$\
_\xbc\x07\x04\x1a\xf7\x89\x11&FI\x14:0\xc1V\
\x19\x06\xbc\x9b\xe2\x07\xc3\xd9\xf4v}[F\x0c\xd0\xaf\
\xcd$+\xc9A\xed\xea*\x93\xbe\x8c\xe8\x84\xef\xa3:\
o\x0ax\xa55[qgp\xe0]\xc7\xf7X\xff\x00\
\x18\xff\x00\x1a\xa9\xf1\x03D\xfe\xd4\xd2\x8d\xc4K\x9b\x9b\
_\x9cc\xa9^\xe2\xbc\xe3L\xd4\xd7R\x1ed-\xe4\
^\xc7\xd5s\x8c\xd7o\xe1\xaf\x1c\xa6\xa1\x9b;\xef\x96\
\xe5x!\xbb\x8a\x87\x1e]Qmu3\xfe\x1ex\x8b\
\xc8\xb8\xfb\x04\xad\xfb\xb9~h\xf2~\xebw\x1f\x8dz\
9m\xc3\x8a\xf1/\x10Z\xb6\x87\xae\xca\xb0\xb6\x100\
\x92&S\xd8\xf2?.\x95\xeb\x1e\x1d\xd6\x17[\xd2!\
\xb9\x07\xe7#l\x83\xd1\x87Z$\xba\x89\xae\xa5\xc9\xd8\
\x11\x8a\xf0mw\xe2m\x8f\xc3?\x88\x17\x9a6\xb1+\
[\xd9j@M\x04\xed\xf7\x15\xc7\x07'\xb6F\xdf\xca\
\xbd\xba\xf2o/p\xcfJ\xf9c\xf6\xc9\xd3\x22{_\
\x0e\xea\xe5\x03\x04\xb90I\xee\xac+\xcc\xc7T\x9d\x0a\
\x0e\xb5=\xe3\xa9\xeed\xb8zX\xbcdp\xd5\xb6\x9d\
\xd6\x9d\xf7_\x8a2\xfe\x08x\xfa\xca\x0f\xda\x0f\xc6\x16\
\x9fiS\x1e\xae\x9ee\xb4\x9b\xb8\x91\x94\xe7\x00\xff\x00\
\xbaO\xe5_H\xeb\x12\xa1\x8dnr\x14\x7f\x11=\xab\
\xf3\x17[k\xbf\x0ek\x91\xcdkq$3\xdb8h\
'\x8d\x88e\xf4\xc1\xf6\xafC\xd2\x7fhO\x19k6\
\xdf`\xd4\xf5v\xb8\xb6#\x04,j\x85\xbe\xa4\x01\x9a\
\xf0r\xfc\xde\x098TZ\xb6\xdf\xde~\x8f\x9d\xf0\x8d\
\x5cG&+\x0b5e\x14\x9a{\xe8\xac\x9a\xf5V>\
\xaa\xf8\x89\xa3\xdbk\xba<\x8c\xc8\xb3\xdb\xca\x85\x1cu\
\x0c\xa4`\xfe\x95\xf9u\xf1\x0b\xc2\x92\xf8O\xc6z\x9e\
\x8eT\x93o;$y\xe0\xb2\x1eT\xfeX\xaf\xd4\x8f\
\x02\x86\xd6<\x01g\xe7\x12\xcd,g\x93_\x15~\xd1\
\xbam\x8d\xff\x00\xc4\xf4\x956\x19\xad-\xd6\x19\xf6\xf7\
p\xc7\x19\xfa\x03^\xf6:\xb4(\xd1\xf6\xcc\xf8\xbc\x8b\
\x07W\x1b\x8c\xfa\x9c\x17\xaf\x92[\xb3\x9f\xbf\xf1}\xfe\
\xa3\xe0\xbf\x0e\xf8vI\x18Z\xe9P\x94\x09\x9e\x0b\x12\
N\x7f\x01[\x7f\x094\xe5\xb9\xf1\xce\x97\x19\xff\x00T\
\xae$n=9\xae9UQw1\xcbv\x1f\xd6\xbd\
\x03\xe0\xed\xb4\x87\x5c]C\x07\xca\x85\xccE\xbb\x06*\
q\xfc\xab\xe2\xb0r\x96'\x19\x19O\xfa\xb1\xfbnk\
N\x9e[\x93\xd4\xa7AY%o\x9bv\xbf\xde\xcf\xb3\
\xbe N<e\xf0\xee\xee\xc58\xb8T\xf3`+\xd4\
8\x19R?\x10+\xe8\x1f\x83\xfe0\xff\x00\x84\xf3\xe1\
\x9f\x875\xc69\x9a\xea\xd1<\xec\x9e|\xd5\xf9_\xff\
\x00\x1eS_1xWP\x17\x96O\x03\x1c\xb4}3\
\xfd\xd3^\xa1\xfb \xea\x85<5\xe2\x9f\x0e\xb1 \xe8\
\xfa\xc4\xbeZ\x93\xd2)@u\x03\xdb;\xab\xf4\xc4\xcf\
\xe6J\xf4\xedM\xf9?\xcc\xf7\xfaL\xd2\xd7=\xe3=\
jO\x0c\xe9\xc9\xac\x04im-\x1c\x1b\xc4A\x92 \
<3\x81\xfe\xcf\x0c}\x81\xa7&\xa2\xae\xcf>\x10u\
$\xa1\x1d\xd9\xd0\xd1Q[\xdc\xc5w\x04s\xc3\x22\xcb\
\x0c\x8a\x1d\x1d\x0eC\x022\x085-Q\x1b\x05\x14Q\
@\x05\x14Q@\x05\x14Q@\x05\x14Q@\x05\x14Q\
@\x05\x14Q@\x05\x14Q@\x05g\xf8\x83Z\xb6\xf0\
\xe6\x87\xa8j\xb7n#\xb6\xb2\x81\xee%s\xd9UI\
?\xca\xb4+\xc4?k\xaf\x10\xbe\x9b\xf0\xach\xd0>\
\xcb\xaf\x10^\xc3\xa6\xae\x0f;\x19\xb7I\xff\x00\x8e\xab\
\x0f\xc6\x82\xe1\x1ey(\x9c\xaf\xec\xb7\xe1y|W.\
\xa5\xe3\x8dj\x067z\x8d\xdc\x97\xa3x\xe3s\x9c\xa8\
\xfa*\xe0\x0f\xa5}\x0d\xae\xea\xd6\x9a\x05\x84\xda\x85\xec\
\x8a\x90\xc2\xa4\xfc\xdd\xcf\xb7\xbdd|:\xd2m\xbc=\
\xe0\xad\x1e\xca\xd9\x81\x89`V\x1d\xb8\xc0\xaf\x9a\xff\x00\
j\x1f\x8d\xd0\xe9\x9av\xa9x\xf3\x8f\xec\xad8\x15\x89\
\x10\xff\x00\xaf\x97\xa0\xfa\xe5\xb0+/\x867gr\x84\
\xb15\xf9c\xe8\x8e3\xf6\x92\xfd\xabL25\x8cS\
m8\xccv\xa8xQ\xfd\xe7\xfe\x82\xbe\xa2\xfd\x9bm\
f\x8f\xe0\xd7\x87n\xee|\xa3q\xa8\xc0/Y\xa2\x07\
\x91'+\x93\xdc\xe3\x15\xf8\x8f\xe2o\x1a_x\x9fV\
\xd4/\xae\xe52M;\xf9\x8cs\xef\xd0{\x0c\xfe\x95\
\xfb/\xfb\x15\xf8\xc6\x1f\x1b~\xcd\x1e\x09\xbb\x89\xc3I\
ki\xf6\x19\x86~\xeb\xc4\xc5p\x7f\x00\xa7\xf1\xae,\
>'\xdbTq[\x1fC\x9be\xab\x03\x84\x84\x92\xd5\
\xbd~\xe3\x88\xfd\xa9\xbc\x0bu\xe1\xcf\x13i\xfe=\xd1\
]\xad'%c\xb8\x9a>6H\xbfq\x8f\xb1\x1c~\
\x03\xd6\xbe,\xf8\xc3\xad\xcf\xe2\x9dc\xfbN\xedX\xdf\
\xb9f\xb8s\xfcD\x9c\xe6\xbfB\xbfh\xdf\x88\xda(\
\xf8u\xe3]\x12\x19\x92\xe3U\xb1\x82\x014\x0c\xa7\x09\
\xe6\xc8\xa1H>\xa0\x1c\xfbW\xc0\xde%\xb1ym\xc5\
\xb5\xdcf)|\xb1\x22\x129*\xc3 \xd7\xc1g4\
\xea`12\xabE\xde\x95M\xd7E.\xbf\xe7\xf7\x9f\
\xa0p\x85e\x89\xa7Mb#j\x94\xb4\x8b\xea\xe2\xd6\
\x9e\xab_\xc9\x9d\xcf\xec\xc5\xf1&\xf2\xf2\xe1\xbc5|\
\xfet(\x85\xad\x9c\x9f\x99@\xea\xbe\xe2\xbe\x8cc\xb4\
\x12z\x0a\xf8[\xe1\xee\xb1/\x81<\x7f\xa5\xde3l\
\x80L\x11\xdb\xb6\xc2pk\xee\x1b\x8b\x85m>Y\xa3\
`\xc8b.\xac:\x11\x8c\x83_]\x92b~\xb1\x85\
\xb5\xef\xcb\xf9t<\x0e1\xc0,.c\xedi\xc6\xd1\
\xa8\xaf\xf3\xeasZ<\x92\xf8\x9f]\x9e\xf2L\xad\x95\
\x9b\x98\xe2@~\xf3w&\xbb\x05\xae\x7f\xc0\xd1\x08\xfc\
5h\xf8\xc3J\x0c\xa7\xdfq'\xfa\xd6\xf0<\xf5\xe6\
\xbe\x82\x0e\xf1\xb9\xf0\xf5\x12\x8c\xda\xecJ\x86\xae\xdb\x9c\
`U(\xf9aW\xad\x06e\x5c\xfdi\x993\xa6\xd3\
\xe4\xf2`U\x18\xf553\x13q \xdd\xf7GoZ\
\xabd\xbb\x97q\xe9S^\xdd.\x9fg,\xef\xd1W\
?\xe1Yu \xc0\xf1n\xaa$\x9a; \xd8\x8d~\
yq\xfa\x0a\x92\xc6\xf4\x0b\x06\xd55\x22\xb0i\xb6\xe3\
\x16\xf0\x9e\xe7\xd7\x1d\xcds\x10\xbcwS\xcf{\xa8K\
\xe5\xdaF|\xc9_\xd7\xd1G\xd6\xb8\x7f\x1c\xf8\xe2\xe3\
\xc4\x13\x04L\xc3f\x9f,0\x8e\x8a\xbe\xbfZ\xd6\xdd\
\x0b\xb7C\xa3\xf1/\x8d\xef<Or\xb6\x96\xd9Hd\
8H\x94\xf6\xf55\xea\x1f\x0e\xfc\x1do\xe1]/\xfb\
F\xf1G\x9e\xcb\xbb,9\x15\xc4|\x12\xf0\x19\xb9\x03\
U\xbdBS\xaa\x86\xfeU\xe9\x9a\x9d\xc4\x9a\xfe\xa0\x96\
\x96\xfc[Fq\xc7B}~\x95\x9e\xee\xc8Rv\xd1\
\x0cA?\x8ao\xf76R\xd1\x0f\x03\xda\xba\xebkt\
\xb6\x89c\x8dv\xaa\x8c\x00*+\x0b\x18\xecm\xd6(\
\xc7\x03\xa9\xf5\xab\xd1\xaeM'\xe4`\xd8\xe4\x5c\x0ax\
\x18\xa0\x0cR\xd4\xd8\x80\xaa\xd7WI\x00\xf9\x9b\x9fA\
\xd6\xa0\xbc\xd4B\x92\x91\xf5\xeek8F\xf7SmS\
\xb8\xf7c\xda\xa5\xb3H\xc7\xab&}M\x9d\xf0\x91\xd4\
\xb29\xfa\x1azZ\xa5\xba\xfc\xa3'\xb9\xa8\xa4\x5c\xd5\
%\xdcm\xae\x84.\xd9\xa8\x5c\xe6\xa6e\xa6\x18\xf9\xa6\
!\x8a\xd8\xa9\x15\xf1I\xe5\xe2\x8c`S\x18\xff\x000\
\xe7\xad9_5\x16\xde*D\x195,\x09T\x16\xc1\
\xa9U3DI\x9a\xb0#\xf6\xa6\x89l\x8dF:\xd3\
\xf6w\x14\xbbH\xa5\x19\xa6M\xc9#l\x0a\x97~F\
\x0f \xf6\xa8@\xe8i\xebR#+V\xb0\xf2\x94\xcf\
\x08\xf9G,\xa3\xb7\xbdg\xda^Ii(\x96\x16\xc1\
=W\xf8XWN\x07\x15\xcc\xeb\x16'K\xb9\x0e\x83\
\xfd\x12S\x81\xff\x00L\xdb\xd3\xe8j\xd7fo\x09_\
\xdd\x91\xd6Y\xdd\xad\xe4\x0b*\xe4\x06\xea\x0fcS\xe2\
\xb9\xaf\x0f\xdfl\x94\xc0\xdd\x1b\x91](9\x14\x9a\xb1\
\x84\xe3\xca\xec\x1bh\xdbN\xcd\x14\x88\x19R.\x08!\
\x86A\xea\x0d0\x8cS\xc7\x04P\x07\x8d|Q\xf8m\
.\x93;k\xda\x12\x15U;\xa6\x81\x07OR=\xbd\
\xab\x8a\x17\x03\xc4\x16iwj\xdeN\xa1\x07\x5c\x1c\x1c\
\xfa\x1a\xfaq\x95e\x8d\x91\xc0e#\x04\x1e\xf5\xe0\x7f\
\x13|\x117\x83uC\xaei(~\xc6\xe73B:\
.{\xfd?\x95h\x9fCxJ\xfa3\x9d\x9f\x5c\x1a\
\xdc\x11<\xa3e\xdc?\xbb\x95\x0f\xa7\xadu\xbf\x0d5\
\xaf\xb2j/d\xed\xfb\xbb\x8f\xbb\x9e\xcc?\xc6\xb8M\
V8\xafm\xe3\xd5\xecz\x9e&A\xfdj\xde\x95p\
\xf1\xdcA4gkd\x15>\x84t\xfdhkCf\
\xae{.\xae\xfb\x1b>\xbdk\xc0\xff\x00j\x8b\x0f\xed\
\x1f\x84\xf7\xf2\x8f\xbdg4S\x83\xff\x00\x02\x03\xfa\xd7\
\xb7\xde\xdd\x8dKI\xb7\xbd\x8b\xa4\x88\x0b\x0fC\xdcW\
\x8b~\xd2\x1a\x84\x16\x9f\x085\xf33\xaa\xf9\xb1\xa4h\
\x09\xfb\xcc\x5c`\x0f\xf3\xda\xbc\xecdS\xc3TO\xb3\
\xfc\x8f[&r\x8ec\x87q\xdf\x9e?\x9a> \xf1\
+\xfd\xb5\x03\x9e\xa0\x0a\xc7\xd1\xa6\x0by\x12\x93\x80X\
\x0c\xf4\xefZr?\x9bdr?\x86\xb9\xe4O\x98\x90\
q\x83_\x91\xe1\xaa4\xdb\xec\xcf\xea\xb5IJ\x93\xa6\
}o\xe3\xef\x8e\x16\xdf\x0c|\x0da\xe1\xdd\x1ah\xee\
\xfcD\xd6\xaa\x1d\xe3;\x92\xd4\x11\x9c\x9fV\xc1\xe0~\
~\xff\x00)\x9f\xb5k\x1a\x8b;3\xdc]L\xe5\xdd\
\xdc\xe4\x92NI&\xadX\xe9s_H\x09\x05\x99\xb9\
\xe7\xf9\x9a\xd9\xba\x82\x1f\x0f\xe9\xee\x17\xfdl\x9c\x17\xee\
\xde\xdfJ\xeb\xcc3I\xe2\xa6\xa3\xf7.\x88\xf12\x9c\
\xa3\x0d\x93\xd3p\xa5\xac\xe5\xf1I\xee\xdf\xe8\xbb#\x9f\
\xd5b\x8a\xd0\xad\xbcm\xe6:\xf3#\x8e\xe7\xd2\xbdg\
\xe0\x8e\xe7\xf8s\xe3\xb6U\x04\xe9\xedg~\x1b\xd0\x09\
v7\xe8\xe6\xbce\x98\xc8\xc5\x8fS_c|\x09\xf8\
;.\x91\xfb(\xfcE\xf1U\xfa\x94\x9fY\xd3\xe5\xfb\
4m\xda\x18\x81!\xbf\x16\x07\xf2\xafW#\xa59b\
\xe3mmv\xcf/\x8c\xb1\x14\xf0\xf9D\xa37\xac\x9c\
R\xf3wO\xf2L\xd0\xf0\xcd\xdf\xd8\xb5;\x7f\x9b\xe4\
\x90l?\x8fO\xe9^\x9d\xfb4\xdd\xb6\x9f\xf1\xaf\xc6\
\xfai8\x8e\xf6\xc2\xde\xf4\x0f\xf6\x91\xb6\x1f\xfd\x08W\
\x89h\xf7fM7O\x9b?1\x8a7\xff\x00\xc7A\
\xafN\xf8C\xad\xc5\xa7~\xd1\xfaj\xc8|\xa6\xbf\xd3\
\xa5\xb7\xf9\xba>B\xba\xe0\xfdR\xbfIZX\xfew\
\xad\x1eh\xcf\xd0\xfb\x06\x99$K4l\x8e\xa1\x91\x86\
\x0a\x91\x90E:\x96\xb6<\x03\x84\xf8u\x0c\xbe\x1a\xd4\
\xf5\xbf\x09H\xdb\xadl\x1d.\xb4\xd2NH\xb4\x97v\
#\xff\x00\x80:\xba\x8f\xf6JWw^K\xac\xea\xed\
\xa3~\xd2Z\x04\x0c\xc7\xc9\xd5\xb4Y\xad\xb6\x93\xc6\xf4\
\x7f0~\x81\xab\xd6\xab\x9e\x8bVq]\x1d\x8e\xfcd\
_4*\xbf\xb7\x14\xff\x00G\xf8\xa6\x14QEt\x1c\
\x01E\x14P\x01E\x14P\x01E\x14P\x01E\x14P\
\x01E\x14P\x01E\x14P\x01_3~\xd13\x1f\x11\
\xfcn\xf8\x7f\xe1\xe3\xf3\xc1g\x14\xda\x84\xaa?\xbc\xc4\
\x22\xe7\xf2j\xfaf\xbeJ\xf1u\xe3j?\xb5>\xab\
p\x18\xb2\xd9[\xdb\xda'\xb1\xdb\xbc\xfe\xadA\xd7\x85\
W\xa8{\x17\xc5?\x11I\xe0\xaf\x08N\xd6c`K\
F\x8a\x22:\x81\x8cW\xe5\x7f\xed#\xe2{\x8d\x7f^\
:c]\x994\xf8bB\x8a\x87\xe52\xe4\xeeo\xcf\
\x8f\xc2\xbfK\xbfh\x99\x1e_\x06\xdb\xc6\x87\x07f\xe6\
?\xf0!\xc7\xe8k\xf2\xe3\xc7^\x12\xba\x7f\x86\x1a\x17\
\x8c\x1c3\xc5{\xa9]\xd9;\x9e\xcc\x81\x18\x0f\xfcx\
\xd7\x9d\x89\x93Td}&K\x08\xcb\x11\x0b\xef\xaf\xdf\
\xaf\xf9\x1euc\xf0\xdfP\x97M\xbf\xd4%m\x91\xc2\
\xbf\xbaA\xd6OS_u\xff\x00\xc1)>+\xaa/\
\x8a>\x1e^O\x87\xdc5K\x18\xd8\xf58\x09(\x1f\
\x80C\xf8\x1a\xf9\x93\xc0z\x92\xea\x9a \x81\xc6\xef,\
lo\xa5r\xbe\x1c\xf1N\xb3\xfb>\xfc^\xd2\xfcS\
\xa4\x12$\xb3\xb8\x13\x22\xf4Yc<<g\xd8\x8c\x8a\
\xf9\x9c&!\xd2\xafyt\xfc\x8f\xd5\xf3\xbc\xa68\xac\
\xb9{/\xb4\xbf\x1d\xd7\xf9\x1f_~\xd2\xfa\xed\xf7\x87\
\xbe6x\xe7E\xb8\xe2-U\xec\xee! }\xe5U\
\x18\x1f\x99?\xf7\xcdu~?\xf8j\x9e*\xf0N\x9f\
%\x9a\x04\xd5\xedm\xd5\xa1o\xef\x80\xa3\xe4?Z\xe5\
\xbfkO\x12\xe8?\x17\xfc;\xe0\x1f\x8a\xbe\x17\xb9W\
\x8bQ\x89\xac\xaec\x07\xe7\x82T\xf9\xc4n;0%\
\x87\xb8\xc1\xae\x9f\xe1\x17\xc5\xcb\x0f\x1b\xe9V\xba}\xcc\
\x8bi\xad\xdbF#x\x1c\xe3\xcd\x03\x8d\xcb\xeb\xee+\
\xb6\x0e\x85j\xb5p8\x8d\xa5\xaa\xf3O]<\xd1\xf2\
\x95\xa9\xe2\xa9`\xf0\xd9\xb6\x11Y\xc1(\xcdvq\xf7\
u]\x9aZ\x9f2j6M/\x99\x04\xf1\xb4S!\
*\xca\xc3\x05XW\xbe|6\xf8\xb7i'\xc3\x9b\xab\
=Z\xe8E\xa8\xe9\xd0\x18\x87\x98y\x951\x85\xc7\xae\
8\x15\x99\xfbE\xf8F\xcbI\xb6O\x12E\x22\xc3,\
\xb2\xacSC\x8f\xf5\x84\xff\x00\x10\xfc\xb9\xaf\x09\xbb\xc5\
\xd4'k\x15\xc8\xe0\xa9\xaf\x91\x85Z\xfc9\x8c\x95'\
\xefA\xfe]\x1f\xa9\xf7\xbe\xc7\x0f\xc5\xd9u:\xbf\x0b\
O\xeeku\xe8\xff\x00\xc8\xfb\x13\xc0\x1e MK\xc1\
z<\x90\x1d\xc5\xa0Q\xf8\x8e?\xa5v6\xd0\xf9I\
\xf3\x12\xccz\x9a\xf9\xef\xf6`\xf1Z<3\xf8~\xf6\
P.mI\x92\xdc1\xfb\xe8z\xe3\xe8\x7f\x9d}\x18\
\x91\xb3t\x15\xfaV\x03\x13\x1cV\x1a\x15\x22\xfa\x1f\x8c\
g8\x19\xe5\xf8\xfa\xb4&\xba\xbby\xa7\xaa\x1d\x10\xe6\
\xb4,\x90\xbc\x8a\xa0r\xc7\x15V8\xb6u\xebZ\x9a\
d\x0e\xc8\xf2'\x0d\xf7T\xfag\xa9\xfc\x05w3\xc3\
f\xed\xbc{UT}\xd5\xaes\xc6\x97\xa0\x88\xadC\
\x85S\xf3\xc8}\x00\xe9Z\x83\xc4\x9a|W\xc9a,\
\x8dos'\xfa\xb5\x9d\x0ay\x9f\xee\x93\xd6\xb8\x1f\x1b\
\x5cM\xa8j\x02\xda\x0c\x96\xb8}\xb9\xff\x00dTF\
\xcd\x87+Z\xb4r\x1e\x22\xd6\x9fQS\x14\x1b\x92\xc2\
&\xf9G\xf7\xcf\xf7\x8dP\xf0\x8f\x87\xa4\xf1_\x89-\
\xac\xd0~\xef;\xe4o\xee\xa8\xab~00\xe9\xf2G\
\xa7\xdb\xfd\xc8\x97\xe7o\xef7rk\xd5~\x04\xf8a\
l4\xa9u[\x84\xdb$\xdf\xbc$\xf6Q\xf7G\xf5\
\xfc\xaa\xe4\xec\x8a\xbd\x95\xce\xfe\xe68\xf4\x1d\x1e\x1d>\
\xd5B3(\x5c\x0e\xc2\xb4\xf4-(i\xf6\xc3p\xfd\
\xebr\xde\xde\xd5GK\x84\xea\x9a\x84\x97\xd2\x0f\xdd\xa9\
\xc4`\xd7D\xabY\xed\xa1\xce\xc7(\xa9\xd1v\x8ab\
.ML\x06jHbU=F\xe3\xcb\x84\x80q\xdb\
5t\xada\xea\x13\x9b\x8b\x8d\xa9\xca\xaf\x03\xdc\xd2n\
\xc8\xa8\xab\xb2\xb2#\xcf D\xe5\x8fz\xda\xb5\xb5[\
h\x82\xaf$\xf5>\xa6\x99\xa7Y\x88Sq\xfb\xc7\xa9\
\xab\xc4R\x8a\xb0\xe7+\xe8\x8a\xae\x95]\xe2\xad\x02\x94\
\xc3\x16j\xc8\xb9\x9ca\xf6\xa6y\x5c\xd6\x8bC\xc5G\
\xe5Re&R1SZ*\xbcb\xa6\xf9Y\xa5q\
\xdc\xa8\x22\xf9i\xd1\xc7\xcdX\x956F\xc7\xda\x99l\
\x03m\x1f\x85\x0d\x82\xda\xe5\xbbxp\xbfZ\x9b\xcb\xa9\
#\x8f\x0bO\xdbL\xc9\xb2\xb9JM\x95`\xad7`\
\xab\x15\xc8BS\xc4u Zz\xadH\x5c\x8c%6\
\xea\xca+\xebi \x99wF\xe3\x04U\x90)\xc1h\
\x11\xe7\xee\x93\xe9\x17\xc6\x09I2Fw+\xff\x00}\
{\x1a\xee,n\x05\xcd\xba8\xe8Fj\x9e\xbf\xa4\x8d\
R\xd7(\x00\xb8\x8b-\x19\xf5\xf5\x1f\x8dS\xf0\xbd\xc9\
\xf2\xde\x06\xe1\x90\xe7\x07\xa8\xf5\x15[\xa3\xa6O\x9e\x17\
\xea\x8e\x86\x8a\x07JP1Rs\x08Fi3\x8aq\
5\x0c\x8d\x8a@?\xcc\xc5T\xd5l\xe2\xd5l\xa5\xb7\
\x99\x15\xd5\xd4\x8c7zd\x97\x1bMDn\xfa\xf3L\
\xb4\xba\x9f=\xeb\x9a\x0c\xbe\x0b\xd7g\x80)}>|\
\xfc\xa7\xd0\xff\x00QS\xc5`\x8a\x91\x18NT\x1c\x83\
\xed^\xa5\xe3\x8d\x055\xfd=\x99\x00\xfbB|\xc8}\
\xfd?\x1a\xf3=-\x8cj\xd10\xc3!\xc1\x07\xb1\xab\
\xbd\xd1\xd2\xb5:\xff\x00\x0c\xddf\x1b\xcd9\xcfO\xdf\
\xc4=\x8f\xde\x1f\x9f\xf3\xaf\x8f\xbfk\xcf\x89p\xea\x9a\
\xa5\xb7\x84,%\xde\xb6R\xf9\xb7dt\xdf\x8f\x95\x7f\
\x0c\xd7\xb8|Y\xf8\x94\xbf\x0b\xfc).\xb4\x8e\x05\xf8\
\x0d\x0d\xb2\x11\x9d\xee\xc0\x81\x91\xe8:\xfe\x15\xf0\x96\x99\
g{\xe2}q\xaegf\x92Id2\xcb+\x1c\x96\
brk\xe4s\xfc|p\xd4\x9d\x14\xf5{\xfa\x7f\xc1\
?S\xe0|\x95b+\xbc\xca\xb7\xc1O\xe1\xf3\x97\xfc\
\x0f\xcf\xd0\xba,\xa5\x92\xd0\x22)$\x8c\x01[\x1a\x0f\
\xc3\x87X\x85\xc5\xeb\x12\xcd\xc8N\xc2\xba\xdd'B\x8e\
\xdc\xa9e\x07\x1e\xb5\xa9\xa9_A\xa7[4\xd7\x12,\
q\xaf\xaf\x7fa_\x89\xd5\xc7\xd4o\xd9\xd1\xea~\xc7\
<L\xbe\x18\x1c\xbd\xed\xad\xae\x85d\xf2\x90\x15\x10r\
{\x9a\xf3]WU\x93U\xbai_\xe5A\xc2\xaf\xa0\
\xad\xbf\x14\xf8\x9c\xebR\x98\xe2\x05a\x07\xbfz\xe6v\
\x00A5\xee\xe0p\xee\x9cy\xea|L\xee\xa3\x07\x15\
ynzW\xec\xdf\xf0\x8d\xfe7|S\xb3\xf0\xf1\x90\
\xc1c\x0a}\xb2\xfaP>\xec\x0aF@\xff\x00h\xe4\
\x01\xf5\xaf\xd2o\x8e\xf1\xe9\xde\x11\xf8\x01\xe2;\x0bd\
\x8a\xca\xca--\xac\xad\xa0\x04\x00\x01]\xaa\xab\xeb\xc5\
|I\xf0;\xe2\x9f\x82\xfe\x1c\xf8\x87\xc3\x1e&\xcbi\
sY[\xc9i\xa8\xc1o\x92\xd3\xa9\xc9\x04\xaf\xf1\x1c\
\x9e\xfd\xc0\xad\x0f\x8c\xff\x00\x1du\xaf\xda\x22\xf2\xde{\
[I4\x7f\x08\xe9\xd71C\x1d\xbb6Z\xe2i\x1b\
\x00\xb1\xf5\xda\x09\xc7l\x1fZ\xfdK-\x9e\x1b\x09N\
0\xa6\xf9\xaaN\xdf\xd7\x92Z\x9f\x85\xf1%\x0c\xcb8\
\xc6J\xadx\xbat(\xde\xd7\xd3[\xe9\xea\xe5\xa2\xd3\
D\x89\xf48\xca\xe8\xf6\x08z\xac\x11\x8f\xfctWY\
\xacY\xddI\xe2\x8d\x12M;+\xac\xc4\x82[2\xbd\
K\xaa\x12W\xf1\x00\x8a\xb1\xa3\xf8\x5c\xb5\xad\x96T\x08\
\xc2\x82O\xb5i@\xfeW\xc6\xaf\x87\xf1\x8f\xf9k{\
\xb3\x1e\xdb\x1a\xbe\x9aq\xe7\x8d\x8f\xcf\xe3W\xd9\xd4\xe6\
Z\xda\xe7\xd3\xdf\x08~!A\xf1/\xc0\xf6:\xbcx\
\x13\xe3\xca\xb8N\xeb\x22\xf5\xae\xd6\xbe_\xf81\xa9\x1f\
\x87?\xb4g\x8e<\x0d!)a}7\xdbl\xd3?\
*\xef\x1ef\x00\xff\x00\x81\x11\xf8W\xd4\x158z\xae\
\xad;\xbd\xd6\x8f\xd5\x1e~e\x85\x8e\x17\x10\xe3\x0f\x86\
IJ>\x92W_\xe4|\xe5\xfbCk\x8b\xe1\xcf\x8e\
?\x07\xe7\x1f#\xdc_\xbc\x0c\xff\x00\xec\x9c)\x1f\xf8\
\xfd}\x18\x0e@5\xf0'\xed\x8f\xf13\xfbG\xf6\x96\
\xf0F\x87l\xc0G\xa0K\x14\x920\xe72\xc8\xca\xc4\
~\x0a\xab\xfa\xd7\xdf0\x9d\xd1!\xf5\x15\xcb\x85\xaa\xaa\
W\xac\x97F\xbf#\xd6\xcd\xb0\x92\xc3`03\x9a\xb3\
\x94e\xf7s6\xbf\x06>\x8a(\xafL\xf9P\xa2\x8a\
(\x00\xa2\x8a(\x00\xa2\x8a(\x00\xa2\x8a(\x00\xa2\x8a\
(\x013\xcd-5y,}\xe9\x1adF\x0a\xcc\x01\
=\x89\xe6\x80\x1f_\x1c\x90_\xe3_\x8a\xef\x1b9\xfe\
\xd5d\xcf\xb2\xaa\xa8\xaf\xb1\xab\xe4=n\xc5\xec\xfe$\
\xf8\xe22\x08\x92+\xe1p=p\xe3w\xf4\xa4\xf4M\
\x9d\xd8Gj\x87\xaa\xfch\x85f\xf8w4\xe7\x97\x8d\
\x90g\xd8\x9f\xfe\xbd|\x8b\xe0/\x87)\xf1k\xf6(\
\xf1\x8e\x81i\x10\x97[\xf0\xde\xb9qy\x0a\x01\x968\
U8\x1fP\x1f\xf2\xaf\xb1\xbcZ\x8b\xae\xfc+\xbb+\
\xf3\xee\xb7IG\xd4c5\xf3\xbf\xecI\xa9\x8f\x0c\xfc\
k\xf8\x8b\xe0\xcb\x82\x04\x1a\x8cK\xa8E\x1btf\x07\
\x91\x8f\xa4\x87\xf2\xaey\xc1M8=\x99\xddF\xa4\xb0\
\xf7\xa9\x0d\xe0\xd3\xfb\x8f\xcf_\x07\xf8\x85\xfc5\xab\xb4\
S\xe5m\xe4;$\x07\xf8Nx?\x85n|b\xd4\
 m'O\x8dU^Yd\xde\xb2u\x1b\x00\xe7\x9f\
\xa9\x1f\x95{\x17\xed\xd7\xfb9\xc9\xf0\x87\xe2\x1c\xba\xde\
\x9bl\xc3\xc3Z\xcc\x8d4.\x83\xe5\x86S\xcbF\x7f\
\x98\xf6\xaf\x97\xb5\x9dF{\xdd.\x0bi\x8e\xf5\xb7b\
cc\xd8\x1e\xa2\xbe2\xad\x09R\xad\xafC\xf7,\x0e\
i\x0cV\x01\xc6/I+\xaf\xd5\x1d\x07\xc3\xad_S\
I\x13I\x86\xe6S\xa6\x5c\xdc$\x8fk\xbb\xe4\xf3>\
\xe8`;\x1c1\x19\xafj\xd7<?y\xe1\x8b\xc7\xb1\
\xd5-g\xb4\xbe\x85\xb3\x14\xf1\x827\xfa2\x91\xeb^\
#\xf0\xc2a\x1e\xb9b\x1c\x80\x8d(\x19=\x8fj\xfd\
I\xb1\xd3m\xf5}\x12\xc6[\x8bx\xae\x08\x8cs\x22\
\x06\xc1\xc0=\xebyep\xcc\xa0\x9f7,\xa3\xd4\xf0\
\xeag\xb52J\xb6\xe4\xe6\x84\xfam\xaf\xf5\xb9\xe1:\
\xaf\x825\xbf\x88\x7f\x04t\xdbK\xbf=u\xd8I\x96\
\x15\xbbp^u\x1c\x8f\xd0\x8e\xbe\x95\xf3\x84\x8b\x7f\xe1\
\xdb\xe9,u\x1bymeF*\xd1\xcc\xa4\x10E}\
y\xf1\xaf\xc6r\xfc6\xbf\xf0\x8e\xb0\xf1\x9f\xec\xb5\xbd\
h.\xb6.p\x8c\x9d\x87\xd01\xfc+\xe7\x7f\x8b\xdf\
\x15`\xf8\x95\xa8C\x05\xb5\x8aC\x04\x12\xb3-\xc19\
w\x07\xa0\xfaV\x19\xc6\x1b\x0c\xe9\xb59\xfb\xf0I\x7f\
\x8bM\xcfO\x85q\xb8\xe9M(QN\x85W)6\
\xb4\xe4wzy\xf4\xd3\xcc\xe6\xec\xf5Y\xf4\xbb\xc85\
\x0b\x0b\x86\xb7\xbb\x85\xb7G,g\x90k\xda\xbc1\xfb\
]K\xa7\xdb$\x1a\xe6\x90\xd7\x12\xa0\xc1\x9a\xd9\xc0\x0f\
\xf8\x1e\x9f\x9dx*\xe9\xb71\xc7\xba$f\x5c\xe0\x81\
[\x9a?\x80\xae\xf5;\xa8\xbe\xd1\x19X3\x96\xaf\x8e\
\xc3fs\xcb\x13p\xa9e\xfdt>\xf32\xcar\xfc\
\xca+\xeb\x90N\xdb=\x9f\xde\x8f\xa4t?\xda\xe3\xc2\
:\x8b\x84\xbf\xb5\xbf\xd2\x818\xf3d\x8cH\x9f\x9a\x9c\
\xfe\x95\xf4g\x845]?^\xd0mo\xf4\xcb\xb8\xaf\
l\xe6]\xcb4-\x90\x7f\xfa\xfe\xd5\xf15\xd7\x814\
\xe6\xb0hV\xddT\x05\xc08\xad\xef\xd9o\xe2\xdf\xfc\
+\xff\x00\x17\xdcx7W}\x9ae\xf4\xd8\xb7\x99\xdb\
\x02\x19{g=\x8fO\xca\xbe\x97$\xe2\x9f\xed\x1a\xae\
\x8dm<\xcf\xcb\xb3\xbe\x13\xc3G\x0b<NX\xa5x\
j\xe2\xdd\xee\xba\xb5\xd6\xeb\xd5\x9fQ|Z\xd2\xa0\xd6\
<\x1b}\x14\x87\xca\xb8E2[N\x0e\x1a\x19Te\
X\x1e\xd8\xaf=\xf8K\xe3\x14\xf1\x9f\x81-u\xbb\xb2\
\xaf\x7fn\xad\x14\xec;\xb0\xef\xf8\x8a\xf1\xbf\xda\x03\xf6\
\x95\xd75\x1dkZ\xf0\xbe\x9f\x05\xbd\x8d\x8c2=\xb1\
\xb9\x8d\x8b\xc9\x22\xf4$\x1e\x835g\xf6t\xbb\x9e\xdb\
\xe1\x9e\xb7\xce#\x92\xe5QG\xbe\x0ek\xeah\xe3\xe1\
[\x1d\xec\xa9mg\x7fT|\xee#\x22\xaf\x83\xc9>\
\xb5\x8a\xb2nQq[\xe8\xd6\xbf~\x8e\xdeG{g\
g'\x8a<DCd\xa3>\x5c\xfbf\xbe\x99\x8a\xc4\
\xe9\xba-\x8e\x97\x08\xdb,\xc0o\x03\xb0\xef\xfd\x05y\
\x0f\xc1\x9f\x0f\xfd\xabR\x81\xdds\xbd\xbc\xd6'\xfb\xab\
\xd3\xf5\xaft\xb5\x8b\xcf\xd4'\xbaa\xc0\xfd\xda{\x01\
\xd7\xf5\xafu\xea\xcf\x86\x97b\xfd\x9d\xb2[@\x91\xa0\
\xc2\xa8\xc0\xabj)\x888\xa9Ur@\xa8g;%\
\x8d~Zu\x14PA[Q\xb8\xfb=\xb9\xc7\xdfn\
\x05R\xd3\xec\x0eC\xb8\xe7\xde\xa7\x9d>\xd5x\x07T\
\x8f\xaf\xd6\xaf(\xda*mv]\xf9U\x85\x03h\x00\
R\x81\x9aJr\x8a\xbb\x10&\xda6\xe4\xf4\xa7S\x80\
\xc5\x08C6qQ2b\xac\xd3YA\xa1\xa0\xb9T\
\xa5*E\x92*o(\xd5\xa5\xb5\xf2\xe2\xdc\xc7\x00\x0c\
\xd4X\xa7#\x13V\x9dmb\xe7\x9c\xf6\xac\x8d\x06\xed\
\xa4\xd4\xde9\x0f2\x8c\x81\xe8G\x22\x96\xf2\xe4\xdf\xb9\
v\xfb\x8a8\x15\xcaj\xfe!m\x07S\xb1d\x07y\
\x91d?\xee\x03\xcf\xe7\xcdrN\xa5\x9f7C\xd5\xa3\
C\x9a.\x0bvz\xccK\xb9E\x0c\xbbI\x15$[\
YU\x90\xe5\x18\x06R;\x83O\x92<\xae{\x8a\xed\
G\x8cV\xa2\x8a*\x86\x14\xabIJ)\x00\xe0qN\
\xa6R\xf4\xa2\xc0W\xbev\x8a!\x22\xff\x00\x09\xe4V\
=\xd8[-J\x0b\xd8\xc6\x22\x9f\xefc\xd7\xbdo\xc8\
\x82X\xd9OF\x18\xacKX\xbe\xd7ksd\xff\x00\
\xeb#9SL\xda\x0c\xdc\x8d\xb2\x075 \x15\x9d\xa4\
Ne\xb5\x0a\xdf}>S\x9a\xd0\x06\xa4\xc9\xab;\x08\
\xdcUK\x87\xc0\xab27\x15\x9fv\xf8\x06\x81\xa4P\
\xb8\x9b\x06\xa9\xb5\xd7\xbd%\xdc\x9dk.I\xf0j\xec\
t$h\x1b\xaeH'\x22\xbc\xe7\xe2\x04P\xf8i\xe6\
\xd6\x9c\xec\xb2\xdaZs\xfd\xdc\x0c\xe6\xbb\x17\x9f\xbek\
\xcd\xbfi\x19n\xa4\xf83\xaf\xad\xa4m#\x94M\xfb\
FHM\xc3'\xf2\xaelD\xdd\x1a3\xa8\x95\xec\x9b\
;\xb0T\x16#\x13J\x8bv\xe6\x92W\xf5g\xc8\x9e\
=\xd6uO\x8c\xfa\xf8\xbf\xb9sm\xa3[\xb9Kh\
\x07@\xbd\xcf\xd4\xfa\xd5\xad/C\xb4\xd2bU\x820\
1\xfcG\xadE\xa0^Z\xc9\xa3\xd9\xa42\xa1)\x18\
\x0c\xa0\xf2\x0f|\x8a\xbb=\xc4p\xa6\xe7\x91Pz\xb1\
\xc5\x7f7f8\xecN6\xbc\x9dV\xf7?\xa6\xa8\xd2\
\x86\x1a\x94p\xd4W,#\xa2E]sY:5\x93\
L\xa9\xe6?@\xbd\xab\xcd\xee&\xd5<StK\x87\
\x93\x9cg\xa2\xa8\xf6\xae\xabV\xf1F\x9e\xa4\xc6\xcee\
\x1d\xf6.E7J\xd7\xf4\xa3\x16\xd4\x99c\xc7\xf0\xc9\
\xf2\x9a\xd3\x0d\x19\xe1\xe9\xf3\xaaw\x97s\xd1\xa4\x9d8\
\xdf\x97R\x95\x87\x82\xad\xa1\x80\x9b\xaf\xde9\x1d\x8e\x00\
\xac\x1b\xff\x00\x0f\xc1\xa7\xc94\x85\xcbF\x0f\xca\x0fa\
]6\xb3\xe3M>\xd62\x90\xb9\xb9\x9b\xfb\xa9\xd0}\
Mp\x9a\x86\xabs\xab\xcf\xf3\xf4'\xe5\x8dzW\xa5\
\x84X\x9a\x8d\xcam\xa4\xff\x00\xad\x0e\x9a^\xd2Z\xcb\
b[\x08M\xed\xdc6\xd6\xd0\x89.&\x90\x22g\xd4\
\x9c\x0a\xfa\xd3\xc6\xdf\x0e\xe2\xf8r\xff\x00\x0d\xbe\x1d\xc4\
\xc9.\xa8\xee\xfa\xce\xad\x22s\x996\xedA\xf4\x5c0\
\xaf,\xf0\x9f\xc2g\xf0\xdf\x80\xa5\xf1\x1e\xaa\x9bo\xee\
@0D\xdf\xf2\xca?S\xee\x7fA\xf5\xaf`\xd0\xb5\
f\xf8\x95\xf1k\xc4\xde4\x7f\x9e\xce-\xba}\x89=\
6(\x03#\xea\x17?\xf0*\xfdc&\xc0:0\xf6\
\xd5\x17\xbc\xf6\xf2_\xf0O\xc5x\xb7;X\xca\xdfV\
\xc3\xbb\xd3\x85\xdb}\xe5\xb2\xf9+\xfd\xe7y\x1ck\x12\
*(\xc2\xa8\x00V\x0e\x83\x17\xf6\xa7\xed%\xf0\xfe\xcd\
9\xfb?\x9dx\xe3\xd0,g\x1f\xa9\xad\x8bK\xb1s\
5\xcac\x06\x17\xd9\xfa\x03\xfdj\x0f\xd9\xd6\xdc\xf8\x8b\
\xf6\x90\xf1\x0e\xab\xb7t\x1a>\x96 \x0c{<\x8d\xfe\
\x02\xbe\xb1\x1f\x96m\x197\xd8\x83\xe3\xe6\xb4\x9e\x0e\xfd\
\xaf|\x1d\xa9B\xde[Og\x02\xce{c\xcd\x91r\
\x7f\x0f\xe5_c\x86\x0c\xa0\x83\x90y\x04w\xaf\xcd?\
\xda\x8b\xe2\x14\x1e-\xfd\xa3\xbc\xdb\x09\x96X4\xb6\x8a\
\xc5$N\x8c\xea\xc5\x9f\xf2f#\xf0\xaf\xd1\x8f\x0e\xdd\
\x89\xbc5\xa6\x5c\x13\x90\xd6\x91\xb9?\xf0\x01^6_\
YT\xab^+e#\xe8x\x87\x07,>\x0f\x019\
\xfcN\x16\x7f\x9a\xfc\x19\xf9s\xf1\xde\xd2\xf2?\xda\xdf\
TK\xa5a+\xeb1\xb2g\xba\x12\xbbq\xf8b\xbf\
U\xe0]\xb0\xa0\xf4Q_\x04|D\xf0\xb4\x1f\x12?\
n\xdf\x0dip0\x7f&4\xbb\xbe*>\xe8\x8c\xbc\
\x9b[\xdc\xa8Q\xff\x00\x02\x15\xf7\xddN[E\xd3\xa9\
]\xf4r\xfe\xbf3n'\xc6\xacV\x1b/\x85\xac\xe3\
M6\xbdt_\x95\xc2\x8a(\xaft\xf8\x10\xa2\x8a(\
\x00\xa2\x8a(\x00\xa2\x8a(\x00\xa2\x8a(\x00\xa2\x8a(\
\x03+_\xd6\xe1\xf0\xe6\x87q\x7f;\x00\xb1!nO\
S\xd8W\x9a|3\xd7u?\x88\x1a\xdd\xcd\xfb\xb9[\
\x08\x1b\x0c\xdd\x89\xec\xa2\xb9\x7f\xda\xd7\xc6\xe7H\xd1\xec\
th%\xdb%\xc3nt^\xb8\xe8+\xd6>\x13x\
c\xfe\x11/\x87\xfa5\x83&\xcb\x83\x02\xcd>G>\
c\x0c\xb6~\x99\xc7\xe1\x5c\xca\xa3\x95W\x05\xd3s\xd4\
xeK\x06\xb1\x13\xden\xcb\xd1n\xce\xbcq_-\
\xfcU\x90i?\xb4\x1d\xe5\xac\xbf,:\xb6\x93\x14\xeb\
\xe8\xc5X\xa1\xfcq\x8f\xce\xbe\xa5\xaf\x99\xbfl--\
\xf4}W\xc0\xbe1\x8cm\x8a\xd6\xf1\xf4\xcb\xa7\x1d\xa3\
\x9c|\xa4\xfb\x07Q\xf9\xd6\xf2\xd8\xe5\xc3\x7f\x11.\xe7\
i\xf0\xbe\xfd5\xdf\x0a\x5c\xe8\xf7\x04y\xb1\x07\xb7`\
}9\xaf\x97\xbcM4\xbf\x02\xbfh\x1f\x09\xf8\xe2D\
1\xe9\xe2\xe7\xfb3Sa\xc0\x11I\x95\x0e~\x99?\
\xa5z\x9f\x81\xbchto\x12$\xe3>\x5c\xd8\x12/\
\xa9\xab\xbf\x1d|-\xa6\xfcL\xd0\xaf\xed\x5c\x01\x15\xea\
\xb6\xc6\xc7 \x90\x08?Pp~\xb5\x9c}\xe4z\xd3\
\x83\x84\x9c\xdf\xc3%\xa9\xee\x9f\x14\xbe\x19\xe8_\x19<\
\x0d{\xe1\xddj\x15\xb8\xb1\xbc\x8f1\xca\xbc\xb4m\xfc\
.\xa7\xd4W\xe3\xdf\xed\x03\xfb6x\xa3\xe07\x89\xe6\
\xb2\xd5m\x1e}-\xdc\x9bMJ5&)\x93\xb7=\
\x8f\xa85\xfag\xfb\x1e\xfcX\x9b\xc5\xbe\x09o\x07k\
\xd2\xed\xf1w\x85@\xb2\xb8W\xebqn\xbcE2\xfa\
\x82\xb8\x07\xe8\x0fz\xf6\xdf\x12\xf8WH\xf1\x8e\x936\
\x99\xad\xe9\xd6\xda\xa5\x84\xc3\x0f\x05\xcca\xd4\xfe}>\
\xb5\xcf\x89\xc2\xc7\x10\xaf\xb3+.\xcd*\xe5U\x1c\x1e\
\xb0}?T~\x10xz\x04\xb3x\xaeT\xa9X\xe5\
Vh\xfa0\xff\x00\xebW\xea\x0f\xc1}r/\x12\xf8\
*\xcee;\x81\x89s\x9fa\x8f\xf0\xae\x1b\xe3\xb7\xfc\
\x13\x86\xc6w\x9f[\xf8iw\xf6\x09UZI4K\
\xc7,\x8eG8\x89\xfa\xae}\x1b#\xdcV_\xec\xc2\
5\xdf\x01\xear\xf8?\xc5V\xefc\xa8\x18\xc4\xd1C\
)\xf9\x82\x9f\xa7\x1e\x9f\x95ra)O\x0f7\x09\xad\
\xcf\xa1\xcc\xf1\x943,2\xabFZ\xc7\xa7S\xbc\xfd\
\xa1~\x1aI\xf1\x03\xe1\x86\xa9cg\x1f\x99\xa8A\x8b\
\xabe\xfe\xf3\xa7;G\xb9\x1b\x87\xe3_\x9f\x16\xc5\xa0\
\x90\xac\x81\x92X\xce\x19\x18`\xa9\x15\xfa\xc0\xf1\xed\xaf\
\x96\xff\x00i\xff\x00\x80\x90\xea2\xaf\x88\xfc9h\xa9\
\xa9J\xc7\xedV\xd1.<\xee\xfb\x80\xfe\xf7\xaf\xadp\
\xe7\x19|\xb11\xf6\xd4\xb5\x92Z\xae\xe8\xf7x?\x88\
\xa9\xe5\xd2x,S\xb4$\xee\x9fg\xe7\xe4\xff\x00\x03\
\xc7\xfc+\x0c7\x96qL\xa0\x10G\xeb^\x83a \
uU \x06\xe9\x90:\xd7\x87xO\xc4\xb2xb\xf2\
KK\xc5h\xe2\xdf\xb5\xd2@A\x8d\xbf\xa5{.\x89\
z\x93\xb4r!\x05X\x023_\x80\xe6\x98z\x94\xa6\
\xf9\xb6\xe8~\xc5\x8a\x83Z\xf4\xe8o\xddB>\xca\xc7\
\x1c\x81_>|C\xcd\xaf\x8a\x8c\x91\x92\x8e0\xc0\x8e\
\xa0\xfa\xd7\xd0\x973\xabD\xc0rOj\xf9\xd7\xe2$\
\x8d'\x8b\xae\x90\x82Bp\xb4p\xff\x007\xd6\x1f\xa0\
e\xda\xceW\xecc\xc8\xb3\xeaW\x1ecn\x9aiO\
,y$\x9a\xfb\x1b\xe1\xa7\x80\x1f\xc2\x9f\x0d\xf4m6\
`\xc2\xf6\xf9\xcd\xdc\xca\x7f\x85OA\x5c\xef\xc0\xbf\x82\
V\xb6\x1a^\x9f\xe2\x0dz\x15/\x22\xf9\xb0[\xc8:\
/\xf7\x88\xf4\xafl\xd3\xf7j\x97r_8\xc2\xbf\xcb\
\x12\xff\x00u\x07J\xfd\xff\x00(\xcb\xe5C\xf7\xf5>\
&\x8f\xc7x\xb3\x88!\x8e\xb6\x07\x0f\xf0A\xea\xfb\xb5\
\xa2K\xc9\x1d\xe7\xc2\xdd-m#\xba\x94\x006\xa0A\
\xfe\x7f\x0a\xee\xad@U\x00\x0e\x05r\xfe\x10\x06\xce\xc2\
L\xf0$<}\x05t\x96\xf2t\xaf\xa4ks\xf3K\
u4\xa3\xe6\xacF9&\xaa\xc4\xd9\xc5\x5c\x8cp)\
\x1c\xd2\x1c\x06i\xb26\xd4c\x8e{T\x94\xc7\x19 \
R\xb9\x0br+H6\x82O$\xf2MNW\x06\xac\
G\x16\xc4\xfeu\x0b\x1c\xb1\xa0/q\x9bi\xd4QL\
\x05\x02\x9dM\xe8(\xc9\xa0\x07Rt\xa4\xc9\xa5\x074\
\x08r\xf2\xc2\x8f\x10\xdc\xfd\x97H\x9d\xf3\x82Wh\xfa\
\x9e?\xad,|\xb5P\xf1\x84\xc1m\xeda$\x00\xcd\
\xb9\xbe\x80\x7f\x8e+9i\x16\xcb\xa6\xb9\xaaE\x1c\xcc\
\xa1\x968\xe1Q\x99%`\xa1Grk7\xe3\x06\x82\
\x96:n\x91r\x8a\x09\x84\x98\x9d\x80\xeb\x9e\x7f\xa3~\
u\xbd\xe1\x08\x0e\xaf\xae\xc9v\xc36\xf6\xa3\x09\x9e\xec\
{\xd6\x9f\xc4\xfd<_\xf8:\xf3\xe5\xcbE\x89G\xe0\
y\xfd3\x5c\xee\x1c\xd4\xa4\xcfN5\xbd\x9e&\x11\xfb\
\xfee\xcf\x07\xce/\xbc/`\xc0\xe5\x920\x9f\x97\x1f\
\xe1Z\xb8\xae#\xe0\xd5\xeb\x5c\xe8WQ\xb9'\xca\x9f\
\x0b\x9e\xc3h\xff\x00\x0a\xee<\xc5i\xa4A\xd5q\x9f\
\xc6\xb5\xa2\xf9\xa9\xc5\x9e~*\x1e\xce\xbc\xe3\xe6S\x95\
6>;Sj\xc5\xca\xf1\x9a\xaf[\x98 \xa7c\x8a\
m:\x81\x85\x14\xb4\x94\x00\xf1\xc0\xac9\x9b\xec~ \
\x8d\xba,\xc3\x06\xb6\xb3\xefX\x9e$\x1b\x05\xbc\xc3\x82\
\x8f\x8a\x11\xa5=\xech\xf9>E\xd9\x91xIxa\
\xe8j\xd1~*\xa2\xdc\x0b\x98\x09\x15!|\xc4\x1b\xbf\
zLV}G;\xe75B\xec\xf5\xa7\xbc\xd85^\
v\xdc3M#E\x1b\x18\xd7\xa7\x19\xaci\xdf\x04\xd6\
\xc5\xf0\xeak\x0e\xe7\x82j\xd2:\x22\x88\x8c\xb9\x18\xa7\
)I\xe3h\xa5E\x92'\x05Y\x1cd\x11\xe8EU\
f\xc1\xa5\x8eL5&\x8ak\xb1\xe5?\x10?gO\
\x07\xdc1\xd4\xac\xb4\xe6\xd3\xdd\xce%\x16\xb2\x15PO\
}\xbd\x05p\xb7?\xb3\x0e\x998\x8aE\xd5\xa6\x11H\
3\x8f,\x16\x1f\x8ek\xe9\xb9\xe3[\xbbG\x89\xc6Q\
\xc6\x08\xae%7\xd9\xbc\xd6ru\x8d\xb2\xb5\xe3U\xca\
05\xa5\xcd:J\xfeZ~G\xb9C\x883L<\
y!^V\xf3\xd7\xf3\xb9\xe4\xb6\xbf\xb2\x17\x87/ \
\xdc\xfa\xbd\xf8oUT\xff\x00\x0a\xc7\xd6\x7fb{y\
2t\xbf\x110?\xdd\xba\x83\xfa\xa9\xaf\xa2ty\xc1\
\x82A\x9eA\xcd[k\xbd\x8dY\xbc\xa3\x04\xf4T\xed\
\xf3\x7f\xe6vS\xe2\x9c\xe2\x9b\xba\xae\xdf\xaaO\xf4>\
3\xbe\xfd\x8d\xfcUmpV+\xfb\x0b\x88\xf3\xf7\x83\
\xb2\x9f\xc8\x8a\xee\xfc\x05\xfb.\xd9xF\xea\x1b\xedv\
\xe2=B\xedp\xc9o\x1f(\xa7\xd4\x93\xd7\xe9^\xfb\
s|I'<\x93\x5c\x1f\xc4\xcf\x88\x10\xf83Ji\
\xf6\x8b\xadN\xe3\xf7Vv\x80\xf3,\x9d\xbf\x01\xd4\x9a\
T\xb2|%)\xa9\xa8\xdf\xd4\xe8\xc4\xf1no\x8c\xa4\
\xe8J\xa5\x93\xde\xca\xcf\xef<\xbf\xe3\x87\x8c\x0d\xd6\xb5\
\x1f\x85,\x98\x17x\xc0\x98\x8e\x91\x06\x18\x1f\x8e\x0e\x7f\
\x0a\xf4\xaf\x03\xf8z/\x0b\xf8b\xc6\xc2%\xc6\x13{\
\x9e\xe4\x9ey\xff\x00=\xab\xc1\xfe\x19\xf8n\xe3\xc4\xdf\
\x12'{\xd9\x0d\xdc\x96\x92\x1b\x8dF\xe0\xf4y\xcf%\
\x07\xb2\xf01\xdb\x15\xf4\xb1\xaf^:\xc9\xb3\xe6\xf1\x16\
\xa7\x08\xd3^\xac\xe4\xac\xb5\xc4\x82\xe3\xc5\x0eX(\xb6\
\x99O\xe1\xb0\x0c\xfe\x86\xa7\xf8(\xf7^\x1c\xfd\x9d\xfe\
\x22\xf8\xf1dkk\xddby<\x89\x81\xc3\x08\xd7\xe5\
\x5c\x1f\xc6\xbc\x1b\xe2\xcf\x8en<5\xe2]~\xce\xdf\
/\x16\xa1\x88dU<\x83\xd9\x87\xe6k\xda\xbe;x\
\x9e\xc7\xc1\xff\x00\xb2\xdf\x82\xfc-\xa7\xfe\xea]B\x04\
\x95\xe3\x07\x0c\x14rI\x03\xd4\x9f\xd2\xb8*b\xa3\x1a\
5\x1d\xf5\x8d\xff\x00\xe0\x1e\xcd,\xae\xac\xf18h[\
\xdd\xaa\xe3\xf7%w\xf9\x1f h\xd1\xb6\xa3\xe3]\x15\
\x1eB\x0c\xf7\xa8]\xf3\xcf,2k\xf4\x0f\xe3\xd7\xed\
_\xa3| \xf0\xdcZF\x8a\xd1j\x9a\xd8\xb5H\xad\
\xe0V\xca!\xda\x06\xf7\xc7@=;\xfe\xb5\xf9\xe3-\
\xa4\xd1\xdb-\xfc;\x94\xc2\xe3.\xbc\x15\xf4?\x9de\
\xdf\x5cKup\xf3\xcf+O+\x1c\xb3\xbbd\x93\xf5\
\xaf\x86\xc3f\x13\xc1\xc2p\xa6\xbd\xe9u\xec~\xd9\x99\
\xf0\xf6\x1f;\xafB\xae\x22^\xe5;\xfb\xab\xab\xd3w\
\xd8\xfbG\xfe\x09\xebg}\xe3\x0f\x89^8\xf1\xc6\xaf\
#^j\x12@\xb0\xbd\xc3\x8f\xe3\x95\xf7\x1c~\x08\x07\
\xb0\xaf\xbc\xeb\xe7\x0f\xd8?\xc0g\xc2?\x03\xed\xf5\x19\
\xa2\xf2\xee\xb5\xbb\x86\xbc$\xf51\x8f\x95?\x91?\x8d\
}\x1f_}\x97A\xd3\xc2\xc3\x9bw\xab\xf9\xea\x7f>\
q.\x22\x18\x8c\xd6\xb3\xa7\xf0\xc5\xf2\xafH\xe9\xfa\x05\
\x14Q^\x91\xf3\x01E\x14P\x01E\x14P\x01E\x14\
P\x01E\x14P\x01E\x14P\x07\xc8\xff\x00\x15\x92\x1f\
\x1d~\xd4~\x1e\xd10e\x82\x19#3#t!\x01\
v\x1f\x90\xaf\xad\xc0\xc0\xaf\x8e\xb4\xdb\xd5\x7f\xdb\x85\xa3\
c\xc2\xf9\xa1s\xeb\xe55}\x8d^v\x11\xf3J\xac\
\xbf\xbdo\xb8\xfa\x5c\xe6.\x9d<->\x9e\xcd?\xbd\
\xb0\xae\x1f\xe3_\x80S\xe2g\xc2\xff\x00\x10xx\x81\
\xe7][\x13n\xc7\xf8f_\x9a3\xed\x86\x02\xbb\x8a\
LW\xa3\xb9\xf3\x91n-5\xd0\xfc\xf3\xf0W\x88\x1f\
T\xd2m%\x9c\x18\xef\x14yW\x08\xdc2L\x87k\
\x83\xe8r\x0d{5\x8d\xe1\xd4\xec\xa0\x04m\x00d\x8c\
\xe7\x93\x5c_\xc7\xef\x87\xed\xf0\xc7\xe2\xac\xda\xa5\xb2\x14\
\xf0\xf7\x8a$3\xa1_\xbb\x05\xf0\x1f\xbc_m\xe3\x0c\
=\xf3R\xf8W\xc4\x9e\x5c\xc8\xb2\x1f\xdd\x9f\x95\xbd\x8f\
\xads\xc3\xdd\x93\x8b=\xfa\x92ui)Gfs_\
\x10\xf4\x8do\xe1\xdf\x8c\xf4\xdf\x88>\x13\xcaj\xf6\x1f\
\xeba\x1c-\xe4\x1f\xc7\x13\x0e\xfd\xff\x00:\xfb'\xe1\
G\xc5\x1d\x1f\xe2\xf7\x83l\xfcC\xa3I\x88\xe5\x1b'\
\xb6s\xfb\xcbiG\xde\x8d\xbd\xc7\xea0k\xc5o-\
 \xd5\xac^\xde`\x1a7\x1c7\x5c\x1fZ\xf9\xebP\
\xf1\xf6\xb3\xfb+\xfcC\x92\xff\x00Es.\x9b\xaa\x0c\
_\xe9\xbdU\xd7<H\xa3\xb3\x0e\xc7\xff\x00\xd5[\xc9\
\xa4\xb9\x99\xc0\xa9\xbcG\xb9\x15\xeft?G\xa48S\
\xc6O\xa5|\xa1\xfbZxb\xf3\xc3W\xda\x1f\xc4=\
>,K\xa5\xcc\xb0]\x88\xc7\xde\x88\x9f\x94\x9f\xc4\x91\
\xff\x00\x02\x15\xf4?\xc2\xff\x00\x13E\xe3\x1f\x03\xe9z\
\xd4\x17\xf1jQ\xde\xc4%\x12\xc4r\x06\x7f\x84\xfb\x8e\
\x84z\xd5\xbf\x19\xf8f\xcf\xc5\xfa\x06\xa1\xa4_\xc4%\
\xb3\xbd\x85\xa1\x91O\xa1\x1d~\xbd\xeaZ\xe6Z\x18P\
\xa8\xf0\xf5S\x7f?\xd4\xf2m\x1b_\xb4\xd7\xbc;k\
\xacA*\x9bY\xe1\x12\xef\xcfN9\xae\x17\xc5~%\
:\x9d\xc5\xacp\xc4\x16\x14\x94\x1d\xef\xd4\x8a\xe2\xfe\x15\
\xea\x97?\x0a<k\xa9\xfc0\xf1G0$\xa5\xf4\xe9\
\xe5\x1f,\xa8NF3\xeb\xd7\xeb\x9a\xf5\xef\x12\xf8V\
\xd2\xefN\x92Kx\x15gA\xbd\x0aw\xa2\x0e\xf6g\
ez^\xceV[t\xf3G\x95\xfcr\xf8\x05\xa0\xf8\
\xf3G\xbf\xd7`\xb7kMr+f\x95d\xb6\x00\x09\
\xc8\x19\x01\xc7r}z\xd7\xc8\xde\x0d\xf1\xe4\x9e\x1b\x0d\
a|\x85\xe1BB\xb1\xea\x87\xd2\xbfDt+\xe4\xbc\
\xd1\xa3g?4K\xb2@}\xab\xe7?\x88?\xb2\x8c\
>3\xd4.u\x7f\x0e\xdd\xc7\xa7M4\xa5\xa4\xb5\x94\
~\xec\x93\xc9*{}+\xe43\xdc\x928\xf8sS\
\x85\xdf^\x9f?S\xf4\xce\x14\xe2ZxX\xcb\x05\x99\
M\xfb=9[\xd7\x97\xcb\xc9\x1eS{\xf1^\xca\xd6\
\xdc\xf9k\xbaR>P\x1b5\xa7\xf03\xe1\x0c\xff\x00\
\x17<R\xde!\xd6\x01\x87A\xb5\x93\xccu=g#\
\x9d\xa3\xd0z\x9a\xd3\xb5\xfd\x90\xf5\x0d\x22\xf2\x095\xad\
F\x13jNYm\xc6Y\xb1\xda\xbe\x8b\xb0\xd3\xad|\
\x0f\xe0{};O\x84@\xd7\x03b\x22\x8eB\xf7'\
\xf0\xfeu\xe4\xe4|1\x0c%OmZ6\xf2}\x7f\
\xe0\x1e\xce\x7f\xc5XjT\x1e\x1f)\x9d\xe5-\x1c\xbb\
/+\xf5\xfc\x86]\xdd\xff\x00l\xdf=\xbc\x03\xcb\xb6\
\x18L/\x01c\x1c\x00>\xb5\xd3i\x96\x9b\xe5\x8e$\
\x00tQ\x8a\xc4\xd1l\x05\x95\xbeX|\xe7\xe6c\xef\
\xe9]n\x83\x167J\xc3\xa7\x03\xeb\xde\xbfJJ\xc7\
\xe3,\xe9\xed\x99bEE\xe1T`V\x9d\xb4\xdd+\
\x0a9kB\xd6nE&kk\xa3\xa3\xb7|\xe2\xb4\
\xe3\xe4V\x1d\x9c\xb9\xc5l\xc2\xdf(\xac\xd9\xc74M\
O\xb6\x8f\xcc\x93'\xa0\xa8\xb3\x9a\xd0\xb5\x8fly=\
\xe80z\x0d\x9d\x84i\xeej\x9dMt\xfb\xa5#\xd3\
\x8a\x839\xa0HZ(\xa2\x81\x85\x14QAAE\x14\
P\x04\xf6\xab\xbaU\x1f\x8dq\xdf\x10u\x12\xfa\xbcv\
I\xff\x00,\xe1\x0c\xc7\xfd\xe3\xd3\xf4\x15\xd9\xd9\x0f\xdf\
\x0f\xa5y\xb5\xdf\xfcN\xfc}\xac$y`\x92E\x08\
\xfa\xe3\x06\xb0\xaa\xec\x92\xeeua\x22\x9dG'\xd1\x7f\
\xc0;\xdf\x06i\xdf\xd9\xfa\x1c9\x1f<\xdf\xbcc\xf5\
\xe9\xfaV\x8e\xb3j/\xb4\xab\xbbr2$\x89\x97\x1f\
QV\xa2E\x8a%E\x18U\x01G\xd2\x94\x90\xc0\x8a\
\xdd%\xcb\xcapJ\xa3\x95N\x7f3\xca\xbe\x0d^\x18\
.o\xacX\x80s\xbf\x1d\xf21^\x81j\xf9\xd6\xef\
\xe2?\xf3\xce6\x1f\xf8\xf5y\xef\x84-\x97O\xf8\xa1\
\xa8@\x06\xd1\xb1\xc8\x03\xeb]\xf4\x07o\x8anG\xad\
\xb2\x9f\xfcx\xd7&\x17\xe0k\xb3=,\xc2\xce\xb72\
\xea\x934eL\xadSd9\xe9Z\x0e8\xaa\xec\x06\
k\xac\xf3S+m\xa5\x15)\x5c\xf6\xa6\x84\xa0\xb1\x94\
\xef\xe1\xa7\x88\xc7~)\xb2\x0d\xa2\x80\x22g\xc5d\xeb\
\xc7\xcc\xd3\xdf\xd4\x10j\xed\xc4\x9bk3P\x7f2\xda\
Q\xfe\xc9\xa6o\x08\xea\x98\x9a]\xc11c\xd4\x03Z\
P\xc9\xb82\x1e\xf5\x81\xa6I\x85O\xa6+M$*\
\xc1\x87jF\xb2\x88\x92\xb1\x0cA\xedP\x190v\x9e\
\xfd*[\x93\xb9\xb7\x0e\x86\xaaJ2(.*\xe8\x82\
\xf0d\x1a\xc1\xbb^kvV\xde\x9c\xf5\xack\xc5\xeb\
V\x8aZ\x19Ru\xa6\x06\xc1\xa7\xcb\xc1\xa8j\x98\xd9\
\xa3m'c\xde\xb9\xef\x15Z\x04\x96\x1b\xa5\x1f\xec7\
\xf4\xadxd\xc6*=j\xdf\xedzl\xe89m\xb9\
_\xa8\xe4Vos\x16s\xfaE\xc6.\x84}\xa4\xe3\
\xf1\xab:\x85\xd8\x86c\x12\x0d\xce8c\xe9X6\xf2\
\x9d\xca\xeapG9\x15yXlf\x07/\xd4\x8fZ\
\x8b\x16dx\xb3\xc4\xd6\x9e\x11\xd0o5}A\xf6\xc1\
n\xb9\xda:\xbb\x1e\x15@\xeeI\xe2\xbc\x03^\xd4\xaf\
\xe0\xd1.\xfcw\xacDe\xd6/d\xfb\x06\x8ba\x8c\
\xe6v\xfb\xb1\xa2\xf7\x08\x0e\xe7=\xce\x07z\xbb\xfbE\
x\xc2k\xdd\x1a\xdeXb2\xda\xe9\x97iqqh\
\x8c\x03\xc8\x14\xe3\x81\xdf\xadqp|S\x83R\xd44\
\xef\x18x\x8a\xd1\xadl\xf4\x9bo\xb3\xf8w\xc3\xf9\xdc\
\xc1\x8f/;{\xb3d\xee<\xe3\x00t\x15\x8dZ\xd0\
\xa5\x0ey\xbb#\xd7\xc1`\xabbf\xa1J\x0eR}\
\x11\xec\xde\x03\xd0t\xef\x84\x1e\x08\x8c\xeb\x17\x91Aw\
\x22\xf9\xd7s\xc8\xfc\xbc\x87\x96\x03\xb9\xe4\xd6E\xff\x00\
\xed3\xe0\xebIvG%\xd5\xd0\xee\xd1\xc5\xc7\xeak\
\xe6/\x17x\xe3[\xf8\x83\xac=\xc5\xf4\xb2\xdc;\x9f\
\xdd\xdb&vF=\x00\xaa\x12\xf8_T\x86\xd8M5\
\xb1\x86#\xd3}|f'\x88\x5c%\xcbF\xc9y\xee\
\xfeG\xeb\x18.\x04\xa3(\xf3\xe6U\x1b\x9b\xe9\x16\x92\
^W\xd6\xe7E\xe2\xaf\x14Z\xf8\xc7\xe2\x04\x9a\x84a\
\xa2\xb1y\xf7\xa2\xcb\xd7n{\xd7e\xe3\xddN\xef\xc5\
sX\x99X\xbcP\xc4#\x85I\xe0\x0a\xf1\xe6\x86H\
\x9c\x020{\x1a\xedt\xc8\xef-\xec#ydv;\
r\x03v\x15\xe0U\xcc\xf9c'W\xed3\xec\xe5\x93\
\xd2\xc3\xfb'E\xfc\x0a\xca\xe1\xe2\xeb\xfb=;\xc3\xf1\
h\xf6\xe05\xcb8\x92\xe2_\xe4\xb5W\xe1'\xc3\x8b\
\xff\x00\x8a\xff\x00\x10\xb4\x8f\x0d\xd8F\xcc\xf7S\x0f9\
\xc0\xc8\x8a!\xcb\xb9\xf6\x035\xce_3\xdf\xea\x05c\
\xdd,\x8e\xfbT\x0eK\x1a\xfd3\xfd\x8e?g\xd8\xbe\
\x10x k\x1a\x9c#\xfe\x12}f5\x92vq\xcd\
\xbcG\x95\x88zv'\xdf\x1e\x95\xe8`0\xd2\xcc\xab\
\xa6\xd5\xa2\xad\x7fN\xdf3\xca\xcf\xb3Z|9\x976\
\x9d\xea\xce\xfc\xbe\xafw\xe8\xbf\xc9\x1e\xf5\xa0\xe8\x96\xbe\
\x1c\xd1,4\xab(\xc4V\x96P%\xbcJ\x060\xaa\
\xa0\x0f\xe5W\xe8\xa2\xbfLI%d\x7f.6\xe4\xdc\
\x9e\xec(\xa2\x8ab\x0a(\xa2\x80\x0a(\xa2\x80\x0a(\
\xa2\x80\x0a(\xa2\x80\x0a(\xa2\x80>\x11\xf8\x89\xaa/\
\x83\xbfm-2\xfd\x9b\xca\x8aK\xc8U\xd8\xf6\x0e6\
\x9f\xe7_v\x83\x90\x0f\xad~{~\xdcvrh\xff\
\x00\x17mu\x18\x86\xd6x\xa3\x91Xz\xad}\xc3\xf0\
\xbf\xc5\x91\xf8\xeb\xe1\xef\x87\xb5\xe8\xd87\xdbl\xe3\x91\
\xf1\xd0>0\xe3\xf0`Ex\x98*\x96\xc4\xd7\xa4\xfb\
\xdc\xfb\xbc\xf6\x87>[\x81\xc6Gn^W\xf2\xdb\xf5\
:\x9a(\xa2\xbd\xb3\xe1\x0eK\xe2\x8f\xc3\x9d?\xe2\x97\
\x82\xf5\x0f\x0f\xea#j\xce\xbb\xa1\x9dG\xcd\x04\xab\xca\
H\xbe\xe0\xff\x00Q_\x12\xd8[\xea^\x1e\xd6ot\
\x1dn?#Z\xd3_\xca\xb8Q\xd2U\xfe\x19W\xd5\
Xs_\xa0\xf5\xe3_\xb4'\xc1\xc3\xe3\x9d:=\x7f\
F\x89W\xc4\xfaj\x13\x16\xd1\x8f\xb4\xc7\xd4\xc4\xde\xbe\
\xde\x86\xb3\x94o\xa9\xdd\x85\xaf\xec\xdf$\xb6g\x90\xf8\
s\xc4k\x14b\xde\xe5\xf0\xa0|\xaeMyw\x86\xf4\
\xabo\x8b\xbf\x13\xf5\xeb\xed@\x194\xdb\x15\xf2b\x0e\
r\x03\x1c\x81\xfc\x89\xfc\xa9u\x0f\x14\xc1w\xe1-F\
\xe62a\xb8\x81Z)aa\x87\x8aA\xc1R;\x10\
j?\xd9\xb3T\x8e\xcf\xc3\xb7\xcf7\xde\xb8\xbbb\xd2\
w\xe0\x0cf\xb8j\xcf\xdaW\xa5K\xd5\xbf\x96\xc7\xd4\
a\xa8\xfb\x0c\x1e#\x15\x1f(\xaf\xfby\xeb\xf8+\x1b\
>\x15\xf1\x1f\x8a?e\x1f\x13\xc9ue\x1c\xba\xc7\x81\
/$\xddw\xa7\x82O\x93\xeb\x22\x7ft\x8f\xff\x00]\
}\xbb\xe0\x9f\x1ch\x9f\x11\xfc7m\xadhw\xb1\xdf\
X\x5c.C)\xf9\x90\xf7V\x1d\x88\xf4\xaf\x9e\xa5H\
5\x1bF\x86dK\x9by\x06\x0a\xb0\xc8\x22\xbc\xda\xdf\
F\xf17\xc0\xadzo\x12|?\xb8\xf34\xd9N\xeb\
\xcd\x12s\x98d\x1d\xf8\xfe\x1ff\x1f\xa5z\x96\xbe\xc7\
\xcb\xcd*\x8b]\xfb\xff\x00\x9f\xf9\x9fC\xfe\xd0\xbf\x01\
m\xbe,h\xb1Om \xb2\xf1\x05\x8f\xcfe|8\
 \xf5\xd8\xc4v'\xf25\xe4\x7f\x0a\xbe!k6\x97\
\xb2\xf8W\xc6\x16\xff\x00f\xd5l\xf3\x1f\x9c\xc7\xfdf\
8\xcf\xff\x00\x5cpz\xd7\xb1\xfc%\xfd\xa6|%\xf1\
MSO\x9au\xd0|G\x8cI\xa3\xea\x0e\x11\xd8\xf7\
1\x93\xc3\x8f\xa75\xe3\x7f\xb6\x0e\x9ct/\x1fx[\
V\xb3dY&+\x11H\xcf\xceH|\xfc\xc3\xd3\x07\
\xf9\xd6-Y\xf3#\xa7\x0f9I}^\xaa\xf4\xf2\xff\
\x00\x80z\x0e\xb3ao\xa6\xdbK4#cLv\xe0\
\x1e\x0ei\xfa\x04[l8\xfe\xf1\xae>\xdf\xc4\xe9\xa8\
\xe9\xf1C$\xd9\x10r\xa4\xf5\xc7\xbdl/\x8d4\xbd\
\x13GY$\x98K#\x12V\x18\xc8,}\xfd\xab[\
X\x8bh[\xf1<pM\xf6t\x90\xe1\xb7g>\xd5\
\x95\xaa\xcf\x1d\xe5\xc2\xb9P \xb5L\x0f\xaf\xf9\x15\xcc\
K\xe29\xbcW\xad\xbc\xe8\x1a;H\x87\xca\x87\xfa\xfd\
k\xb4\xd0l\x8b\xae\xe7\x03\xb9\xc1\xeei\x86\xc8-l\
\x9aKuc\xc7BG\xbf\xa5oZF-\xed\xd1;\
\xf55\x1a\xc0Q\x15H\xc795#5\x04\xa7\xa9i\
$\xab\xb6\xf2\xf2+)\x1e\xae@\xf4\xce\xa8\xea\x8e\x93\
O\x93{\xa8\xcfS[QO\xb4W5\xa6K\x89G\
=+I\xee\xc0=q\x93\x8a\xcd\xa39\xc2\xe6\xfd\xb3\
y\x85G\xa9\xadC T\xe2\xb0t\xe9\xc09'\xa0\
\xc5_k\x8d\xcay\xe8*N)GQ\xac\xfb\x98\x93\
\xebIU\x92}\xd5:\xb6h\x15\x893\xc5-2\x9f\
@\x82\x8a(\xa2\xe5\x05(\x1d\xe9)\xe0f\x82Yf\
\xcc`\xb3\x9e\x80W\x9f|:\x8c_k:\xbd\xf1\x1c\
\xbd\xe4\x8d\x9f\xa18\xaf@\xb8o\xb2iW\x12\x1e\x08\
\x8d\x9b\xf4\xae\x0b\xe1\x07\xef4k\xe9\x0f\xdf\xf3y\xfa\
\x9c\x13\x5c\xf3\xd6q^\xa7e\x1d(U\x97\xa2=\x19\
d\xcb\x0f\xadp\x9e\x0d\xf1,\xba\x8f\xc4\x0f\x19i\xb2\
K\x95\xb2\x96\x13\x1a\x13\xc8\x05~l~\x95\xd1\xe8\xfa\
\xa0\xbc\x96X\x19\x87\x9fo&\xc7\x1f\x8f\x07\xf2\xaf\x9f\
|5\xe3'\xd1?k\xed[Ely\x1a\x9d\xbb\x02\
\xcd\xfd\xe0\x9b\x87\xfe\x81\xfa\xd76\x22\xb7#\xa4\xef\xa3\
\x95\xbe\xf4\xd1\xdd\x80\xc1:\xf0\xc4\xc6\xda\xc6\x1c\xdfs\
O\xf2=6\xe1\x8e\x9b\xf1\x822\x07\x13F\x01\xfcs\
]\xaa\xc9\x8f\x16\xc8\xbe\xb6\xa0\xff\x00\xe3\xc6\xb8\x9f\x1f\
N\x9aO\xc4\x9f\x0e\xdd>qr\xc9\x0f\xe3\xbb\x1f\xd6\
\xba\xf0\xc5|a1\xec-\x17\xf5c\xfe\x15\xb5\x0d%\
8\xf6g&%sB\x94\xfb\xc7\xf2f\xfb7\x15U\
\xdf\xe6\xa5\x92p\x10\xfd*\x8bO\xef]\x0d\x9c\x11\x89\
pI\x83J\xf3\x00:\xd5\x11>j6\xb8<\xd1r\
\xf9\x0bO?\xbdA%\xd6\x07Z\xaa\xf3\xe7\xbdW\x92\
Zf\xaa\x04\xd3\x5c\xee\xcdg5\xdcs\xac\xab\xe9\x91\
N\x95\xb85\xce\xfd\xa3\xec\x9a\xcc\x913|\x93 e\
\xfa\xd1{\x1dP\x82h\xd5\xd3N6}kaA\xc5\
c\xe9\xa7\x95\xff\x00z\xb6\xd5p)\xdfVD\xb4 \
\x97\x85\xc5R\x95\xf1Wn8\xac\xd9\xdb\xb51\xc0\xac\
\xd7\x01d\xc1\xe8j\xa5\xe2\xe74\xcb\xd6+\xf3\xfap\
h\x12\x89\xa2\xcfST\x8d$\x8c\xb9\xc6\x0dVcW\
nW\x04\xd5'\xf4\xab3c\x95\xb1O\x92\xe3\x0aG\
^*\xab\xc9\xb4S&\x94\x15\x1e\xe2\xa1\x99\x9c\x9d\xf8\
6\x0fv\xaa\xb9\xd8\x0c\x8a=\xba\xd7%\x0e\xad;K\
#o<\x9c\xe75\xd7\xf8\xa4yQ\x8b\x9c\xe1W\x86\
\xc7q\x9c\x1a\xe0\xb7\xa5\x93\x5c\x09dT\x8e\x22r\xee\
p\x00\xf5\xcd-\x1b\xd4\xde\x9d\xd4\x1bKS\xcf>+\
\xeb:W\x86$k\xfb\xf8~\xd1u6L\x16\xc1\xb1\
\xe6\x1fS\xec\x0fZ\xf0k\x1d6\xf7\xc7\x1a\xbb\xcfq\
'\xde9f\x03\x01W\xb0\x03\xb5k|e\xf1<\x1e\
*\xf1\xc4\xafes\xf6\xbb8\x11a\x8d\xd7\xee\xe4}\
\xecz\x8c\xf7\xadO\x87V\xedi\x1b&\xdd\xcc\xe43\
z\x0fJ\xfc\x97\x88\xf3)9MRzGE\xfe\x7f\
\xe4\x7fD\xf0\xdeX\xb2\xcc\xba5\xe6\xbf{5w~\
\x89\xf4\xf2\xf3\xf3;\x8f\x0b\xf8*\xc3C\xb5F\x8e\x05\
i\x88\xfb\xec2Ee\xf8\xd3B\xd4u\xab\x84H\x8a\
,\x0a02{\xd7[\x04\xe4*\xe38\x03\x9a\xafu\
 \x92L\xd7\xe4p\xc4UU\xbd\xac\x9d\xdf\x99\xeaF\
\xac\xd5Nw\xab8[/\x87\xd6\x96q\x87\xb8o\xb4\
O\xd7'\xa0\xa4\xf1 \x8fO\xd2n&\x93\xe5\x01p\
=\xeb\xaf\x90\x80\xacI\xc0\x1c\xe6\xb8M~9<k\
r\xd6\x16Ryvv\xe73M\x8c\xe4\xff\x00tW\
\xa9B\xac\xeb\xd4R\xab-\x16\xef\xb1\xd9Nr\xa9+\
\xcd\xe8\x8e\x97\xf69\xf0\x96\x87\xe2\xaf\x8c\x11_\xf8\x8a\
\xf6\xda\xcfO\xd1\xa0mG\xca\xb9`\x04\xce\xa4m^\
x\xe3;\xbf\x0a\xfa\xefE\xfd\xa9m~4|p\xd3\
\xbc\x01\xe0\xa8\x1em&\xc9\xcd\xe6\xa9\xac6v\xbaE\
\xf3yh\x07b\xdbT\xb1\xeb\x9f\xcf\xf3\x87Z\xd3\x8e\
\x83q,\x1e~e\xc1\x05\x90\x91\xf2\xfb\xff\x00\x85}\
\xaf\xff\x00\x04\xd7\xf8~\xd6zw\x89|]<%\x05\
\xc1[\x1bbGU\x07s\x9f\xcf`\xfc\x0d~\xd3\x91\
\xe2}\xa4cF\x92\xb2z\xb7\xdd\x1f\x9a\xf1\xbe_\x04\
\xa5\x9aV\x9f6\x8a0\x8fD\xdf_>\xe7\xdc\x14Q\
E}\xd9\xf8 QE\x14\x00QE\x14\x00QE\x14\
\x00QE\x14\x00QE\x14\x00QE\x14\x01\xf1\xf7\xfc\
\x14\x13\xc2q\xcd\xe1\xfd\x1f^@|\xe8\xe40\xb9\xf6\
\xea+S\xfe\x09\xfb\xe3\xef\xed\x9f\x87\xfa\xa7\x86'\x97\
t\xfaM\xcf\x9d\x0a\x93\xcf\x93'`=\x98\x1f\xfb\xea\
\xbdG\xf6\xa3\xf0bx\xcb\xe0\xde\xbb\x163qi\x17\
\xdab\xe3\xba\xf5\x1f\x96k\xe1\x1f\xd97\xe2`\xf8e\
\xf1\x8fN\x92\xeaO+O\xd4I\xb0\xb9\xc9\xc0\x01\x88\
\xda\xc7\xe8\xd8\xfdk\xe5q3\xfa\xa6e\x0a\xafi+\
3\xf5\x8c\xb2\x8f\xf6\xbf\x0c\xd6\xc2\xc7Y\xd2w_\x9f\
\xe2\xae\x8f\xd4\xaa)\xaa\xc1\xd4\x11\xc8<\x8au}Q\
\xf98\x99\xa2\xb8\x1dw\xc5?\xf0\x8e\xfc[\xf0\xfd\x85\
\xd4\xc2;=r\xcekxC\x1c/\xda#!\xc0\xfa\
\x95,\x05w\xd5\x9cf\xa4\xda]47\xa9FT\x94\
$\xf6\x92\xba\xfb\xda\xfc\xd3>H\xfd\xb1>\x05iv\
>\x1f\xd6<u\xa1\x11\xa6\xeaw\x0c\x8b\xa8\xdb\x86\x22\
\x1b\xa1\xd3x^\x81\xfd\xfb\xf7\xaf\x9a\xfe\x01\xf8\x864\
{\xbd\x16V\x0a\xed\x99\xa2\xcfs\xc6\xe1_o~\xd8\
\x80\xff\x00\xc2\x90\xd5\x08\xcf\x12\xc7\x9f\xce\xbf>~\x11\
\xe8rx\x93\xe2>\x8b\xa7Au\xf6)\xeeg\xf2\xa3\
\x9b\x19\x0a\xc4\x1cdzf\xbeg\x1d]\xd0\xcci5\
\xe9\xf7\xb3\xf5<\x83\x0d\x1cg\x0f\xe2\xa3S\xa3m\x7f\
\xdb\xaa\xe8\xfan\xc7U\xb8\xd3\xdf\xe4l\xaftnA\
\xae\xafM\xd6-\xb5(\x88\xdc\x22\x98\x0ebs\xd7\xe9\
\xeb^U\xad\xea\xfa\x8f\xc3\xff\x00\x10\x1d\x07\xc66O\
\xa4\xde\xe7\x10\xdc?0\xdc/fG\xe8G\xeb[0\
\xdd\xac\xd1\xac\x90\xc8\x18u\x0c\xa6\xbe\xb6\xf7Wg\xe7\
.\x1a\xe8U\xf8\x97\xf0\xbbD\xf1E\xb4\xa4[$R\
\xba\x95v^0=T\x8eT\xe7\xd3\x8fj\xe0\xbe\x1e\
\xf8L\xe9\xda\xa4\xa2]J\xf7U\x10\x22\x84{\xe9L\
\xa60\x06\x15A=\x00\x19\xafD\xd6u\x89\xd3K\x95\
\x5c\xe5\x98lV\xef\xcd]\xd0\xb4\xa5\x8fN\x89\x96 \
\xacP\x168\xe4\x9fz\xa4\xef\x1ei\x0d\xfb\x97\x82e\
\x19dkR\xac\x87\x0d\xd3\xea+\x1af\x92\xea\xef\xcb\
@K\xb3c\x03\xd6\xb7u8\xfc\xa5bx=\xb3W\
\xfe\x1f\xe8\x1fh\xbb{\xf9\x97pC\xf2{\xb59\x11\
\x1e\xa7K\xe1\xdf\x0e\x0d6\xce\x18\xd8|\xc7\xe6\x90\xfb\
\xfaWW\xa7\xdc\xaf\xda\x85\xbc|\xb2\x8c\xb6;Vf\
\xa9~\x9aU\x8b\xce\xdfxp\x83\xd4\xd5\xbf\x09\xd9\xbc\
6&\xe6ng\x9f\xe69\xf4\xac\xc6\xcd\xc7j\x84\xb7\
4\xe9\x0dC\xde\x99\x04\xc8y\xabp\x9a\xa6\x9dj\xe4\
\x22\x83h\xca\xc6\xa5\x9c\x9b\x0e}\xa8\x9e\xe1\x8d\xdd\xbc\
`\xf7\xc9\xa8\xa28\x15\x12\xbe\xedPs\xf7V\xa7\xa9\
\xd2\x9ah\xeam\xee|\xb5\xebV\x05\xe7\xca\xdc\xf6\xac\
??\x03\xad<\x5c\x9d\xa7\x9e\xd4\x8c%\x14\xcdx\xae\
3\xde\xaeC7\x15\x81oq\xeax\xab\xf0\x5ct\xe7\
\x8a\x93\x09D\xdbV\xc8\xa5\xdfY\x82\xfd\x01\x0b\x9eO\
j\x97\xed\x1e\xf4\xb73\xe4e\xfd\xf4o\xaa?i\xf7\
\xa4\xfbN3\xcd\x01\xca\xcdH\xfej\xb3\x0cYa\x9a\
\xc2\xb3\xbf/p\x06{V\x8d\x95\xf12`\x9c\xd6|\
\xc2\x956\x85\xf1t\xc6\x0f\x0bjN8>K\x01\xf9\
W-\xf0\xc2\xd4ZxzW\xe8\xd3I\x92>\x95\xb5\
\xf1\x02\xe4'\x84\xeeFq\xbc\x05\xfc\xc8\xaew\xc2\xba\
\xb7\xd9\xa6\xd3\xf4\xc0\xa0\x09\x222g\xb9\xaez\x92J\
\xaa\xbfc\xba\x859K\x0b$\xbb\xfeH\xab\xae\xeb\xd1\
\xf87\xe2N\x9b%\xc4\x9eM\x96\xb3\x18\x8b{p\x9e\
r\x1e\x01=\x89\x07\x03\xde\xbeb\xf8\xdf\xac\x1f\x06~\
\xd4\xfaf\xba\xaf\xfb\xa8\xa7\x82f\xc7t\x0f\x86\x1f\x88\
&\xbe\x8b\xfd\xa2|\x1bq\xe3/\x86wq\xd9.\xeb\
\xdb7\xfbB\x0e\x84\x81\xd4\x03\xee3_\x0fx\xa1o\
\xb5}\x1fI\xbf\xbc\xba{\x99\xa12\xda\x83!\xcb*\
\xc6\xaaB\x93\xd7\x8c\x8f\xf2+\xe53|D\xe9?c\
n\xaaI\xfek\xef?O\xe1,\x15\x1cJ\xfa\xcb\x96\
\xb6\x959/Ut\xfe\xed>G\xd9\xbf\x14<Sc\
\xac\xfcA\xf0%\xad\xa4\xcb3\xf9\x82\xec\x959\xc2\x06\
\xff\x00\x14j\xf4=\x1bQmC\xc4\x1a\xbc\xcd\xf7c\
\xf2\xe2O\xa0\xcf\xf5\xaf\x95\xfe\x0b$\x9e(\xf1M\xc6\
\xba\xe5\xa4\xb5\xb6H\xe0\x8fw\xf03\x0c\xb0\x1e\xd9\xdf\
\xf9\xd7\xd3>\x0f\xe2+\xf9\x7f\xbf9\x19\xfa\x0f\xfe\xbd\
{\xd9}g\x88\x84\xeb5\xb9\xf1y\xde\x128\x19\xd3\
\xc2E\xdf\x91k\xea\xdd\xff\x00S\xa6\x9a\x7f\x91\xaa\x9b\
M\xcd$\xd2|\xa6\xab\x16\xc8\xafM\x1f>\xa3b\xda\
I\x9a\x8d\xe5\xe6\x98\x8c\x02\x13T\x9e\xe0\xb3\x10:U\
\x22\xacZ2f\xa2g\xe6\xa3\x13\x87\x1cSwU\xa1\
\x92\xb7(~\x95\xc9k\xea\x7f\xb4a\xc7\x0c#,\xbf\
\x81\xcdu2>\x225\xcb\xf8\x97\x11j6\xbe\xa6'\
\xfe\x95\x9dM\x22tP\xf8\xecn\xe9\xad\x98#\x7f^\
kj\xde\xe5]v\xb1\xc3\x0a\xc4\xb7\x22\x1bXs\xc7\
\x00T\xa6B\x08 \xf4\xa13)+\xb3F\xeeE\xce\
3\xcdfLs\x9a\x92v.\xa1\xb3U<\xc3\xc85\
\xa2a\x15b\xac\xeb\xbbp=\x0dd\xdb\xdc\x98.^\
\x06<\x8e\x9e\xe2\xb6\xe4L\x9a\xe7\xb5\xe50]C0\
\xe0\xe3\x06\xa9\x1a\xee\x5c\x9f\x0e\xb9\xaa2pj\xc42\
\x87\x5cu\x04dT\x12\x8c\x1a\xb4`\xd1J\xed\xb6\xa6\
}\xea\x94\xd3\xfc\x83\x9e\x95v\xf7\xfdC\x1e\xfdk\x1a\
i>Z\x19\x1dL\xaf\x15\xbf\x9d\xa2\xde/\x7f,\x91\
\xf9W\xcb\xff\x00\x1f\xacu\x19!\xb1\xd6Ry\xe4\xd2\
^%\x86{x\xdc\x80\xacz1\x1e\xfd9\xaf\xa6\xb5\
\x96\xdfo2\x7fy\x08\xae\x07I\xb6\x87R\xd1E\xb5\
\xc4K4.\x1a'\x8d\xc6C\x0c\xe3\x04W\x06+\x0d\
\xf5\xaan\x95\xec{\xb9V?\xfb3\x11\x1cO/2\
[\xaf'\xbd\x9fG\xd9\x9f\x22xz\xc2\x1dB\xefb\
2\xa3\x03\x91\xb8\xe5\x88\xf6\xafS\xd2\xa6\xb7\xd3l\x99\
\x22\x8f\xcaT\x1d\x5c\xfc\xcc}MC\xf1_\xe0\x0d\xff\
\x00\x84n\x9fS\xd0b\x92\xebL'yD$\xc9\x01\
\xf4\xf7\x1e\xf5\xe6o\xe2\x1b\xe8PEp\xd23\x8e?\
zzW\xe3\xb9\xaeQ\x88\xf6\xbc\x95t_\xd6\xc7\xf4\
^\x0f\x1f\x85\xcd\xa8\xc6\xae\x16w]\xba\xafS\xd2\xdb\
\xc5\xe2\xc0;\xcb>\xec\xf2\x10VS|Y\xb7\x8aW\
\xdf\x0b\xcb\x8e\x81\x07\x1f\x9dp\xb0\xdb\xeaz\xe4\xc2+\
{i\xae]\x8f\x09\x12\x13\x9f\xca\xbe\x8f\xf8\x0b\xfb\x0f\
\xf8\x93\xc7\xb7\x96\x9a\xb7\x8a\x93\xfb\x0f\xc3\xc1\x83\x98\x9f\
\xfd|\xe0\x7f\x08_\xe1\x07\xd4\xd6X\x5c\x828\x99r\
\xc6\x0d\xbf\xba\xc4c\xf1\xb9~WI\xd6\xc6\xd4K\xcb\
\xab\xf2Kvy~\x9do\xe3\x9f\x8a\xb1\x5c\xc7\xe1\xbd\
\x0a\xeeK8ci&\x9a8\xce\xd5A\xd4\x96\xe9\x5c\
\xb6\x9d\xe2\xab\xdf\x0d\xd8\xc9a\x0c(%\x0cA\x95\xfa\
\xe7\xbd~\xc3\xf8{\xc2ZG\x85t\x18t]*\xc2\
\x0b-2$\xd8\xb6\xf1 \x0b\x8c`\xe7\xd4\x9e\xe7\xbd\
|\xcd\xf1\x1f\xf6\x04\xd1|Y\xe295-\x1bYm\
\x1e\x19\xe4/5\xbb\xc5\xbc\x0c\x9c\x9d\xa6\xbe\xbe\xb7\x0a\
\xc2\x9d\x08\xc2\x8aR}W\xf5\xfa\x9f\x9e\xe08\xfb\x09\
Z\xbc\xe9\xe2\xe9\xfb:_gv\xff\x00\xed\xef\xf8\x08\
\xf8W\xc0\xbf\x0f\xf5\x9f\x8a\x9e.\xb5\xd2t\xe8\xde\xea\
\xf2\xeeQ\xbd\xc8\xce\xd0z\xb1\xf6\x02\xbf[\xfe\x16\xfc\
=\xb1\xf8]\xe0]'\xc3zz\xe2\x1b8\x82\xb3\x7f\
}\xfa\xb3~'5\xcd\xfc\x15\xfd\x9e\xfc3\xf0GO\
t\xd2\xa3k\xadF`\x04\xd7\xf3\x80doa\xe8+\
\xd4+\xea\xb2\xbc\xbb\xea0\xbc\xbe'\xf8y\x1f\x05\xc5\
\x5cH\xf3\xca\xd1\xa7GJP\xdb\xcd\xf7\x7f\xa0QE\
\x15\xee\x1f\x06\x14QE\x00\x14QE\x00\x14QE\x00\
\x14QE\x00\x14QE\x00\x14QE\x00A{g\x1d\
\xfd\xa4\xd6\xd3 \x92\x19\x90\xa3\xa3t \x8c\x11_\x92\
\xdf\x1f>\x1fM\xf0\xbf\xe2v\xad\xa5\x80V%\x98\xcb\
n\xc3\x81\xb5\xb9\x18\xfaf\xbf\x5c+\xe6/\xdbs\xe0\
\x94\x9e=\xf0rx\x97K\xb72\xea\xbaJ\x13*\x22\
\xfc\xd2C\xdf\xeb\x8e\xb5\xe2f\xd8_\xac\xe1\xef\x15\xef\
G_\xf3>\xef\x83\xf3h\xe5\xb9\x82\x85WhT\xd1\
\xf9>\x8f\xf4\xf9\x9a\xdf\xb2'\xc7\xe8>'\xf8\x22\xdb\
H\xd4\xee\x15|G\xa6F!\x91]\xb9\x9e00\xb2\
\x0fS\x8e\x0f\xe7\xde\xbe\x86\x04\x1a\xfc_\xf0\xbf\x8b5\
/\x05\xeb0j:e\xd4\xb6W\x90\xbe\xe5\x96#\xb4\
\xa9\xaf\xb8\xfe\x0e~\xddZV\xa5k\x05\x87\x8dS\xec\
\x17j\x02\xff\x00h\xc0\xa5\xa1\x7fvQ\xca\x9f\xa6G\
\xd2\xb82\xfc\xe2\x9b\x82\xa7\x88vk\xaf\xf9\x9e\xe7\x12\
p~\x22\x8dib\xb2\xf8\xf3BZ\xf2\xad\xd7\xa2\xea\
\xbd\x0f_\xfd\xa7\xbc\x15y\xe2\x9f\x87\x0f\xa8\xe9\x0c\xf1\
k\xba\x04\xeb\xaaYK\x17\x0e\x1a>X\x0f\xf8\x0e\x7f\
*\xc9\xfd\x9e\xbfiM\x0b\xe2\xed\xb0\xb4\xbb\xd4a\xb1\
\xf1D)\xe5\xcf\xa6\xcc\xe1<\xd2?\x8e,\xfd\xe0}\
\x07#\xd3\x15\xda\xc7\xf1\xcb\xc0W\xb6&u\xf1N\x93\
$\x0c\xbc\xe6\xed\x07\x07\xd4\x13_\x99\xdf\xb4=\x8f\x84\
\xec>(\xdf\xcd\xe0\x8dV;\xdb\x1b\x99\x0c\xe1-\xb3\
\xb6\xdd\xc9\xc9P\xdd\x08\xcf \x8a\xd3\x1d\x8dXI\xac\
M\x19)'\xa3W\xfb\x99\xc9\x90d\xff\x00\xdb4g\
\x96\xe3!(J7\x94'\xca\xf4\xbe\xf1~O{]\
ks\xf4o\xf6\x89\xbf\xd05\x0f\x84\xde#\xb2\xbf\xd5\
,\xa1\x90\xdb\xb9\x89\x1eu\x0cd^@\x039'<\
b\xbf2|\x17\xe27\xf0\xaf\x8b\xf4\xbd^\x13\xf3\xd9\
]\xc78\xf7\xda\xc0\xd7\x1dy%\xdbH\x1a\xe2I\xa5\
c\xf3nv-S\xdbO\xb8\x03\x9c\xe6\xbe[\x1d\x99\
}vq\xa9\x18\xda\xdew?X\xc8\xf8ad\xb8z\
\x94%W\xda)\xef\xa5\xba[\xbb?a5o\x0c\xf8\
_\xe3G\x81\xedb\xd6,-\xf5\x8d&\xfa\x05\x9a?\
1y]\xc0\x10\xca\xddT\xfb\x8a\xf9W\xe2\x1f\xec\xb7\
\xe2\xdf\x84\x936\xa9\xe0[\xbb\x9f\x13\xf8x6d\xd2\
&\x1b\xae\xa0\x5c\xff\x00\x01\x1f|\x0f\xa6jO\xd8\xb3\
\xf6\x90\xb3\xb4\xb0\x87\xc0\x9e#\xbb[vF\xc6\x9bs\
+aX\x13\x9f(\x9f\x5c\xf4\xfa\xe3\xd2\xbe\xd6V\x0c\
\xa1\x94\xe4\x1eA\x15\xfa\x0e\x0b\x15\x0c]%R\x0f^\
\xbe\xa7\xf3\xeem\x97\xe22L\x5c\xf0\xd5\x17\xbb};\
5\xd1\xaf\xebs\xf3\x8d<ik\xe2-L\xe9;d\
\xb7\xd4\xad\x18\x0b\x9bY\xa2dt$\xe3\x90E{\xbf\
\x87|/)\x09\x0b\x0c\xb4\x9dq\xd0\x0a\xf3/\x88\xfa\
[\xea?\xb5\x8e\xb8\x12\xd8G\xe7,\x1b\xd9W\x1b\xb0\
@\xc9\xfc\x05}\x17\xa9\xea\x16\x1e\x12\xf0\xbd\xc6\xadr\
\xf1\xc1\x1c13\xb3\xb9\x00{\x0a\xf4$\xd2J\xdd.\
p\xb9I\xfc\xecx\xe7\xc4u\x81u\x984\x8b%V\
h\xb0\xae\xe0r\xce{~\x03\x15\xd4\xe8\xf61\xe9\x96\
\x11B\x83\x0a\x8b\x8c\xfa\x9e\xe6\xbc\xcf\xc3\x9e.\xd2\xbc\
E\xa8\xcf|\xba\x8d\xb4\x97[\xcb\x01$\x81rI\xe4\
\x8c\xd6\xbf\x8a\xfcf\xf0\x08m`b\x8eFN\xc3\xda\
\x9aj[;\x94\xe1(i$\xd35\xeen\x0f\x89<\
M\x1d\xaa\xf3ik\xf3>:\x13\xfex\xafE\x83\x09\
n\x80t\xc5y\xff\x00\x81l\x0d\xae\x95\xf6\x99\x7f\xd7\
\x5c\x9d\xe4\x9e\xb8\xed]\xd5\xbc\x9f\xb8\x5c\x9aDH\x91\
\xcd0\x1c\xd23f\x9d\x1f\x0c( \x96!\xcdh@\
\x98\xeb\xc5S\x87\x19\xcdZ\xf3p0(\xb8\x8bJ\xf8\
\xaa\x96\xb2n\xbf\x98\xfe\x14\xa6l\x0a\xa3i6%\x99\
\xf3\xebH\xd5H\xda\x13\xee\xc9\xed\x9a\x92)\xb7\x123\
\x8a\xce\x8eO\xdc\xaf\xbf5$r\x10A\xcd\x0c\xaec\
F'*pj\xd8\xb8\xdb\x19\xfc\xaa\x9c2\xab\x80O\
_zt\x8f\xc1\xc5K\xd8\x16\xac\x96\xd6\xe0\xcb{#\
\x8e\x881\xf8\xd6\x82\xdd\x86\x5c\xee\x00\xd6\x0e\x93)\x7f\
\xb4\x93\xd4\xd5\x92\xc7\x15\x11.kST]s\xd6\x89\
.\x7fv\xdfJ\xccI\x0f\x15#\xc9\xfb\xb3M\x99\x96\
\xf4\xeb\x83\xf6\x91\xcfj\xd5\xb0\x9b\xf7\xe7\x9e\xf5\xcf\xd8\
>\xd9\xc1>\x95\xab\xa7\xb9\xf3\xc7\xadb\xf4-\xea\x8a\
?\x10\xf5#-\x92\xda)\xf9\x0c\x881\xef\xd6\xb8\xdf\
\x18x\x8e\x1f\x01\xeb\xbe\x08\xd5\xae\xc1\x8fN\x99\x8d\x94\
\xf2vWo\xbb\x9f\xd2\xb5\xfcU1\xb9\xd4\xe2\x8f?\
v]\xd5o\xc6\xfe\x0e\x83\xc7\x7f\x0c.\xb4\xc9#W\
\x99\x10\xcb\x030\xfb\xb2\x0eA\xfd+\xcc\xc4\xa9\xcdO\
\xd9\xfcI&\xbeZ\x9e\xd6\x02TiJ\x92\xaf\xf0I\
\xb5/I+_\xe5\xb9\xde\x95[\xc8\x19\x94\x09\xed\xe5\
^q\xc8 \xd7\xcb\x1f\x1d\xfe\x0d]x{H\xbc\x9f\
F\x8c\x5c\xe9\x12\x5c\xb5\xe1\xb7\xc0\x0f\x034l\xad\xb4\
\xf7\x07\x8e+\xc4\xec\xbe6x\xfbN\xb6\xb7\xb7\xb4\xd7\
\xe7\x82\xda\xc2S\xb2\x16PI\xc1\xfb\x8f\x91\x9cW\xd9\
\xbe\x04\xf1\x84_\x18~\x13Y\xear\x22Guu\x03\
G<\x01\xb3\xe5\xc9\x82\x08\xfd3\xf9W\x8a\xb1x|\
\xe22\xa5\xca\xd4\x92\xba\xfdO\xaf\xad\x94f\x1c!8\
b\xdc\xd4\xe9\xcaVv\xbf\xaa\xbf\x9d\xaff\xb6\xd8\xe0\
\xbe\x05xv\x0d'\xe1D\x17@\x00\xf7\x17!\xd9\xf3\
\xf7\x98q\xfc\xf3^\xb5\xe1\x80\x13N|p\x1aW \
~\x9f\xd2\xbc\x85E\xc7\x85|=\xe1o\x0bC6\x1a\
+\xf3$\xd8\xfe8\xc1\xc8\x1e\xdc\x91\xf9W\xafh#\
\xca\xd3-\xc6z\x8d\xc7\xf19\xaf[-iR\xf6I\
[\x95$\xfdmv|\xb6yz\x98\x87\x88n\xean\
Mz^\xc8\xd1\x99\xfeST\x8c\xe4T\xd2>\xe3U\
q\xf2\xb9\xafa#\xe7oaZ\xe8\x98\xca\x01\xd7\xbd\
,I\x85\xc9\xa8@\xc1\x19\xfa\x9a\xb1)\xf2\xed\xcf\xa9\
\xe2\x85\xdc\xa6\xf4\xb1\x02\x90\x18\xd3\x8b\x00+>\xe6\xf1\
-\xc3;\x1c\x05\xebR\xc57\x9d\x1a\xb89\x07\x9aq\
\xd7B\xa4\xba\x93\xbc\xbb\x97\x15\xcbx\x92\xe8M\xe2\x8d\
6\xd0\x1eZ&?\xaa\xff\x00\x8dtD\xf5\xf4\xc5q\
sHo\xbe#\xc1\x22s\x15\x95\xb7\xce{nn\xdf\
\x96\x0f\xe1Q[d\x8d\xf0\xab\xder}\x13:?\x18\
\xdf\x9d7HY\x91\x82\xba8#=+CN\xbc[\
\xfb\x18g^\x92 j\xe3|\x7f|5\x0dCO\xd2\
c?4\xae7\xe3\xb2\xe7'\xf9\x0a\xd7\xf0m\xce,\
\xaem\x89\xe6\xdev@?\xd9\xed\xfdk\x18\xce\xf5\x1c\
M\xe7K\x96\x84g\xd7\xf4:7\x97d-\x90MV\
\x8d\xc4\xaa\x08\xe4\x11\x91I3\xb3\xc6\xdb\x06N8\xac\
\xcf\x0f\xde\xfd\xa6\x09c<<24d\x0fc\xc5t\
\xec\xecr\xc5s&\xcds\xc8\xc1\xac?\x12E\x98P\
\xfaV\xefQY:\xf0\xcd\x9bg\x9c\x03V\x98\x931\
t\xd9\xb7\xc3\x8c\xfc\xc8j\xcc\x9c\x8c\xd6.\x95z\xbf\
k\xeb\xf2\xb7\x06\xb7$\x5cf\xb4\x13\xd1\x94\xae\x86a\
q\xed\x5c\xf4\xcd\xf2\xd7K\x22\xe5H\xaeb~7{\
\x1a\x0c\xa5\xb9\x91\xaa\x9f\xbb\xee\x08\xae+\xc2\x83{\xc9\
\x0f\xf7n\x99\x7fZ\xec\xf5s\x85C\xef\x5cw\x83\x14\
\xb7\x88/\xa3\x1d\x05\xe04/\x88\xd7x\x1e\x91sl\
\x1a&V\x19S\xc1\x06\xbcO\xe2?\x82\xf4\xd7\xb7y\
~\xc1\x07\x9a\x84\x8d\xc20\x0f=\x0f\xe7^\xf7s\x0e\
bonk\x81\xf1\xb6\x9c.l\xa6\xc0\xce\xe4#\xf1\
\xea)\xca*j\xcd\x5ct\xeaJ\x94\x93\x83\xb7\xa1\xee\
\x1f\xb36\x99\xe1\xbdk\xe1V\x85\xab\xdah\xb6\x10\xdf\
\xf9^E\xc4\xa9\x02\xee2!\xdaI8\xeb\xc6\x7f\x1a\
\xf6P\xbbF\x07\x03\xda\xbe]\xfd\x86\xbcC\x9d+\xc5\
\x9e\x1b\x91\xb2\xd67\xa2\xea%=\x92A\xcf\xea?Z\
\xfa\x92\xa21QZ#\xcb\xc49\xba\x8f\x9d\xdf\xd4(\
\xa2\x8a\xa3\x98(\xa2\x8a\x00(\xa2\x8a\x00(\xa2\x8a\x00\
(\xa2\x8a\x00(\xa2\x8a\x00(\xa2\x8a\x00(\xa2\x8a\x00\
(\xa2\x8a\x00)\x92\xc2\x93\xc6\xd1\xc8\xa1\xe3a\x86V\
\x19\x04z\x1a}\x14\x01\xf9\xd9\xfb_\xfe\xcb\xb2x\x17\
V\xb8\xf1W\x86\xad\x9d\xf4\x0b\xa62On\x80\x9f\xb2\
\xb9\xeb\xff\x00\x01=\xab\xe4\xf1+\xc4\xff\x00)*G\
\xa5~\xdd\xdfX\xdb\xeaV\x92\xda\xdd\xc2\x97\x16\xd2\xa9\
G\x8aE\x0c\xac\x0fPA\xaf\x89\xff\x00h\x8f\xd8a\
\xa6\x92\xe7]\xf0\x0c[\xc3\x12\xf2i9\xf9\x87s\xe5\
\x9e\xff\x00J\xf8\xcc\xcf'\x93n\xb6\x19z\xaf\xf2?\
n\xe1n3\xa7\x18G\x05\x99\xbd\xb4R\x7f\x94\xbf\xcf\
\xef>(\xb6\xd4\x03\xb6\xd9x\xf7\xae\x87J\xd2\xe1\xba\
V\x9c\x00X\x03\x83\x5c\xff\x00\x88<7\xa9xcQ\
\x96\xc3T\xb2\x9e\xc6\xea3\x86\x8ex\xca\xb05\xad\xe0\
;\xe4\x17\xff\x00d\x9eM\xa9'L\x9a\xfc\xeb\x19J\
T\xe1)GF\xb7G\xed.Q\x9d/iI\xddy\
\x1a\x08\xaaIW\x1c\x1fZy\xd2\xe2\x93%Pn\xfa\
WKq\xe1\x09\x1d\xcbC\x22\xf3\xd8\xf1V\xec<\x1f\
rH\xdf$J\xbe\xb9\xc9\xaf\x0d\xe3i\xc5s)\x1c\
N\xb4R\xbd\xce\x15\xb4\xdf*u;Z6\x07 \x8e\
?*\xfa\x07\xc1\x7f\xb5\x17\x8f<\x1d\xa0Ca\x1e\xaa\
\xb7pB\xbbck\xc8\x84\xac\x00\xe82y\xaeE\xbc\
/n\x88\x00\x22F\x1f\xc4\xd5\x05\xc7\x86\xe1kwg\
\x98\xc7\x81\x9c\x81\xc0\xae\xcc&|\xe8;\xc2Mz\x5c\
\xf1\xb1\xf4p\xb9\x8cT1\x10RK\xba\xb9C\xc5?\
\x1b|M\xaa\xf8\xb6\xeb\xc4R^\xa4Z\xa4\xf8\x0d,\
q\x01\x80\x00\x03\x03\xb7J\xe2<a\xf17\xc4\xde3\
\x89`\xd5\xf5\xcb\xdb\xf8\x13\x95\x86IO\x96\x0f\xfb\xa3\
\x8a\xad\xac\xc2Rw\x01\xb7 <\x1fZ\xc3\x96>\xbc\
W\xd2\xbcuj\xeb\xde\x9bk\xd5\x9e\x86\x0f*\xc0\xe1\
\xad*Tb\x9a\xf2W!\x8e\xe6kv\xdd\x1c\xae\x8c\
:m8\xafI\xf8K\xe3;\xeb\xef\x12[iW\xf3\
\xb5\xca\x5c\x91\x1cO!\xc9S\xd8}+\xcc\xa4\x5cW\
\xa8|\x02\xf0m\xd6\xab\xe3m;R\x92&K;i\
\x95\x830\xc6\xf6\xcfo\xe7^\xaeS:\xeb\x15\x05J\
\xfb\xeb\xe9\xe6y\x9cSK\x04\xf2\xca\xb2\xc4\xa4\x9a^\
\xeb\xeb\xcd\xd2\xc7\xda\xb6\xd0,Q$j0\x88\xa0\x01\
\xedZ\x116\x10UT\x18\x15e\x07\xca+\xf5\x03\xf9\
\x90\x95NMN\x9d\xaa\xba\x0c5Y\x8cd\x81I\x92\
\xcb\x11qN\xceM\x0a1\x9a@9\xa4!\x97\x13\x08\
af5F\x09?r\xe7\xd5\x85A\xaf\xddmh\xe0\
\x07\x92rilO\x99\x1a\x0fV\xcd5\xb9v\xb2\xb9\
\xb5\x17\x11\xaf\xd2\xa6AH\x91\xd5\x88\xa3\xcfj\x9b\x80\
\xe4\x1bTS\xe4rP\xfd)\xed\x1f\x02\xa1\x9c\xed\x89\
\xcf\xa0\xac\x9b5\x8a\xb8\xdd \x12g?\xedb\xaf\x95\
\xaco\x0b^\xad\xe2\xdd2\x9e\x03\xe3\xf2\xad\xdc\x02h\
\xa6\xee\x82\xaf\xbb+\x10\x90V\x9c\xcd\xb91R2T\
l\x9bT\x9cU\xb3+\xdcH\x9fcf\xaf\xda\xdd*\
09\xc5dI&\xda\x85\xeeLp\xb9\xce0\x0d`\
\xd9\xd3\x18\xdc\xa3,\xff\x00i\xd6\x01'9f?\xad\
w\xde\x1b\x976\x1bO \x120k\xccl\xa6\xdd\xaa\
\xc4\x09\xe7n\x7f\x9dw\xfe\x1c\xbaX\xe1\x91\x19\xb0w\
dg\xbdq'j\x8c\xed\xab\x0f\xdd$\x8f6\xf8\x9d\
\xfb-\xe8>7\xd6'\xd64\xfb\x83\xa4^\xce3<\
J\x80\xc7+z\xe3\xb1>\xb5\xccx\x0bA\xf1'\xc0\
\xfb\xb9\xecnl\xa4\xb8\xf0\xd4\xed\x97\xb8\xb7\x05\x84\x0f\
\xd9\xf1\xd8z\xd7\xd1\xa2\x5c\x8a\xcc\xd7\x8a\xbe\x95r\xac\
2\xac\xb8#\xd6\xbc\xfa\x99u\x15S\xeb\x14\xbd\xd9y\
~\xa8\xf6(\xe7\xf8\xd9a\xd6\x07\x12\xfd\xa5-\x15\x9e\
\xeb\xb5\x9e\xf7]/s\xe6\x7f\x87\xba\xbd\xcf\x8b\xbcq\
\xad_\xdf\x5c\x9b\x95\xd3\xcc\xaf\x13\xed\xda\xac\x1a]\xaa\
1\xdb\x86\xfd+\xe8\x9b\x19<\x9b$S\xc6\xc4\x0b\xfa\
W\x88\xf8s\xc2+\xe1\xadW\x5c\xd86\x9b\xcb\xf4\x11\
\xa8\x18\x017\x12?\xcf\xb5z\xd2\xdf\x8d\xc8\xa0\xfd\xe3\
Z\xe5\xb4\xe5J\x8f\xbf\xbbn\xe2\xcf\xaa\xd3\xaf\x89\xbd\
\x1f\x85$\x97\xdd\x7f\xce\xe6\xd9~\x07\xd2\x98H\xda\x17\
\xb99\xa8\x16\xe9Kd\x91M\x9bQ\x86\xdc\x16f\x03\
\x8c\x0c\xd7\xb3s\xe5\xd4G\xb1\x01\xd4\x1e\xac\x7fJ\x9a\
\xf1\xbeX\xd7\xeak\x9f\xd2\xb5\xd4\xd5\xf5\x09LG1\
Dv\x03\xea{\xd6\xcc\xd3\x09&r\x0eB\x8d\xbf\xe7\
\xf4\xa1;\x8eQqg9\xe2Y\x0aZ\xaa/\xde\x96\
@\x05l[\x8f&$OE\x02\xb1u\x11\xf6\xdd~\
\xd2\x01\xcaB\x0c\xaf\xfd+T\xcc7\x8fjq\xf8\xae\
k?\x81!o\xa7\x11[\xbbw\xc6\x05b\xbf\xd9\xf4\
\xaf\xb5_\x10\x10c{\xb7\xa8\x02\xad\xdf\xcc%\x99#\
\xcf\x03\x92=\xeb\x85\xf1\xe6\xb1-\xd5\xc4Z-\x99\xcb\
\xbe\x1ab;\x0e\xc3\xfa\x9f\xc3\xd6\xb3\xaf5\x15s|\
\x1d\x17V\x5c\xab\xaf\xe4gh\x17\xf7\x1a\x9e\xb3w\xac\
\xce9v)\x18?\xc2=\xbf\x0c\x0a\xe9|\x1d\xa9=\
\xd6\xb1\xac\xc2\xab\xb4+\xc6s\xf5\x075\x89g\x0f\x91\
\x02\xc1\x1f\x10F6c\x1c\xb7\xa9\xfc\xf3Xv\xbf\x10\
\xec<\x0b\xf6\xdb\x961\xdc]O;b&}\xa1T\
p\x0b\x1e\x83\xbf\xe7\x5c\x14[R\xbb=\xdcL=\xa4\
Z\x82\xec\x91\xed\x17\xda\x8d\xbe\x8dc%\xd5\xdc\xab\x0c\
\x11\xa9,\xccq\x5c7\xc3o\x10\x9dN\xff\x00Pv\
\x05Vi\xd9\xd07\x5c\x1e\x99\xaf!\xd7~,\xc3\xe2\
;\xb4y\xeef\xd5&\xceR\xd2\xd2\x22\x22\x8f\xfd\x91\
\x9cg\xea3\xf8\xd7Y\xf0\xcfR\x9d\xb5)\x1eH\x8d\
\xbb<a\xc4ly\x04\x1e\x87\xf3\xade\x89\x8c\xaaE\
@\xc6\x19uJ8y\xce\xa2\xb3g\xb9\xb4\x9b\x09\xc9\
\xe9Y\xda\x8c\xeb4\x0e\xa0\xe4b\x96\xea\xf04K\x22\
\x9e\x18\x0a\xc9\x9e\xe8\x10\xca\x0f-]\xaeVg\x88\xa9\
\xde\xec\xf3\xfd\x1bU\xdd\xa9K\x11?vFO\xc8\xe2\
\xbd\x1e\xdaO\xb5Z\xa4\x9dN0~\xb5\xe2f\xe8\xd8\
x\xae\xf2<\xe3\x13\x13\x8f\xc6\xbdw\xc3\x97\x8b2\x98\
\xfb2\xeeZ\xe9{\x93Uh\xa4\x8br/5\xcb^\
\xae\xd9\xa5\x1e\x8d]\x84\xc9\x5c\xa6\xac\x9b/%\x1f\x8d\
\x0739\xddk\x88P\xff\x00\xb5\x5c\xc7\x82\x00\x1e4\
\xd4S\xfe\x9b#~\x95\xd3\xebg6\xeb\xfe\xf5r\xfe\
\x07a\xff\x00\x0b\x02\xfc{\xa9\xff\x00\xc7iu6_\
\x03=q\xd02\x91\xeb\x5c\xbe\xb7e\xe6\xdaH\xb8\xc9\
\x15\xd2\xb4\xa35B\xf6 \xfb\xc7b+B\x1e\xa7\x9d\
~\xcd\x1a\xa3\xf8[\xf6\x8f\x9bO-\xb2\x0d^\xcaH\
\x88=\xd9>e\xfe_\xad}\xc9_\x9fr\xde\xff\x00\
\xc2\x19\xf1\xbb\xc1\x9a\xd7\xddE\xbfHdo\xf6X\xed\
5\xfa\x06\x0eFk4q\xe2\x97\xbc\xa5\xdd\x0bE\x14\
S8\x82\x8a(\xa0\x02\x8a(\xa0\x02\x8a(\xa0\x02\x8a\
(\xa0\x02\x8a(\xa0\x02\x8a(\xa0\x02\x8a(\xa0\x02\x8a\
(\xa0\x02\x8a(\xa0\x04\xdc\x09#=:\xd1\x5cW\xc4\
a\xaf\xe8\xb6\xa3_\xf0\xd4_o\xba\xb4\x5c\xdc\xe9Y\
\xff\x00\x8f\xc8\x87$'\xa4\x83\x92=y\x1e\x95\x97\xf0\
\xdf\xf6\x81\xf0w\xc4\xb81c\xa9\xc5k\xa8Fv\xcd\
ct\xc1%\x89\xbb\xa9\x07\xa1\x06\xb3\xf6\x91R\xe5z\
3\xa5a\xeaJ\x9f\xb5\x82\xba[\xdb\xa7\xa9\x1f\xc7O\
\x82\x1a\x1f\xc6?\x07\xdf\xd9]\xd8\xc25o)\x9a\xd2\
\xf9P\x09c\x90\x0f\x97\xe6\xeaGl\x1a\xfc\x98\xd7\xb4\
\x1b\xff\x00\x0ak\xf7\x9ae\xfcOi\xa8X\xccbt\
q\x82\xac\x0d~\xd9\xab\x07PT\x82\x0fB\x0d|\xb9\
\xfb_\xfe\xcbV\x9f\x11\xb4\x8b\xdf\x17\xe8(\x96\xbe$\
\xb2\x81\xa5\x9a%\x18[\xc4Q\x92?\xdf\xc0\xe3\xd6\xbe\
w9\xcb\xbe\xb3\x0fmI{\xcb\x7f4~\x8f\xc1|\
J\xb2\xba\xdfR\xc5K\xf7Sz?\xe5\x7f\xe4\xfa\xfd\
\xe7\xc6\xde\x06\xf1S\xea\xb6\xad\x0c\xe0\x99\xe1\x03-\xd8\
\x8a\xf4\x0b\x08\xc3\xc4\xaf\xeb^1\xe0\xbb\xe8t\xebi\
\x0c\x8c\x11\xcb\xfc\xc4\xf6\xc5z\x95\x86\xbf\x0b\xc1\x1a\xdb\
\x92\xe3\x1fx\xf0+\xf0\x8c~\x0d*\x8d\xd3VG\xed\
X\xc88\xcd\xf2\xa3}\xe3\x18\xf4\x15\x9f|#\x92\xdd\
\xe3l\x90Gj\xafw\xadAk\x1f\x99up\x90\xa0\
\xe7\xe68\xae?Z\xf8\x9dm\x08d\xb0\x84\xdc?O\
2N\x14~\x1dMy\xf4pu\xaa\xbbB7\xfe\xbb\
\x9c\xf4\xa8\xceo\xddEmz\xc6\xda\xd43\xb0\xe9\xfd\
\xe3\x5c\x5cV\xd3\xebZ\x946\x1at-su;\x88\
\xe3\x8d\x06K\x13\xd2\xba\x1f\x0f\xf8g\xc5?\x165q\
m\xa7\xdbKu\x93\xf3>6\xc3\x10\xf5'\xa0\xaf\xa6\
\xfe\x12\xfc\x15\xd3\xbe\x1b\xc4\xd7\x93\x15\xbd\xd6\x98\x15k\
\x82>X\xc7p\x9f\xe3_\xa6\xe4\xd9=lKJO\
N\xaf\xa7\xcb\xbb9\xb3|\xff\x00\x0d\x91\xd1jR\xe6\
\xaa\xf6\x8a\xfc\xdfe\xfd#\xc64\xff\x00\x82\xf6\xbe\x1f\
\xd4\x84z\xac\xa2\xf2\xe2\xdd\x15\xa5\x8d\x7f\xd5\x89\x08\xce\
\xdc\xf7\xc5{\x17\xc3Kd\xfbu\x9e\xd4\x08\x9b\x9c\xaa\
\xa8\xc0\x00\x03\x8a\xc5\xd4`\x9bT\xd5\xae\x84*^k\
\x9b\x96\x0a\x07~p?J\xee<\x1f\xa6\x7fgk\xa9\
m\xff\x00<\x10\x83\xf5\xc5~\xb5\x86\xc2\xd2\xc2\xc3\x96\
\x94l\x7f?f9\x96+2\xa9\xed1Sr\x7f\x82\
\xf4]\x0e\xfdG U\xd4O\x94UX\x97.+I\
#\xe0WC<\xa24O\x98U\xb8\x22\xdd*\x8fz\
dq\xe5\xc7\xd6\xb4-\xe0;\xd4\x81\xd3\x9a\x92X\xcd\
\x98\x19\xa4\x09\x81\x93\xf5\xab~O\xb5U\xd5\x5cY\xe9\
\xb7\x12\xf4\xda\x87\x14\xefa-N*\xfa\xe4\xddjs\
>r\xab\xc0\xadM\x05\xbc\xc3\x17\xe7\x5c\xfc\x0d\x8bY\
d=[&\xb7|&\xdb\xc2\x9f@j/f\xbd\x0e\
\xc7\x1fq\xf93\xab\x88u\xab\xb0 '\xde\xa9\xc6p\
*\xc4S\xc7n\x8f4\xae\x128\xc6K1\xc0\x15\x12\
vF\x0a7v%\x9c\xf9j\xc4\x9c\x90+&\xfa}\
\xf0:+\x00\xcc0\x09\xaa\x96\x1e\x22\x8f]\xb5\xb8\xb9\
\x81\xb7DCm\xe7\xd0\xe2\xb2\xf5\x9dDXi\xf2\xcf\
!\xe1c'\x8a\xe5\x94\xf4\xb9\xe8\xd2\xa0\xf9\xb9m\xa9\
\x85\xe1\xbf\x12?\x87uIV|\x8b9g\xda\xed\xd7\
\x1e\xf5\xea\x8b:\xb0\x0c\xa40# \x8e\xf5\xe2\x9e\x1b\
\xb7MWJ[\x8b\x98\xc3\xac\xb2\x17S\x8f\xbc\x0dm\
\xd8\xeb\x1a\x97\x85S`\xdd\xa8i\xab\xd1O\xfa\xc8\xc7\
\xb7\xa8\xa8\xa3Z1\xd2GV+\x07*\x8e\xf0\xdc\xf5\
\x84\x908\xe3\xa8\xa6N\xc0Fk\x92\xd1\xfcek\xac\
\xc5\xe7YL\x93(\xe1\x94\x1eW\xea+`\xdf\x89c\
'vk\xbe\xe9\xab\xa3\xc4t\xe5\x09r\xc9Y\x91j\
7\x02\x09\x22bp\xaev\x93\xfc\xaa\x96\xab>\xcbV\
\x00\xe0\xb7\xca*=jasa2\x03\x87\xc6T\xfb\
\x8e\x95\xce\xdak\xcb\xae\xd8E:\x1f\xbb\xf2\xb8\xf4a\
\xd6\xb0\xeavB.\xc9\x97-n\x04:\xf5\x921\xc1\
\x91\x18\x01\xf4\x04\xd7qa|m\x89u\x0a\xe7\x1d\x1a\
\xbc\xa7Wg\x8f^\xd0.\x95\x88E\x95\xd1\x87\xaeP\
\x9f\xe9^\x81\x0c\xf89\xcfQ^d\xdd\xaa3\xd6\xe4\
\xe6\xa7\x1f\xeb\xa9\xd3\xc5\xadK \xf9\xe1\x03?\xedT\
z\xb6\xa6\x1fN\x95\x02\x90\xcc0\x07j\xc6\x82\xf1\x9b\
;\x97`\x1c\x0c\x9e\xb4\xdb\xbb\x8f2&\x5c\xd1\xce\xf6\
f\x0a\x8aRN\xc6=\xca\x8b\x8dn\xd5\x00\xce\xc0\xd2\
\xb7\xe00?\x9d,\xba\x82\xda^\x02\xcd\x85\x07\x03>\
\xb4\xcd%\xfe\xd1\xa8_\xdc\x1eV0\x22\x07\xf5?\xd2\
\xa2\x80-\xdd\xe4\xae@e\x8c\xe0dg\x9e\xb5\xd6\xbd\
\xd4\xacC\x5c\xd2w4\xff\x00\xb4\xcb\x17\xc1\xfb\xa7\x07\
\x9e\xf5\xc4\xf8\xc3^\xba\xd5\x0b\xd9X\x16\xc7\xfc\xb4\x94\
\x1e\x83\xebW|I{<{m\xe1\x02\x14s\xcb\x13\
\xf36}\x00\xac\xfdL\x0b\x0d:+T]\x93\x5c\xb0\
\x8f=X\x83\xd4\x93YT\xaa\xfe\x14t\xd0\xa1\x1b\xf3\
3O\xe1\xe5\xcb\xe9\xfa$\x93H\xdb\x94nr\xc7\xdb\
\x8f\xe9]V\x97\xaa\xc9-\x9a\xb4\xbf,\x8f\xf3\x11\xf5\
\xaeU\x914\xcb+-5:\xcc\xc06z\xed\x1c\x9a\
\xb1\xae\xea\x91iVe\xdeQ\x09o\x95I\xae\x88>\
U\xafC\x92\xac=\xa4\xf4[\xb3\xa3\xb7\x9a14\xd3\
dns\xd7\xd8V\x1f\x88<\x7f\xa5\xe8\x91\xb8i\xc4\
\x93\xaf\xfc\xb2\x0a\xd9'\xeb\x8e+\x87\x93\xc5\xb7\xba\x8b\
\x0bM-\x0c\xd2\xb8\xc1\x94\xaf\xcb\x10\xf59\xff\x00\xeb\
\xd2\x9f\x04+\xa1\x96\xf6\xe1\xeeg8\x18\xee\xcczu\
\xed\x9a\x97Y-\x11\xacpn\xf7\xa8i\xe9~9{\
\xdb[\xfdf\xe2!\x1d\xad\xb2\x90\x80\x9f\xbc\xe7\xa2\x8f\
\xf3\xde\xbc\xc3P\xf8\x87\xa8\xad\xfd\xc4\xf0<QO;\
d\xb0@\xcd\xf4\x19\xcf\xf9\x15\xe9\xf3\xf8~\xc6\xfe\xd6\
\x0d1\x90\xb6\x9bi\xf7\x95X\xa8\x96^\xe4\xe3\xb0\xff\
\x00=*\xfe\x9b\xe1\xfd?H\x1b\xad,m\xedGM\
\xea\x801\xfa\xb7Z\xc2\xa4\xd4\x9e\xd7;\xe8F4\x93\
}\xfayz\x9e=\x1e\x9b\xe3o\x17\x1e$\xbc\x86\x06\
\xea\xf2\xb9\x850{\xe3\x8c\x8f\xa0\xae\x91\xbe\x0biS\
\xcdi\xfd\xa94\xd7b\xda%C\x0a6\xc4f\xea\xc5\
\x88\xe4\xe7\xdb\x1d+\xd0\xa6\xd54\xed,\xb3\xcdr\x84\
\xe7<\xb6\x7f\x0a\xe4uO\x89\xfa]\xb4\xae\xa8\xdec\
g\xefH\xc1\x14\xfe&\xb8\xe4\xe1\xf6\x99\xe8\xd3\x9dy\
\xbf\xdc\xab%\xdb\xfc\xcd}?\xc3zN\x85h\xd1\xe9\
\xba]\xbd\xa9\xda@h\xc1\xdc\x7f\xe0D\xe4\xfe5\xcf\
xff\xb7\xf1\x1c;\x81B\xcc\xf1\x95=\x8d<\xfc\
F\x82u\x06\x18\x92E\xf5\xdf\xc7\xf2\xac\xed6\xf8\xcf\
\xac[\xdcd\x02\xd7!\xb0:r\xdd*o\x1eh\xf2\
\x9a(T\xe4\x9f\xb4[\xae\xa7\xad\xc7p\xef\x14\x90\x9c\
\xe1F\xe5?\xd3\xf4\xfdj\x15'\xcc\xe4\xd3\x95\xcar\
9\xa6\xe3\x0e+\xd4oc\xe6R\xb5\xcf\x19\xf1\x9c\xdf\
a\xf1\xb5\xe1\xe8<\xc0O\xd3\x02\xbd#\xc2:\xa8h\
-\xe5\x0c\x09C\x83\x8fJ\xf3\x0f\x8avW7\xde0\
\xbd\x8e\xd0\x01\x80\x0c\x927\xf0\xfc\x8b]/\xc2k\x9b\
k\xabS\xa75\xf7\x99\xa8\xc2\x84\xf9N\xbbK\xa8\xf4\
\xf5 WT\xab\xc3\x9dG\xa8}Zr\xa0\xe7m\x11\
\xedr\xa0u\x0c9\x04dW%\xe2\x18\xca\xdd\x93\xea\
\xb5\xd2\xe8\xd3\x0b\x8d5\x06rc\xf9\x0f\xf4\xaco\x13\
\xc3\xf3\xc4\xdd\x88\x22\xb6L\xf1|\x8e\x1f\x5cm\xb0\xae\
}k\x8f\xf0\x9c\xc5<y|\xcb\xd7\xe4\xae\xaf\xc5\x80\
\xc3g\xbb\xb0\xe7\xf5\xaeC\xc1\xdf?\x8c\xae\x9f\xb1@\
i\xf5:R\xf7\x1b=V;\xa3$\x8c\xbe\x9c\xd4\xec\
w\xa8\xfab\xb3b%n>\xbcU\xd0J\x9cv\xad\
\x0c\x13<c\xe3\xb5\x8b\xc7\xa2\xff\x00hD1%\x9d\
\xc2\xca\x18u\x189\xaf\xba\xfc\x0d\xad\xa7\x89<\x1b\xa2\
j\xa8w-\xe5\x943dz\x94\x04\xd7\xc8\x7f\x12\xf4\
\x91\xaa\xf8kW\xb7\xdb\x92\xf03\x0f\xa8\x19\xafn\xfd\
\x8f<H|E\xf0\x17A\x0e\xdb\xa6\xb12Y?\xa8\
\xd8\xc7\x1f\xa1\x15\x1dL\xb1\x0a\xf0O\xb1\xedtQE\
\x07\x9c\x14QE\x00\x14QE\x00\x14QE\x00\x14Q\
E\x00\x14QE\x00\x14QE\x00\x14QE\x00\x14Q\
E\x00\x14QE\x00&+\xe4\xdf\xda\x83\xf6:\x7f\x18\
_O\xe3\x7f\x87,\xba?\x8cT\x99n\xadcs\x1c\
w\xe7\xaeA\x1c,\x9e\xfd\x1b\xbf<\xd7\xd6t\x98\xac\
+P\x85xrM\x1e\x8e\x030\xc4e\xb5\x95|;\
\xb3\xea\xb7Mvk\xaa?+\xb4\xdf\xdac\xe2\xf7\xc2\
+\x93\xa4\xea\x91Mgy\x09\xdaa\xd4\xe1|\x93\xf9\
\x80\xc3\xdcW\xd6\x1f\x05>4|M\xf8\x93\xf0\xb7_\
\xd7\xb5?\x0b\x1b\x97X\x1a=8Z\x00\x82\xf2C\xf2\
\xe4+\x1c\xed\x07\xa9\xcfc_D\xf8\x83\xc1\xba\x17\x8a\
\xd1SY\xd1\xec\xb5E_\xba.\xe0Y1\xf4\xc8\xad\
\x1b\x1b\x0bm.\xce+K8\x22\xb5\xb6\x85BG\x0c\
(\x15\x10\x0e\x80\x01\xc0\xaf:\x8e\x0a\xb5);\xd6n\
=\x8f\xa4\xc7\xe7\xb8,e%\xcb\x81\x84j]6\xd3\
v\xd3\xc9[s\xf3*\xd7\xf6\x15\xf8\xb5}e\xf6\xb1\
\xa6Y[\xbb\xfc\xdff\x9e\xf9\x16O\xea?3M\xb6\
\xfd\x8c>7\x09\xc4\x03FKx\xbf\xe7\xb1\xd5-\xf6\
~\x8eO\xe9_\xa7\xd4t\xae\x07\xc3\xd8G\xbb\x7fz\
\xff\x00#\xd9\xff\x00\x88\x85\x9bkxS\x7f\xf6\xeb\xd3\
\xff\x00&?54\xbf\xd8[\xe2\xa6\xa5r\x16\xfe\x1b\
+D\xcf3Oz\x1c\x0f\xc1rMj\xf8\xdb\xf6X\
\xb0\xf89\xa7\xe8\xd7z\xdd\xe0\xd7.\xef\xb5\x08l\xfc\
\x98\xf3\x1cCq9\xc7rx\xaf\xd0\xf9\x9f\x02\xbeC\
\xfd\xb5\xf5\xb9e\xf1o\xc3M\x12\xd5\xf3)\xbd\x9bP\
\x95T\xf2\xab\x12\x8c\x13\xf8\xb1\xfc\xabzy&\x0e\x8e\
\xb6\xbf\xa9\xcdS\x8c\xb3\x8c|\x95>u\x04\xff\x00\x95\
[\xf1\xd5\x9d\x96\x81\xa2\xe9\x9e\x12\xd2c\xb4\xd3m\xe2\
\xb4\x85W\xeeF\xa0g\x8a\xcc\xf2\xfc\x98d\xf7,\xdf\
\x99\xcdZ\xd1,\xe5\x8fD\xb6\x13\x16y\x8cJ\xce[\
\x93\x9cs\xfc\xe9%\x8c\xe0\xf1^\xd5\x1aq\xa4\xad\x13\
\xe5j\xceU$\xe57v\xfa\x9c\x1f\x85\xf4Pu\xc1\
p\xc0mL\xb0\xfa\x9a\xda\xf0\xd4[\xfcM\xa87\xa0\
o\xfd\x08V\xcd\x8d\x84V(Dc\xa9\xc9'\xadQ\
\xf0\xac?\xf17\xd4\x5c\xf7'\xf9\xd7U\xf79\xdfC\
\xa9\xb6\x8f2V\x9a\xc7\xc5U\xb2\x8f,kPGY\
\x83\x19i\x06\xf9\x94b\xb5\xe3\xb7\xdax\x15_L\x8b\
3g\xd0\x1a\xd7H\xb0F{\x83\x8aD2\xa7\x91\x5c\
\xd7\x8f\xe7\x16\xba*\xa6pep?\x01]y^k\
\xce\xfe.]\xf9q\xd9D\x0f<\x92>\xbf\xfe\xaaO\
b\xe8\xab\xcd\x1c\xe4\xac#\xd3N8\x05Ml\xf8\x1e\
u\x9a\xd6Y\x17\x95_\x975\xcb\xf8\x96\xef\xfb/\xc3\
\x86F \x16M\xab\x9fS\xc7\xf5\xad\xff\x00\x871\x14\
\xf0\xb4,xi\x09c\xee*\xaa+4\xce\x88\xca\xf0\
q\xf3;!p\x00\xfaW\x1b\xf1\xb3Q\x96\xcb\xc0\x82\
\xde\x171\xcf}2G\x958;s\x93\xfa\x0f\xd6\xba\
\x98#3N\x89\xfd\xe3\xcdyO\xc5mqu\xcf\x1b\
E\xa7F\xe1\xedt\xc8\xb7:\x8e\x9ecp?L\xd7\
\x9d\x89\x9d\xa0\xd1\xeae\xd4y\xeb\xc5\xdbmN\x9b\xe1\
\xa4&\xdb\xc3w\x05\x8e2\xacy\xed\xd2\xb3\xbe$\xf8\
\xa7N\xd2\xb4\x1b\x94\x96\xee\x11q\xe5\x0d\xb0\xb3\x80\xcd\
\xc7\x03\x15\xa3\xe0K\xa1&\x81\xa8`\xfd\xc0x\xf4\xcd\
`|S\xb5\xb6\xbd\xb7\x8e\xda{d\x9b|\x88\x01+\
\xc8#\xde\xb9$\xda\xa5\xa1\xeaB)\xe3\x1f7\x7f\xf2\
(xk\xc7\xfe\x1d\xb1\xf0\xe5\x84r\xebzd3\xac\
yx^\xe9\x14\xa7$\xe0\xf3\xc1\xab\xed\xf1?\xc1\xe9\
\xcbx\x97JC\xefx\x9f\xe3X7\x7f\xb3\x9f\x83\xf5\
uGX\xef,\xdc\x8e|\x8b\x8e\x18\xfa\xfc\xe1\xab2\
_\xd9?Ai6\xc3\xa9\xeaQ\x13\xd3{@\xdf\xcd\
+\x8a\xf5\x96\xc9\x1e\xb2X\x19\xdd\xcar_#[S\
\xf1\x9f\x81\xae\xee\x05\xcd\xa7\x8bl4\xfb\xe1\xcf\x9dk\
r\xbc\xfd@<\xd5\x8d?\xe3D\x16\x87\xc8\x9e\xee\xcf\
Z\x8f\xa0\xb9\xb0\x97\x0f\xf8\xa9\x1c\x9f\xa5a\xe9\xff\x00\
\xb3M\xb6\x9b0{-n\xebx\xe7-n\x87\xff\x00\
A\xc5tV\x7f\x09\xee\xadq\xe6j\xe9\x22\xfa\xb4E\
O\xe5\xbb5\xa59\xd7\x8b\xecgZ\x9e\x06j\xd7\xe6\
\xf5\xd3\xf4\xfdM\xa8>!\xe97\xa8\x0e\xfb\x84\xcfi\
!o\xe9\x9a\xcd\xd2\xb5k{\x0d~xb\x905\x9d\
\xe9\xde\x84\x826\xc9\xe9\xed\xff\x00\xea\xab\xbf\xf0\xae$\
\xf2\x86\xdd@\x03\x8e\xf0\x12?\xf4:\x80\xf8\x02\xfe5\
!n\xad\x98\x7f\x0b$L\xa4\x7f\xe3\xc6\xba\x95y\xfd\
\xa3\xccxj?c\xfa\xfc\x08\xbcw\xa8\xc9i\xa6X\
]@Ix.\xd2B\x01\xf4\xcdoi\xde:2\x22\
)\xb7v\x94\xff\x00\x0erk\x91\xbd\x9eW\xb3\xbc\xd1\
uE\xfb>\xa2\xb1\x97\x80\xf5K\x8c\x0f\xe1>\xbe\xd5\
\xdc\xf8A,\xe5\xd0\xac\xae\xed\xe1Di\x22\x05\x9b\x1c\
\xee\xc6\x0f?Pk\x9eSS\x9d\xd1\xbb\xa4\xe9\xd2Q\
\x92\xd9\xfe{~\xa7Kgw,\xd6\xea\xf2\xaf\x96\xcd\
\xce\xdfJ[\x9b\x9f.\x17|\xfd\xd0MB\xacq\xcd\
fx\x8a\xe1\xc5\x88\xb7\x8b\x99n\x18F\xa3\xebW\x05\
\xcd$\x8e9+&Y\xd2f[?\x0d5\xcb\xf0f\
f\x94\xe7\xd3<~\x80UK\x8dz-\x17JId\
\xc3\x5c\xcc7$}\xcezUo\x19\x5c}\x96\xd2\xcb\
I\xb6\xc9!Wp\x1dp8\x1f\x9d3H\xf0\xe9I\
\x85\xed\xfby\xf7\x5cmC\xd2?\xfe\xbdtT\xa9g\
\xa1\x85*JK\x99\xf5\x0d'O\x9e\xe2_\xb7\xdfs\
;\xf2\x88\x7f\x84\x7f\x8df\x5c]}\xbb\xc6\x11F\xa4\
y6\x83,O@{\xd7C\xadj\x1f\xd9z|\xb7\
$\x03\xb4w\xf5\xed\x5c\x87\x87-\xa4\x9a7c\x9f>\
\xed\x89f\xf4Z\xe6O[\xb3\xd0J\xd1\x7fp\x93\xf8\
\x9e$\xf1\x15\xcd\xed\xc4\x8e\xc2\xddDp[\xc7\xcbH\
\xc7\xb0\x1fN\xa6\xaeZ\xe8\xf7\x9a\xdd\xe2j\xba\xc2\x86\
q\xfe\xa6\xc4\x1f\x92\x11\xef\xea\x7f\xcf\xb0\xb7\xa1\xf8:\
\xd3I\xb8\x96\xed\xdc\xde]\xb3\x13\xe70\xc0_\xa0\xf5\
\xf7\xad\x99v\xc6\x1aR\xdbP\x0c\x9c\x9c\x01C\x93j\
\xcd\x8e\xd0M8\xaf!-\xad\x09\xc3\x94X\xcf@\x80\
b\xb3u\x8dPi\xfa\x841\xdcI\x0d\xbd\xbae\xcb\
n\xcbt\xfeu\x83\xe2\xdf\x88\xd1i\x16\xcf\xe4\xcc\xb1\
\x0e\x86w<\xfe\x15\xf2\xff\x00\xc4\xef\xda\x1fM\xd3\xe5\
\x9a4\xbbk\xe9s\x86X\x1b9>\xed\xd0W<\xaa\
\xf2\xed\xb9\xddC\x09*\xef]\x17v}\x11\xe2_\x8e\
Z\x1e\x84\x8d\x0d\x8e$e\xe3w`\x7f\xady\xce\xa7\
\xf1\x93]\xd7\x9d\xcd\xb7\x95gn\x7f\xe5\xb5\xec\x9eZ\
\x0f|u5\xf1\xff\x00\x88~6j\x9a\xa3\x13\xa7Y\
\x9b$\xfe\xf2\x02\xf2\x1f\xf8\x11\xe9\xf8W,\xde)\xd7\
\xf5\x12Z\xe5\xa4\xc1\xff\x00\x9e\xaf\x9c\xd7,\xbd\xbc\xd5\
\xd2>\x86\x8d\x0c\xae\x83J\xa4\xaf/K\xff\x00\xc0>\
\xc2\x93\xc4\x967\xac\xef\xaax\xc0K\x83\x86\x8e\xd5\x84\
I\x9f\xf7\x8fQV\xb4\xcd[\xc00H$\x9bW\xb0\
2\x0eI\x96Q!\xfc\xc95\xf1\x8aj:\xb3\xb6\x04\
h\xcb\xea\x5c\x7f\x85Z\x8e\xfa\xf9\xbe\xfd\xb4C\xdc\xbd\
q\xb8b\x13\xf8\x13\xf9\x9e\xba\x9e]5eZIy\
F\xdf\x92>\xf4\xd0\xbca\xe0=Pyv^ \xb1\
-\xd0+J\xa8?\x0c\xe2\xb5\xdd\xc6\x95\xaaY\xca\x0a\
\xb5\xac\x8c\x1a9c9V\xc1\xcfn+\xe0\x9b$\xba\
\x90\x86\x92\xddU{\x959\xafZ\xf8u\xa0x\xce\xe2\
k[\xdd.\xda\xfe\xe6\xc6\x12\x1d\x94\xe4\xc3\x8fs\xd0\
V\xf0\xa9Z-sS\xfb\x99\xc3[\x09\x83\x94[\xa5\
\x88\xf9I[\xf1?B\x8f\xcc\xa0\x8e\x87\xa5.9S\
^q\xa2x\x83\xe2\x1e\xa9aj\xc3\xc3\xba]\x8cl\
\x83\xf7\xb77e\xf21\xd7\x0b\xcdvZ\x5c\x1a\xc2\x8d\
\xfa\xa5\xd5\xb1ls\x15\xa4D(\xfcX\xe6\xbe\x865\
9\xb6O\xee?9\xa9\x87t\xbe)/\x93\xbf\xe5s\
\xcb\xb5\xfdK\xed_\x11/\x18\x02\xf0\xc5/(?\x8c\
\xaf\xca\x07\xe8k_\xc5zg\xf6e\xf6\x97\xe2\x8b8\
\x85\xad\xc4r\xa8\x9d\x10`\x1ez\xff\x000k\xca|\
k\xac]\xe9\xfe(\xb9\x97O\xb8x\xd9\xa5f\x05:\
\xfd\xe2\x7f\xadv\x9f\x0e|X|m\xa3k:E\xf4\
\xd2>\xa0\x22\xdf\x1a\xc9\xd1\xb1\xdc{\xe7\x15\xc79^\
\xac\x91\xf40\xa0\xe1\x86\xa7Qmm}\x19\xef\x1e\x19\
\xbeIo\xae\xe2\x8c\xfe\xeaEY\x93\xe8@#\xf9\xfe\
\x95c\xc4\x10\x09-\x81\xee\x1a\xb8\x7f\x85\xda\x83Ky\
c\x1c\x8d\xf3\x0bf\x87\x9e\xfbNG\xe8\xd8\xfc+\xd1\
\xaf\xe2\xf3\xa1u\xf6\xafn\x8c\xf9\xe2\x99\xf0x\xaa^\
\xc6\xab\x89\xe5\x9e>\x8b\xc9\xf0\xf5\xc4\x87\xf8@\xfeb\
\xb8\xff\x00\x02\xc7\xbfS\x96\xe3\xe8\xb5\xdf|S\x83\xec\
\xfe\x08\xbf\x90\x8eF\xd0?\xef\xa1\x5c\x1f\xc3\xff\x00\xf8\
\xf5\xf3\x0f\xf10\xfeU\xb2\xf8\x84\xbf\x82\xdf\x99\xdf\xbb\
m`}\x1a\xb4\x19s\x1eEc\xf9\xbb\xab^\x07\xf3\
 S\xedZ\x9c\xc8\xcd\xd4m\x85\xc2\xb2\x91\x90\xe8T\
\xd3\xff\x00a}_\xfb:O\x1c\xf8RV!\xec\xef\
\xfe\xd1\x1a\x9e\xca\xd9\x07\xf9\x0a\x95\x88y\x02\xf7\x04\x8a\
\xe3\xbe\x09j\x1f\xf0\x87~\xd5\xf7\x96D\xec\xb7\xd6\xed\
>\x80\xb62?QP\xf7\x1c\x974$\x8f\xb7h\xa2\
\x8a\x0f((\xa2\x8a\x00(\xa2\x8a\x00(\xa2\x8a\x00(\
\xa2\x8a\x00(\xa2\x8a\x00(\xa2\x8a\x00(\xa2\x8a\x00(\
\xa2\x8a\x00(\xa2\x8a\x00(\xa2\x8a\x00(\xa2\x8a\x00)\
\xacp)\xd5\x1c\xad\x80h\x02\x95\xf4\xeb\x0cN\xec\xc1\
UFI=\x85|R$\x7f\x8c\x1f\x18\xf5\x8f\x159\
3i\xd0\xb8\xd3\xb4\xf5<\x81\x04g\xe6a\xfe\xfb\xe4\
\xd7\xb5\xfe\xd4\xdf\x10n<7\xe0\xd8\xb4\x0d*Lk\
\xfe#\x93\xec6\xdbO1\xc6\x7f\xd6\xc9\xf4U\xcf\xe6\
+\x9b\xf8[\xe1\x18</\xe1\xfbX\xe3M\xb1\xc6\x81\
#\xc8\xe4\x81\xfcG\xdc\xf2\x7f\x1a\x96zXu\xc9\x17\
>\xafc\xa7\xfb9\xb7\x89P\xfd\xe3\x80j\x19\xecc\
|\x80*\xdd\xc3\xee\x907qU\xad\xa5\xf3\x83\x1fF\
\x22\xa1\x1a\x19SZ4r*\x01\x96c\x8af\x97\xa5\
\x9b+\x9b\x96#\x05\xcd^\x92O\xf4\xf4?\xdd\xe0~\
5vD\x01\xc9\xc7Z\xbb\xb15\xb0\xeb(\xf1\xf9\xd6\
\x98Z\xa7f\xbd>\xb5\xa4\xab\x93H\x96X\xd3\xa3\xc3\
1\xf6\xad\x99\x93\xca\x82\xd9\xc0\xea;\xd6u\x8a\x80F\
{\x91[\x9a\xb4>]\xa5\xb8\xf4$Pd\xde\xa8\xc9\
\x7f\x95\xc8\x07#5\xe4?\x15g\xf3\xfcAk\x00l\
\xf2\xab\x8f\xf3\xf5\xaf^\x97\x90\x18\xfa`\xd7\x89\xf8\x82\
Q\xa8|B\x83q\xccQ\xbbJ\xd9\xfe\xea\xe4\xff\x00\
%\xa6\xb5h\xe9\xa3\xa73\xf28\xef\x8c\xfa\xc2[=\
\x8e\x92\x8c\x03\xa8Wp\x0fO\xf3\x9f\xd2\xbdS\xc2V\
\xff\x00e\xf0\xf5\x8c~\x91\x8a\xf9\xbf\xc6\xb7Sk\xbe\
.\x9a\xe1\xf2M\xc4\xe4\xaf\xb2\xe7\x00~U\xf4\xe6\x97\
\x0f\xd94\xbbX\x09\xc9\x8e%L\xfd\x00\x15\xa5wd\
\x90\xa8\xa6\xee\xcbS\xdf\xc7\xa3iZ\x8e\xa96\x04V\
\x903\x92}\x86k\xe7\x1f\x0c\xcd.\xa7\x1d\xc5\xfc\xcc\
d\xbb\xd4\xa72\x9e\xe7\x93\x80\xa3\xf1\xfeu\xeb\x9f\x1c\
\xb57\xd2\xfe\x1c\xb5\x8c@\xb5\xc6\xa2\xc16\xafR2\
?\xfa\xc2\xbcS\xc2\xde$\xb6\xf0\xae\xa7\x0d\xcd\xeb*\
[Y\x8d\xe3'\xe5\x0e:s\xf5\xaf\x9e\xc4J\xf2\xf2\
G\xdaet\xedM\xc9-^\xdf#\xdb\xbc\x11\xa2\xdd\
\xf8mu-;Q\x08\xd7M\x0cs:\xa9\xc8]\xcd\
\x90\xa4\xfb\x02\x01\xfck#\xc77\x89swi\x11l\
f\xedq\xe9\x8esU\xfe\x1e|M\xb5\xf8\x87{\xae\
^\xc3p\xb2J\xa1\x01\xd9\xd3h#\x1f\xc8\xd75\xf1\
\x02\x16Y\xed@\x9aP\xf2\x17`C`\xaf#\x18\xf4\
\xa9\x9c\x97\xb1M\x7fZ\x85:SX\xb7\x1a\x9a?\xf8\
\x07\xa2\xdaj\xfat\x05D\x97\xb1\xf9\xea\xb8(_\xee\
\xfe\x15q\xfcE\xa6c\xe6\xbc\x8f>\xc6\xbel\xbd\xd3\
t\xe8\x9ak\xbb\xab\xab\x85\xe7s\xcb-\xcb.}{\
\xd75\xaax\xd3\xc1\x1a:\xac\x8d\xa9\xcfv\xc7\xfeY\
\xc33\xb1\x1f\xadp\xbcR\x8e\xe7\xb3\x0c\xa2u\xdd\xa9\
\xdd\xbf%s\xebV\xf16\x98\xf8V\xd4\x17>\x8c\xd5\
=\xbe\xa5\xa7\xcf\xca_D\x7f\xe0B\xbe#\xd4>9\
\xf8f\xc9\x0f\xd9-n\xdf\xdeF?\xd6\xb3\xed\xbfh\
\x1f\x0f\xc9(3\xad\xfd\xa2\x8f\xe3\x8d\xf3\xfaT\xacb\
{\x1dO\x87\xebB7\x9b\xb7\xad\xbf\xcc\xfb\xf2\x19!\
e\xdb\x1d\xc4d\xfb7&\x96XC\x0f\xbd\x82?Z\
\xf8\xafE\xfd\xa54\x09'\x8d>\xdfs\x12\x8e7\xc9\
\x11?\xd6\xbdk\xc0\xdf\x19\xb4\x9f\x13\xde\x1bm?[\
\x86\xe1\xc0\x07\x0d)\x8c\xfeO\x8a\xd9WL\xf2+`\
*\xd1\xbb\xdd.\xc7\xb0x\x8f\xc36\x9e&\xd3\xda\xda\
\xe5v\xb0\xf9\xa2\x99~\xfcm\xd8\x83Y\x9e\x0c\xd3\xef\
\xbc1\xe6iW\x80\x5c@Ixn\x13\x81\xcfPG\
j\xd7\xd2\xaeo\xde\x10\xd2[\x9b\x98\xcfG\x8b\x93\xf9\
V\x81\xbdD\xe5\x92D\xc7\xf7\xd0\xf1\xf5\xad9\x13\x92\
\x9fS\x91Vj\x0e\x93\xd5~^\x85\xa4\x04\x0fj\xcd\
$\x5ck~c\x7f\xaa\xb3\x5c\xf3\xd3q\xadG\x95\x16\
\xd0\xdcd\x14\x0b\xbb\x22\xb9\x9f2I\xa3\x8e\xce#\x9b\
\x8b\xc7/!\xfe\xea\xf75\xd7O\xddNL\xf3\xe7y\
\xb5\x14\x5c\xd2\xe0:\xae\xa3s\xa9\xca2\xa0\xed\x88\x1f\
\xc8V\xd1\x5c\xd4\x96v+\x04)\x1a\x0c\x22\x0c\x0fz\
\x9ad\x8e\x18^I>TE,O\xb0\xac\xec\xe5\xa9\
|\xc9h\x8e\x0f\xc73\xf9\xd3[X#\x12\xceC0\
\xcf\x00v\xad?\x0e\xe9\xc0\xc4\xf2\x15;1\xb1y\xc5\
s\xd6)/\x885\xd9\xae\x00\xcf\x98\xd8_e\xae\xfe\
(V\xd6%\x8dF\x15F)X\xdeo\x95(\x8cu\
\x8e\x08\xc6\xec*\x81\x85E\x1d}\x80\xae\x0b\xc7~/\
\xb1\xd1\xad$\x96\xfau\x82\x08\xff\x00\xe5\x989,}\
8\xea}\x85t^(\xf1\x05\xf2\xdb=\xb6\x93\xa7\xb4\
\xf3\x95#\xce#\xbf\xa0=\x87\xbdx'\x8c>\x13\xeb\
\x1e \x12\xff\x00o\xea\x12$\xf2)\xcc6\xed\x82\x80\
\xff\x00\x0eG\xdd\x1fN\xb9\xe4\x9a\x89\xa7kE\x1b\xe1\
\xa1\x06\xf9\xaa\xbbyu>u\xf8\xc9\xf1CV\xf1\xee\
\xb5se\xa6$\xb0\xd8\xa9\xf2\xd6(\xfef?\xef\x91\
\xd3\xfd\xd1\xf8\xd7\x98\xe9\x9e\x04\x9ek\x96{\x95*\xd9\
\xc3\x19;}\x16\xbe\xd0\xd2\xbe\x17i~\x1c\xb00\xc1\
j\xa5\xd2<}\xdeTc\xf9\x9a\xf0]j\xcc\xda\xea\
\xb7P\xe0\x83\x1c\x84|\xd5\xc1Q\xfb'e\xbb>\xd3\
\x03B\x9e.7\x7f\x0a\xd9\x18#\xc0\xf6\x9a\x1f\x84\xef\
<Cy\x04\x8falDa\xd4\x80ZC\xd1G\xe6\
*\x9f\xc36\xd0\xbe k?\xd9&S\xa7jsq\
k\x0d\xcb\x00\x937d\x0f\xd0\x1fL\xf5\xaft\xf0\xdf\
\xc2i~<|\x1b\xbc\xf0\xcd\x8d\xfcZn\xb1\xa6\xde\
\x9b\xc8>\xd00\x97\x01\x97\x00\x13\xdb\x9c\x8c\xf6\xe3\xd6\
\xa0\xfd\x9f?c/\x11\xf8\x0f\xe2u\x8f\x89\xfcv\xfa\
u\x86\x8f\xa2\xbf\xda\xd9~\xd2\xb2\x89\xe4\x5c\x95Q\xb4\
\xe0\x8c\xe0\x9a\xe5\xa7V3O\x9eZ\xdc\xe2\xc6b\xa5\
\x86\xae\xe9R\x8aV\xe9m\xfbz\xfc\x8f(\xd6\xfc\x01\
\x0e\x8f\xa9\xdc\xdaj\x1a|\xd6\xb7\x90\xc8RD\x93\x82\
\xa4pF+\xde~\x17~\xc8q\xf8\x7fN\x7f\x18\xeb\
wZf\xb1\xa7\xde\xc5\x1c6\x1az?\x98]\x8f\xcc\
X{\x801\xf8WK\xafAm\xf1\x03\xc4\xda\x9e\xa7\
5\xaa]=\xdd\xcb\x98\xa4\x91pY=~\x95\xd7\xfc\
\x22\xd2t\xef\x0fYx\x87\xc5\xda\x96\xf94\xcd\x063\
\x1e\x91\x0d\xd4\xa4\xc0\x93`\xeft^\x9c\xf4\xa3/\xc5\
,L\xe4\xac\xec\xba\xf4:\xb3h:4 \xe2\x92\x9b\
\xb5\xd2Wn\xf6\xd3\xa5\xb5\xeb\xda\xe7\xce\x9f\xb4\x9e\x91\
\xa3h\xbae\x8d\x9e\x93\xa6Ci\xa8\xbb|\xe6\x05\xc1\
T\xee\x08\xae\xaf\xf6g\xf1\xad\x8e\x92_I\xbd\x91\xad\
\xa3\x92\xd9Ff\xc8\x1b\xbf\x975\xcfM\xa5\x5cx\xe6\
\xfbU\xf1\xae\xa5wo\xa7\xf9\x8e\xd0iQ\xdedC\
<\xc7\xa9>\xc3\xa0\xad_\x87\xde\x1c\xd7\xb5/\x11D\
\x9a\xce\x8fo\xa7\xca\x89\xe64\xb0\xb6\xfby\xd7\xa0\xda\
G#5\xe8\xc6N\xeaH\xf2\xf11\x8aR\xa4\xde\xcb\
\xf1>\xbb\xd1n\xa3\xbb\xd2\xe1h\xd9X(\xdb\xf2\xfb\
Su\xab\xb3k\xa4\xde\x5c\x0f\xbd\x1cL\xc3\xf0\x06\xaa\
\xf8V\xc6+\x1d0\xf9k\xb7{d\xf3\x9e\xd8\xac?\
\x88z\xfczo\x85\xf5\x02\xc4|\xbf+}>\xf1\xfd\
+\xd9\x8e\xb6\xb9\xf1\x0d{\xd6G\x90\xf8\x1fH:\xc7\
\x88\xee\xf5)\x80x-\xd8\xaa\x86\xe7/\xd3\xf4\xeb[\
\xfa&\x864\xff\x00\x8a\x1fl\xb7\x88E\x0b'!\x06\
\x07+\x83\x5c?\xc0\xbf\x14\x1dKV\xd5\xedXc\xcf\
>z\x01\xdb\x04\xe7\xf9\xd7\xb8iV\xab%\xea\xcb\x81\
\x95\xe4\x9a\xf2\xf7\x95\xfc\xcf\xab\x95G\x18\xb5\xd2\xd64\
\xbc9\x04Z_\x8b,\x22S\x82\xef!\x03\xdbi?\
\xe1^\x9975\xe1\x09\xe2\x02\xff\x00\x14\xb4\xa8c$\
\xa2y\xd9\xf4\xfb\x84\x7fJ\xf7t>l\x11\xb7\xaa\x83\
\xfaW\xb5\x87\xf8O\x88\xcc/\xed\x13}\x8f?\xf8\xcc\
\xb9\xf0\x06\xa3\xec\x14\xfe\xb5\xc0|7\x80>\x81\x0c\xa7\
\xaf\xff\x00Z\xbd\x1f\xe3\x14[\xfc\x01\xaa\x81\xc9\x11\xe6\
\xb8\x1f\x84\xb05\xde\x89\xa7E\xd4I!R?\xe0X\
\xae\xa5\xf1\x1c\xa9\xfe\xe1\xfa\xfe\x87S\x16\x93{:\x97\
\x82\xd6i\x94wD$U\xbd0:\xab\xc5*\x14t\
<\xab\x0c\x11^\xdbmm\x1d\xa4\x09\x0cH\x124\x18\
\x00W7\xe3})f\xb7\x8a\xf1\x10y\x91\x9c1\x03\
\x92\xa7\xff\x00\xafMN\xec\xe6G\x97\xdc\x13\x06\xa2\xa3\
\xa0c\x9a\xf3/\x88\xd7m\xe1\x0f\x8b\xfe\x02\xf12\x1d\
\x8a\x97\x22\x19\x18zn\x07\xf9\x1a\xf5=r\x0d\x8d\x14\
\xa3\xb1\xc5y\xb7\xed\x0b\xa7\x1b\xbf\x02E\xa8F3-\
\x85\xc4s\x83\xe83\x83\xfc\xea\x99q\xde\xc7\xde1J\
\xb3D\x92!\xca8\x0c\x0f\xa84\xfa\xe3\xfe\x11\xf8\x85\
|Q\xf0\xd3\xc3\x9a\x90}\xe6k8\xc3\x1f\xf6\x80\xc1\
\xfeU\xd8PyMr\xb6\x82\x8a(\xa0AE\x14P\
\x01E\x14P\x01E\x14P\x01E\x14P\x01E\x14P\
\x01E\x14P\x01E\x14P\x01E\x14P\x01E\x14P\
\x01E\x14P\x01T\xef\xae\x12\xde\x17\x92F\x08\x88\xa5\
\x99\x89\xc0\x00U\xb3\xd2\xbc'\xf6\xad\xf1\xc4\xda\x1f\x82\
 \xf0\xe6\x9c\xe5u\x9f\x13M\xfd\x9f\x00S\xf3,g\
\xfdk~\x0b\xc7\xfc\x0a\x83Jqs\x92\x8a<\xa7G\
\xb8\x7f\x8c\xdf\x135_\x1b\x5c\x16:TL\xdav\x8a\
\x8d\xd0[\xa3~\xf2`?\xdbl\xe3\xda\xbdx\xaa\xc5\
\x1a\xc6\x83j\xa8\x00\x01\xd8W1\xe1-\x06\xdb\xc2:\
6\x99\xa6@\xa1R$X\xc6\x06:\x0e\xb5\xd1O&\
\x01\xf55\x93\xd5\x9e\xa3\xec\xb6 \x9aL\x12O@*\
\x96\x8b/\x99k#\xf6\x0e\xdf\xce\xb8\xdf\x10|G\xb3\
\xb5\xf1\xa5\xa7\x86\x91\xf7\xdcO\x11\x94\x85\x19\xc0\x1e\xb5\
\xd4h\xb2\x04\xd3n0x\x0eq\xf4\xaaA(\xb4\xb5\
\xeaR\xbe\xd4\x84:\xb4*rT0-\x8e\xb5\xd2\xdd\
\xbf\x97\x8fRp+\x81\x8e\xec\x5c\xea\xea\xc5\x81o0\
\x12=\x06k\xb5\xd4\xdf\x13\xdb\xae~\xf3U5k\x12\
\xcd\x8bA\x8cV\x8ch\x0df\xdb\x1c\x01Z\x11?J\
Ihd\xf7/F\xdb\x02\xe3\xb1\xae\x8b\x5c!\xac\xad\
\xc8\xef\x83\xfaW2\x8d\x9cWQu\x19\x9bC\x89\xfa\
\xedE4\x19\xcbtr\xfa\x95\xe2\xd9Z\x97s\xc6k\
\xc2\xb5\xab\xaf\xb3\xbe\xb7\xa8\x0e\xab\x0a\xdb#\x7f\xb4\xfc\
\x9f\xd0\x1f\xce\xbds\xc7\xee\xd1xjyT\xf2\x8c\xa7\
\xf5\xc7\xf5\xaf\x15\xf1\x896\xde\x13\x85\x09\xc4\x97r<\
\xed\x9e\xa3\x00*\xfe\x9c\xd5\xad\x15\xce\xba\x0a\xed'\xd4\
\xf2\xeb\x12\xb7\x9e$\x80u-2F=\xb2q_V\
\xe9\x96\x7fjX\xa49\x08\xe7\x03\xe8?\xc9\xaf\x95\xfc\
\x05\xa76\xa5\xe3\x1bH\x80$G)\x90\xff\x00\xc0y\
\xfe`W\xd670\xcb\xe1\xaf\x0d\xcf}u8\xd9i\
h\xcc\x88\x17\xee\x9c\x13\xf8\xf2\x7fZ\xf3y\xdc\xae\xd9\
\xef\xe2\xe9\xc2\x9b\x84 \xbf\xa6x\x0f\xc6O\x1b\x7fk\
\xf8\xd2\xf6\xc6\x1c\x1b}=D\x0aG\xf7\xba\xb7\xf8~\
\x15\xe4\xcds\xfd\xa3{uh\xe8\xaf\x0a\x05$0\xef\
\xd6\xa6\x0f3O$\xf7\x12\x17\x9ab\xd2\xca\xe7\xab3\
\x1c\x9f\xd4\xd7'\xab'\x88o\xbcB\xf6\x1e\x1e\xb6\x96\
k\xcb\x90\xa1\x16\x15\x05\xdc\x91\x8e7q\xda\xb81?\
\xc2\xd3{\x9fI\x80\xa5\xc9Q+\xd9%\xb9\xea\xbf\x04\
\xef--|O\xae\xad\xa6\xc8\xed\x92\xd8\xa3\xaac\x0c\
\xe0\x82O\xe1\xcdy\xa7\xed\x09\xf1\xa7Q\x8f\xc4\x03L\
\xd2\xf1e\xe4@\xbb\xae\x83e\xc1np\x07A\xc69\
\xae\xb7\xf6x\xf0N\xb3\xe1\xfdo^]j\x09m\xee\
c\xdb\x0b\xc74\x81\x9b$19\xc6}Gz\xf1\x7f\
\x8bZ<W\xbf\x15ole}\xedq2\xc7\x130\
\xda\x99\x18Lg\xea+\xcd\x9cjN\x82\x8d\xf9O_\
\x0d<=<|\xaaJ>\xd2\xc9Z\xfa+\xe8y\x9e\
\xb3\xe3\x8b\xfdU\x87\xda\xef\xae\xf5'^\x00$\xb6?\
\xa5`\xdc]jw_\xea\xe2\x8e\xd9\x0fS#\x16o\
\xc8c\xf9\xd7\xd5Q\xfe\xc9V\xb2\xe9\x13\xb3kL\x97\
\xed\x11\xf2Dh\x04A\xf1\xc6I\xe4\x8c\xd7\x93[x\
\x01\xbc?;\xdaj\x96\xeb-\xfc?,\x80\x1c\xae\xe1\
\xd7\x15\xcb\xf5Z4}\xe9+\xbf3\xdc\x8ea\x8c\xc7\
\xb7N\x8c\x94\x22\xba%o\xf3\x7fu\x8f'\x1e\x18\x9b\
W!d\xf3\xee[\xae\x13\x8f\xe4+oL\xf8bv\
n0\xc7\x18\xf4\x91\xc9?\x95}\x85\xe0\xaf\x80\x9ae\
\xe7\xc2\x1dO\xc5O\xaa\xc5\x7f\xa8\x1b9\x9e\xd7C\xb4\
\x88\xa3\xc7*\xa9*$l\xf3\x92\x07\x00\x0e\xbdM|\
4<y\xe2\x08o\x0b\xb5\xf3\xa4\xb1\xbf1\x14\x18\xc8\
<\xa9\x5c~\x95\xd7\x19\xc9\xaeXY\x1f?)`\xe1\
Z^\xd5\xcarN\xcd\xdb\xfc\xf5:\xf9\xfe\x1b\xfc\x84\
\x22\xc4\x09\xfe\xeb\x15?\x98\xad\xef\x0c|:\xd7\xafQ\
\x9a\xc9L\xbb:\xab\xb6\xe6\x03\xe9\xdcWe>\x8b\xaa\
\xdbh\xbae\xf6\xa5dld\xbd\x85e\xf2\x19v\x90\
H\x07\xa7n\xa0\xe3\xde\xbe\x90\xf8}\xe0\x1f\x07\xe9\xde\
\x14\xf0\xf5\xce\x85\xaf\xcd\xadx\xabSUk\xeb%e\
\xf2\xed~RJ\x80\x14\x10A\xf5'<\xd6\x10\x97\xb7\
\xbavi\x7f\xc3h{U~\xaf\x84\xa5\x1a\xd4\x1b\x5c\
\xdbZ\xedw\xd7\xb7\xcc\xf2/\x86\xde*\xf8\x87\xe0[\
\x88\xf4\xe8-..,\xd8\xee)mpW>\xb8-\
\x9ct\xec1_Qx3\xe3V\xa1\xa8\x88\xedo\xbc\
#\xacG(\x032\x9f.E>\xfb\x81\x19\xfc\xab:\
\x1d\x1cY]\x85\x9e\xdc$\xe8C\x06+\x8c\xfd\x7f\xc4\
W\xaaxZk;\xfd<\x18Q\x16D\xe1\xd7\x1c\xa9\
\xafN\x8d\x17\x1d\x14\x8f\x8a\xcc1\x94\xea{\xd3\xa4\x9b\
\xefvb\xf8\x9f\xc41K\xa4\x97He\xb7,Fb\
\x9a2\x87\xe9\xc8\xe6\xa5\xf0f\x91#[\x9b\xfb\x91\xfb\
\xe9\xc7\xca\x0f\xf0\xa7j\x82\xf2\xc1\xfcW\xe2u\x8f\x07\
\xecP\x1f\x98\xf6 \x7f\x89\xae\xe9aX\xd4*\xa8P\
\x06\x00\x1d\xab\xb3\x96\xfav<7QF:n\xff\x00\
\x22\xb8\x8bh\xc68\xaeW\xc7\xfa\x89\xb7\xb1K\x18\x8f\
\xefnO8\xec\xb5\xd8JV\x18\xd9\xdf\x85Q\x92k\
\x89\xb1\xd3_\xc4\x9a\xf4\xb7\xb3\x0f\xdc!\xc2\x83\xe8:\
\x0amt&\x9c\x95\xf9\x9fB\xe7\x834\x11\xa7\xd8\x89\
\x9dq$\x83\x8c\xf6\x15\xbbr\xb0\xc2\x85\xe6\x91bQ\
\xfcLqW\x160\x00\x0a0\x07\x00zS%\xb1\x86\
w\x0d$bB:g\x9cU(\x99\xca\xa3o\x99\x98\
\xf1Iq\xa9\xb0\x87NO\xb2\xdb\x93\xf3^J\xbc\x9f\
\xf7\x17\xb9\xf7<W\x05\xe3k\xfb\x1bMLivo\
\xe6\x98\xce\xeb\x89Kng\x7f\xf6\x8fs^\xb8\x13\x03\
\x00`{V3x'F\x9bR7\xd2X\xc6\xf7\x0c\
w\x12G\x04\xfa\x91\xde\x89&\xe3d]\x1a\x90\x8c\xf9\
\xaa^\xdf\xaf\x99\xe7~\x13\x82\xd2'\x92K\x88w\xbc\
\x99\xfb\xeb\xeb\xde\xbcS\xc6\x7f\x0a\xadd\xf1L\xd2]\
F\xec\x14\x93\xfb\xb6\xc6\xf4' \xfe\x1d+\xed!\x15\
\xa1\xb7X\xcd\xacH\x07\xa2\xe0W=\xe2/\x03h\xfe\
 \x89L\xa9\xe4O\x1f1\x5cC\xc3\xa1\xfe\xa3\xda\xbc\
\xfcN\x13\xdbS\xe5R\xb3=\x8c\x06l\xf0\xb5\x9c\xd2\
\xd1\xe8|\x9f\xfd\x87id-\xcd\xa1\x9e\xc3h\xf2\xd2\
{9\x0a\x9f\xa1\x22\xb4m\xfc=\x1c\xc7}\xdd\xdc\xba\
\x83\x0ew]\xcc_\x1f\x815\xed:\x8f\xc1m.\xf4\
\xcd%\xdd\xc2,\xec>Y\xadA\x8c\x93\xd8\xb2\xf4\xcd\
q2|\x00\x88K+\xdck\xf32\x11\x85D\x185\
\xf3\x7f\xd8\xf3\xbf\xef&\xda\xf2g\xd8\xc3>\xa38\xfb\
\xba?4r2x\x86\xcbOv\xb7\x8c\xab\xb1\xf9\x09\
C\xce+\xa7\xd4\xad\xef<]\xe1\xdb\x1d!a:~\
\x85n\xc2I\x83\xa6\x0c\xe3\xb8\x02\xb4\xbc9\xf0\x8fA\
\xf0\xac\xbetI-\xed\xd6s\xe7\x5c\x9d\xd8>\xc2\xba\
i\xeco\xa6\x88\xc9g\x08\x9cC\xcc\x91t\xca\xfb{\
\xd7\xb3C\x0f\x1a\x10\xf6q\xd1\x1e6#\x19\x19\xd4\xf6\
\x90\xd5\xf7\x7f\xa1\xc6G\xe1h/\xa4\xb3\xb9\xb3h\xa2\
\xb1\x83\x0b\x15\x96\xc0\xf1`\x1fN\xc7\xde\xba\xc8ty\
&>zY\xa8X\xd7\xe7U]\xa0}?\x9dix\
\x7f\xc3\x84,\xb7p\xdb\x15\x8c\x9d\xe5q\xd5\x8fR\x05\
k=\xca[\xe9W\x06/\xbaAWC\xd5\x18\xf7\x1e\
\xc6\xbba\x0b\xea\xcf\x1a\xad{{\xa8\xc7\xb1\xbf\x16\xb6\
\x96\xe8H\x01\xb7\xb7\xe0+\xc6>6kRE\xe0\xfd\
NBJ\x97;G\xbe\xe2\x17\xf9\x03^\xabq\xb1e\
\xb5\x0f\x9d\xa6\x03\x81\xf5$\x93\xf9\x0a\xf0\xcf\x8e\x8d.\
\xadkk\xa5Y\xa9\x92Y\xa7\x19U\xeaq\xdb\xf3#\
\xf2\xae\xd9K\x96\x0c\xe1\xc3\xd3\xe7\xac\x9b\xefs\x98\xfd\
\x9b\xed\xa6\xfe\xdb\xbe\xbe\x00\x88\x22\x84\xc4[\xd5\x9b\xb7\
\xe5\x9a\xfaR\xdbT\xb4\xd2\xf4K\xcdFf\x1eE\xba\
\x97\x91\xbdH\xe8\xa3\xeb\xfdk\xc9\xbc\x1b\xa2'\x864\
\xbbO\x0f\xd9\x15k\xd7\xf9\xee\xa5^\x81\x8f\xde\xe7\xd8\
S\xfe!x\x89o/,\xfc#\xa6I\xbe\x0b`\xb7\
\x17\xd2)\xe0\xb1\xfb\x8a\x7f\xf4\x22?\xdd\xae:Qs\
\x92\x8a=\x8cK\xe5\x85\xd9\xab\xf0\xf6g\xd4\xbcL\xda\
\x8c\xfc\xc9!r8\xe9\x90z~u\xf4\xc6\x98\x0b\xd8\
DOM\xa3\x1f\x95|\xe5\xe0\x08\x84z\x8a\xaa\x8c\x04\
\x8c\xff\x00A_LY\xc3\xe5Y[\xa1\x1c\xf9`\xfe\
\x95\xee\xf2\xa8K\x95tG\xc6\xe2_2R}Y\xc8\
\xfcH\xb37\x9e\x11\xd5!\xc6w[\xb9\x1fP+\x82\
\xfd\x9d\x91.\xe6\xb5\xb7s\xfe\xa5\xdd\xc0=\xf1\x83^\
\xb9\xaf[,\xfat\xc8\xc3!\x86\xdc}x\xaf\x18\xf8\
\x22\xcd\xa4x\xca\xde\x06\xf9A\x94\xa6\x0f\xba\x91\xfc\xc0\
\xab\xear\xc5\xfe\xeaK\xcd\x1fOUmB\xdc]Y\
M\x17]\xca@\xfa\xd5\x9ak\x1c)\xac\x8c\x0f \xd7\
\xa0\xff\x00F\x90\x11\xca\xf3\xf9W+\xe2\xbd)|E\
\xe0\x8dN\xc4\x8d\xc6kgP=\xf1\x91\xfa\xd7\xa2x\
\xce\xc8[\x5c1\xc6\x12PMq\xdaq\xfd\xdb\xc6\x7f\
*\xe8\xdd\x15s\xa7\xfd\x87|N\xda\xd7\xc1\xe5\xd3\xe5\
l\xcd\xa6\x5c\xbc\x04g\x90?\xcek\xe8\x9a\xf8\xeb\xf6\
>\xbe\xff\x00\x84W\xe2\xef\x8e|(\xf9X\xe6o\xb5\
@\xa7\xd39\xe3\xf05\xf6-$q\xd7V\xa8\xfc\xc2\
\x8a(\xa6s\x85\x14Q@\x05\x14Q@\x05\x14Q@\
\x05\x14Q@\x05\x14Q@\x05\x14Q@\x05\x14Q@\
\x05\x14Q@\x05\x14Q@\x05\x14Q@\x08N\x015\
\xf2\x07\x88\xaf\x7f\xe1e\xfe\xd3:\xad\xde\xe16\x97\xe1\
kt\xd3\xad\xb1\xca\x99\xdcn\x95\xbe\xa3;\x7f\x0a\xfa\
\x9b\xc6\x9a\xb8\xd0|'\xacj9\xdb\xf6kY%\xdd\
\xe9\x85&\xbeX\xfd\x9ft\x86\x1e\x17}^|\xb5\xd6\
\xabq%\xfc\xac\xddIv8\xfd\x00\xa4\xf4W;p\
\xcby|\x8e\xebP\x95SV\xb5\x8f\xb9`?\x0aO\
\x10j\x0b\xa7\xe9\xb73\xb3m\x08\xa7\x9a\xcd\xd7.\x0c\
>#F'\xe5M\xa6\xb9\x9f\x8bz\xc3&\x81\x7f\x0c\
O\x8cG\xb7#\xfb\xcd\xc7\xf5\xa8J\xc93\xb9G\x9a\
I\x1e\x07\xe0\xc1\xaa_\xfcA\xb5\xf1\xbd\xe9aa\xad\
\xdd\xdcX\xdan\xe8\x12\x22\x9f\xcfw\xe8k\xe9m*\
s\xfd\x9fp\x83\xa9\x19\xfd+\x07\xe2?\xc3\xdf\xf8D\
?fO\x87\xf7\x16\xe8<\xed\x1eH\xee%`9\xfd\
\xf6Y\x8f\xe6Ejxvu\xbc\x86\x19\x11\x81I\x90\
\x15?Q\x91\xfc\xe9\xc3\xaa4\xa9%R*K\xcd}\
\xc7-e1\x8b\xc4\xd2.\xee\xa3\xa5zm\xcc\xde~\
\xa7f\x01\xceF\xea\xf1\xaf\x11\x5c\xbe\x91\xe3%v\xe0\
6\x18{\xd7\xabh\x97\x02\xf2\xf2\xd6@w\x01\x08\xe6\
\xba$\xb6g\x14]\xeeu\x917J\xb9\x13\xf4\xaa\x08\
q\xc5Z\x89\xab\x22M\x18\x9b\x9a\xeelb\xfbF\x86\
\xa9\xdc\xc4Ep0\x1a\xf4\x1f\x0f\x9d\xfal#\xfd\x9a\
L\xca\xa6\xc7\x94|Efo\x0f\x9bt\xe6I\xe5T\
Q\xeak\xc4\xfe/\xdd\xc5gxmA\xdb\x1d\xa4q\
\xdb\x83\xeb\xc6\x7f\xaf\xe9^\xf9\xe2\xfbA'\x88,m\
\xc8\xc2C3\xce\xc3\xd0/O\xd4\x8a\xf9W\xe2\x86\xa4\
\xda\x9d\xe3\xba\xe4\x8b\x8b\x87\x94g\xa8\x198\x1f\x91\xad\
`\xae\xce\x88\xc9\xc6\x1c\xc8\xe9\xbe\x02h/u\xe3y\
\x9eHI\x8ff\xf1!\x1cc \xfe\xa0W\xaf|z\
\xd6WN\xf0i\xb4\x0d\x87\xbc\x90G\x8c\xff\x00\x08\xe4\
\xff\x00J\xa3\xfb>\xd9\x17\xf0\xc4\x17n\x0e\xe5\x8f\xca\
\x04\x8fs\x9f\xe4?:\xf3\xff\x00\x8f\xde#}k\xc5\
\xdf\xd9\x91\x7f\xaa\xb1Q\x1f\xd5\xdb\x04\xff\x00J\xf2\x9a\
\xb5\xcf\xa1\x84\x9e\x22\xbc_d\x8f\x22\xb8\x8a;\x89\x9c\
&J\x83\x8c\xd4){7\x86\xb5M?V\x80\x95k\
I\xd5\xf7\x81\x83\xb7# \xff\x00\x9fZ\xf4\xcf\x87\x1e\
\x1a\x8e\xdb\xc5\x93[^[$\x8d\x0a\x9c\xac\x8b\x9eq\
\xe8i>&\xe8\xd6I\xacOd`\x8e8\xaf\x22\xc9\
\xda\xb8\x0b\x91\x8c\x81\xf5\x19\xaf>\xa2\xe6O\xb9\xf5\x14\
\xab\xa8\xcdA\xab\xa2\xf7\x85\xee\xa2mO\xc4\xba\x9f,\
\x92\xcc%\x0d\xea6\x03\xfdk\xe5\xdf\x17xZ\xf3\xc6\
\x9a\xb5\xde\xa7p\xf0\xe9\xf1E;\xc8\xbes\xeda\xb9\
\xb2\x01>\xb9=+\xe8_\x853\xcc\x9e\x0c\xd5\xbe\xd6\
3=\x99xd\xeew \xc7\xf4\x15\xe7\xbe\x06\xf8_\
/\xc4\xddj\xee\xe7X(-\xac\x9f\xcd\xb4\xd3\xd9\x8e\
\xc6|\xf0\xf2\xe3\xae=+\x8d\xb6\xd4Q\xb5;Q\xa9\
VO\xa5\x91\xd8~\xce\x9f\x15-\xb4\x9f\x11\xda\xe8\x1e\
6\xb5x\xe7\x8b\x11Df\xea\xc0\xfd\xd6\xcf\xf1)\xf5\
\xad\xef\x88?\x0d\xed\xfc7\xf1\x06\xfe\x19\xad\xa36\x97\
\xf2}\xabO\xbe+\x94;\xb91\x93\xd8\xe7\xa5S\xbb\
\xf0E\xbf\x8bTY\xf8\x80\xf9\xf7\x16\xb2\x11o\xacY\
G\xe54_\xdd\x8dGu\x15\xd9\xd9\xcf\xae\xd9\xf8q\
\xb4M^\xd7\xfbn\xca#\xb6\xd6\xe9\x08w\xdb\xdb\x22\
\xa2t\xd5jN\x94\xf66\x8e!B\xb2\xc4Pv\x95\
\xad%\xd1\xf6q\xe9~\xe9\xeer\x9a\x1e\xa3{\xe0\xfd\
_\xcd[_:\xd5\x97\xcb\x9e\xdf\xa6G\xaa\xf6\xac\x8d\
S\xe1\xf7\xc26\xf1X\xf1Z\xf8\x1emC\xc4\x1b\xbc\
\xc5\x81\xc9[\x7f3\xfb\xec\x84\xec\xcey\xce3O\xd6\
\xfc[>\x8f)[\xcb9\xc4hp\x15\xa3=*8\
\xfcCs\xab\xc7\x1f\xf6f\x8fq\x22\xc8q\xbba\xaf\
\x93ymzRj\x8c\xf4\xf9\xa7o\x91\xeb\xd4\x85\x1c\
[U\xeb\xc1\xa7\xd6\xce\xc9\xfa\x94\xfcS\xa5\xa7\x8f\xaf\
e\xba\xd6\xd618\xff\x00W\x0d\xa9\xda\x96\xeb\xfd\xd0\
{\x9fS]\x0f\xc1\xdf\x02C\xa2x\x89\x1e\xca'P\
\xa4\xcf\xea\xd8\xc6\xd5\xc9\xf7\xe6\xba\xdf\x08|\x22\xbf\x9a\
\xda-CP(\x85\xdbx\xb2c\x81\x9fW\xeeG\xb5\
z\xe7\x85\xbc5m\xe1\xdbg\xf2\xd4Iu3o\x9a\
v\x1fx\xfa\x01\xd8\x0e\xc2\xbd\xcc\xbf.\xabJJU\
e\xa2\xd9\x1eNe\x9b\xd2\x8d\x19a\xb0\xdbm\xe4\x8c\
\x89\xfc\x01\x7f\xafn\xb8\x9ah\xed\x80\x19\x19\x19j\xaf\
\xa6x2o\x0eK$\xa2\xec\xcd<\xff\x00\xbbUA\
\x81\xcdz\x03H\xcc\xb8\xc9\xc5V\xfb>\xe9\xfc\xd6\x1f\
taG\xa7\xa9\xaf\xaa\x8c\x22\x9f1\xf0\xaf\x13Q\xc5\
\xc1\xecg\xe9ZLzd>Z\x0f\x98\xf2\xcd\xebW\
\x8aT\xeb\x163C&\x06\x05Y\xce\xe5vbj\xe1\
\xee\x80\xb4\x84e\x9f\xef\x1fAW4\xed-l\xed\xc4\
Q\x8e\x07V\xf55n+UB[\x1f1\xeaj\xcc\
q\x99\x17\x1fuGA\xebM-A\xcd\xa5b\x8bE\
\xb4\xe2\x9b\xb6\xadK\x1e\xd7\xc6*\x22\x942\x93\xd0\x8b\
m8\x0ei\xc1i\xc1jn\x00\xa7\xb1\x19\x14I\x12\
\x91\xc7\x14\xb8\xa2\x90-\x0c\x9b\xdbY\x8f\xdd\x8c\xc9\x9f\
J\xc7\xba\xd3/\x1f8\xb6z\xebI\xc5F\xd2}k\
\x17\x04\xce\xa8V\x94vG\x0d&\x8bxyhJ/\
r{V\x96\x99d\xba5\xf8\x8eS\xb9\xa6A\xb5\xc7\
L\xfaWD\xec\x19\x08 \x1c\x8cU?\xb1$\xfeR\
\xc87\xf9m\xb9I\xa8\xe4I\xdd\x1b\xfbg5il\
@\xeb=\x96\xa0\x1dA\x92\xd2P\x01P?\xd5\x91\xde\
\xb0|daD\x1bB\xab\xe0\x96a\xc6~\xb5\xd5J\
\x89\x11y\x89 \x01\x96\xc9\xe2\xbc\x9b\xc5\xba\xdbj7\
\x92\x04?\xbb\x07\x92=*\xa4\xec\x82\x92s\x95\xcc\xbd\
OT%&\x9c\xb6|\xb8\xf6.}\xf0\x00\xfc\xbf\x95\
yg\xd9\xaf\xbcG\xae;\xda!\x1eC\x11\xf6\x8e\xe3\
\xd8{\xe75\xd5\xf8\x8fU\x8fK\xd0o/\xe7#\xc9\
\x85K\x05'\xef\xb7E_\xc4\x9a\xd3\xf8I\x11\x8b\xe1\
\xf5\x96\xb1v\x02\xcd.\xf7\x0b\x8cn;\x8e\x0ds\xcd\
\xf3Z'\xb7B>\xca2\xaa\xd7[#\x97\xbcD\xf0\
6\x8buspqy\x22\x16\x91\x8fTA\xdb\xeak\
\x90\xf0\xa5\x8c\xb1\xdb\xc9{r\xa7\xed\xd7\xeeg\x97w\
Q\x9e\x8b\xf8\x0c\x0a\xd1\xf1\xee\xa0|Q\xe2\xa8\xb4\x94\
;\xa0\x80\x8b\x8b\xd3\xdb\xaf\xc9\x1f\xe2F~\x82\xbao\
\x0f\xe8\xdfm\x99C\x1cg\xa9\x03\xa0\xafK\x07\x05\x04\
\xea\xbf\x91\xe7\xe3\xaaJ\xab\xf6\x7f6o|5\xb53\
\xeaRq\xcf\xca\x9f\x99\xff\x00\xebW\xd3/\x10_\x94\
\x0e\x00\x00W\x90|=\xf0\xf46\xda\xf4\x22%\xc0y\
\x03\xb0\xf6Q^\xce\xe9\xc95\xd5\xcd\xcf'$|\xde\
+E\x18\x98:\xf3\x08\xac\x09=\xdd\x07\xfe<+\xc8\
\x16\xcb\xfe\x11\xff\x00\x1cZ\xdc\x0e\x10]\x82\x7f\xef\xa0\
k\xd5|])\xd9i\x00\xeb$\xea?#\x5c\x0f\xc4\
Kcmq\x14\xcb\xc12\x06\x04V\xf1\xd6\xc7\x075\
\x93G\xbb\xe74\x8c29\xa8l\xa7\xf3\xec\xe0\x93\xae\
\xf8\xd5\xbf1S\xe3\x22\xb0\x19\xc8|G\xb7\xce\x86\xb3\
\xa8\xf9\xa3\x90s\xecx\xaf2\xb2%%'\xb1\xeb^\
\xc5\xe2\xfbo\xb4\xf8r\xf51\x93\xb7p\xfc\x0ek\xc9\
\xe1\xb7*\xc4b\xb6\x83\xd0\x0e&\xc2\xeb\xfe\x10\xaf\xda\
W\xc2\x9a\xd0;-\xf556s\x11\xd0\x9e\xd5\xf7\x0d\
|?\xf1f\xc5\x97N\xd3\xb58\xb8\x9fN\xb9\x8e\xe1\
Xu\x000\xcf\xe8k\xec\xef\x0d\xeak\xac\xf8\x7fN\
\xbeC\x95\xb8\xb7I\x01\xfa\xa84\xd1\x8e!]FF\
\x95\x14QL\xe2\x0a(\xa2\x80\x0a(\xa2\x80\x0a(\xa2\
\x80\x0a(\xa2\x80\x0a(\xa2\x80\x0a(\xa2\x80\x0a(\xa2\
\x80\x0a(\xa2\x80\x0a(\xa2\x80\x0a(\xa2\x808O\x8e\
Q\xddK\xf0\x8b\xc5kh\xa5\xe6:|\xa3h\x19%\
v\x9d\xd8\xfc3^3\xf0jxf\xf0e\x8cp\xb0\
+\x1d\xbc@c\xb8\xda1_M\xdc\xdb\xa5\xdd\xbc\xb0\
H\xa1\xe3\x91J\xb2\xb0\xc8 \x8eE|w\xe1\xa8\xa4\
\xf8A\xf1+S\xf0\x8d\xd1+b\x8ee\xb1f\xe8\xf6\
\xae\xd9\x5cz\x94$\xa9\xa4\xd5\xd3H\xec\xa1+hl\
|Z\xba\x9fD\xb3\xbc\xd4\xad\xc0\xdf\x0d\xbf\x9b\xc8\xc8\
\xc0<\xfe\x95\xc5|C\xb9\x17>\x14\x13\xc6w,\xcf\
\x13\x03\xea\x09\x06\xbd?\xe2\x85\x82\xea>\x1a\xb9P\x03\
\xac\x91<g\xdc\x11^\x14\xb7O7\x82\xee4\x89\xc9\
\xf3\xed\x22\x8e\xe6\xdc\x9f\xf9i\x01<\x11\xfe\xe9\xca\x9f\
qY\xa7x\xd8\xf5i\xafy?3\xec/\x1a\xe8\x90\
x\x8b\xe0=\xee\x9d&\x026\x8e\xbb[\xb0e\x8c\x15\
?\x81\x02\xbeF\xfd\x9f\xfe \xb7\x8a|?4D\x05\
m:c\x04lO2(<7\xf3\x15\xef?\x16\xbc\
|4\x0f\xd9\x13V\xd5\x91\xc7\x9d>\x93\x1d\xa4<\xf3\
\xe6H\x16!\x8fpN\x7f\x0a\xf9W\xe1\xdc\x10x2\
->\xda\xdf) \x824\x9b<|\xf8\x04\xff\x00\xe3\
\xd9\xada\x17'\xa1\xc7NJ\x14\xe5\x19w=g\xe2\
\xe7\x87\xe6\xbe\x8e\xd3Q\xb1\x8c\xc8G\xccv\x0c\x9d\xa7\
\xfc\x0f\xf3\xae\x8f\xe1\x1d\xe4\xb7\xfaJ\xbc\xca\xcb$*\
b\xf9\xbb\xe0\xf1\xfe}\xaa\xf6\x87\xa9\x0dKN\x8cF\
\xe1d\x1f\xbc\x84\xe7\xbf\xf1-i\xf8Ld\xdd>6\
\xe4\x8e?:\xd5\xbd,\xc8\xe5\xb3r:U\xab\x11\x9a\
\xae\xbdjh\xcf5\x91%\xf8\x0fJ\xef\xfc4\xdb\xb4\
\xe8\x7f\x11\xfa\xd7\x9f@p+\xba\xf0\xa4\x99\xd3\xc7\xfb\
.E&eSc\x89\xf8\xab*\xe8o\xacjr\x1d\
\x89\x1d\x8f\xca\xc7\xb19\x07\xf5Q_\x1fx\x87\xc5V\
b;{\xa1e-\xc2\x06\xf9$\xc7\x03\xeb_J\xfe\
\xd6Z\xb3[\xf8\x17STo\xf5\xac\x90\xf1\xe8\x0eO\
\xf25\xe2w\xfe\x15\xd3\xe6\xf8\x07\xa2\x5c\xbay\xba\xae\
\xa9\xa9Eoh\x07TU\x19b>\xa5\xb1\xf9Rr\
qN\xc7\xa5\x86\x84\x5c\x22\xe4\xafwc\xdd\xbe\x15]\
\xc1\xa7|*\xb7\xbf\x00\x84\xf2\xa4\xb8pF;\x93\xfc\
\xb1^\x09i\x13k\xbe+k\xd9\xa4Y%k\xaf9\
\xd5\x8f\xde\x19\xc9\x15\xed\xdf\x17/?\xe1\x07\xf8Yi\
\xa6[\xae%u\x86\xc9\x15x\xe82\x7fE?\x9dy\
~\xad\xe0\x81>\x87i\xa8h\xfb\xa2\xd5\xad\xe0F\x5c\
7\x13\x102A\xf7>\xb5\xe7T\x85IG\xf7h\xf6\
0uh\xc6m\xd5\x95\xb9\xb4_\xf0|\x8fGm:\
\xd5\xfcDuxcM\xd3 $c\x01\xb8\xc7n\xf5\
\xe6?\x19\xad\xde\x1d~\xc2\xf0!X%\x87\xcb\xc8\xe8\
\x18\x12\x7f\xa8\xae\xa7\xc0>1\x87\xc4Zj\xc83\x1c\
\xa8|\xb9\xe0n\x1a)\x07\x04\x11V<Gqg}\
\xe6\xe9\xfa\xbc\x1b\xec\xe4\xe5dQ\xca\x1e\xc4W\x05\xf9\
\xd5\xd1\xeb\xc1\xca\x85[Mm\xa1\xc2\xe8Q\xa5\xbf\x84\
\xfcE{\x166\xdc\xc4\xae\xca?\x86@6\xb7\xe66\
\x9aO\x83:s}\x8a\xfa|m\xf3\x88_\xa0\x1dj\
\x1b\xcd*\xe7\xc3\x1aF\xb3\x1f\x9a'\xd2\xe7\x8fbN\
\x87*_?&}\x09\xe9\xf55\xd3\xfc\x22G\xfe\xc0\
1K\x17\x95/\x99\x91\xb8cp\xc7\x06\xb9\x9a\xf7\xd2\
gt\xdd\xa9NQwM\xaf\xc8\xdd\x9bH{\xbb\xa5\
\x8a\x13\xe5\xc5\x0a\x13\x85\x1d\x09\xefZv\x16\x12\xc6\xd1\
\xdb\xdb\xc4\xc6\x18c\xcc\x92V\xbd\x95\xb9\x82`U\x01\
,px\xc85\xd4%\x9d\xbd\xad\x94\x98\x5c+/\xce\
G~+x\xc2\xfa\x9e5J\xbc\xba\x1cW\xd9#\x94\
~\xf6(\xe5\x1f\xed\xa0o\xe7W\xec\xc0\xb6]\xb1$\
q\x8fE@+J\x1d\x0df\xb7\x85\xd5\xca\xb3\x9e\x9e\
\x82\xb4m\xfc=\x04X.ZC\xe9\xd0U\xc6\x12f\
S\xad\x04\xac\xd9F\xd9\xcb\x1e\xa5\x8dm[DB\x82\
F*X\xad\xe2\x80a#T\xc7\xa0\xa9;WLc\
c\xcf\x9dNm\x86\xed\xa5\x09NZx\x18\xad.s\
\xb2\x22\xbe\xd4\x85sR\x11HE\x17\x01\xaa\xb9\x184\
\xac\xe61\xc59*)\xd8}\xde\xf4\x9b\xb0\xedvF\
\xecd9'9\xa8\xf6\xd3w\x15'\xb8\xf4\xa7\xab\x07\
\xe9P\x9d\xcdma1F\xdawJ*\xae!\xa4b\
\x90\xd3\x9b\xad1\x85+\x8d\x0csP\x93\xd6\xa4j\x89\
\xbb\xd24Cq\x9aM\xc1Fi\xb2H#RI\xe2\
\xb15\x0b\x9b\xcd@\x98-P\xc4\x87\x86\x95\xbb\x0aM\
\x9aF7)x\x9f[{\xaf\xf4+\x5c\xb6\xee\x1c\xaf\
\x7fa\x5c~\xbd\xa2\xbd\xacQZ\xaa\xe6\xeal3\xa8\
\xfe\x11\xd8\x7f\x9fj\xf4\x0b+\x08t\xa4\x1b\x14I \
\x1c\xbbu&\xb3\xae-\xe3\x89\xdew\xf9\xe7s\x92\xe6\
\xb1\x96\xa7m'\xcb\xb1\xf3\x0f\xed\x13t\xdat\xbaO\
\x87 p\xc7`\xb8\x99W\xf8\x9c\x9c(\xfc\x06\x7f:\
\xec\xfcK\xe2\x1b_\x03\xfc<\xd2\xed\x22\xc4\xb2\xdb[\
$k\x12\x1c\xf9\x92\x91\xc2\x8f|\xd7\x8e|^\xd4\x1f\
\xc5\x9f\x14u6\x86\xe4B\x96\xf2\x08\x92c\xd1v\x0f\
\xf1\xcdR\xf0\xd6\xb1\xa8\xf8\xbf\xfe&:\x8b\xa4\x96\xd6\
\xce\xd1Y\x88\xc6\x11\xf1\xc3J\x07\xe6\x01\xfa\xfb\x1a\xca\
\x857Z\xa3H\xf7\xf1s\x8e\x1e\x858=\xd2\xbf\xab\
f\xe6\x83e<Y3\xc9\xe6^\xddJf\xb8\x90\x7f\
\x13\x9f\xe8\x07\x03\xe9^\xd9\xe1\x0b/*\xc8L\xc3\x97\
<}\x07\xff\x00^\xbc\xbfE\xb3/:\xca\xdc\x0ev\
\x8a\xf5m\x1bRI--\xa1\x8c|\xe1B\x11\xd3\x9a\
\xf6\xeaG\x96\xd1[#\xe6\xee\xe7\x17.\xad\x9e\xab\xf0\
\xce\xc7\xcc\xbd\x9e\xe4\x8e#M\xa0\xfb\x9f\xfe\xb5w\xf3\
\xc8\xaa\xa7\x04\x1f\xf1\xac\x1f\x05\xd9\xff\x00e\xf8u\x1d\
\x86%\x9c\x97\xfc;U\xe9'UFf!Q\x01$\
\x9f\xd4\xd4\xd3Z\x1e\x0e&|\xf5\x1d\xbah`\xea\xa8\
o5\xeba\xff\x00,\xad\x86\xf6\xe7\xf8\x8fO\xe9\x5c\
g\x8fA\xd5\xf5M>\xca\x1f\x98\xee%\x88\xec2)\
\xf2\xf8\xb8Aw{vAa+aNx\xc7`*\
\x0f\x0d\xdc\x1dCZ\xdc\xe3.\xd9o\xa5v%mN\
F{\x1e\x9aDvV\xc8>\xea\xa2\xa8\xfa\x01Z\x00\
\xf1Tm\x14-\xbc#\xfd\x91W\x88\xc0\xaeVQW\
U\x8f\xcd\xd3\xaeS\xd5\x0dym\xc5\xb7\x918\x18\xc6\
Ez\xb5\xd0\xcd\xb4\xa3\xfd\x83\xfc\xab\xcd\xf5\x9c\x09#\
o\xf6\xb1Z\xc0G-\xe2\xfd5o\xf4I\xe2a\x90\
\xcaW\xf3\x18\xafb\xfd\x9c5\xb6\xd6>\x13\xe9i#\
n\x9a\xc5\x9e\xceL\xf5\xca7\x1f\xa1\x15\xe6\xda\x84\x1f\
h\xb2\x99;\x958\xfa\xd6\x9f\xec\xc3\xab\xfd\x93[\xf1\
F\x80\xed\xc32_\xc2\xa7\xdcm|~8\xab&\xa2\
\xe6\xa6\xfc\x8f\xa1h\xa2\x8ag\x9e\x14QE\x00\x14Q\
E\x00\x14QE\x00\x14QE\x00\x14QE\x00\x14Q\
E\x00\x14QE\x00\x14QE\x00\x14QE\x00\x14Q\
E\x00!\xe0\xd7\x8a\xfe\xd2_\x08n\xfcw\xa1C\xad\
\xe8\x08\x07\x89\xf4|\xcdj:y\xe9\xfcp\x9f\xf7\x87\
Oz\xf6\xa3\xd2\x8e\xa0PTd\xe0\xee\x8f\x90\xbe\x1d\
\xf8\xee\xdb\xe2\x17\x85e\xd3\xa6&\x1b\xf8\x94\xc2\xf0\xcb\
\xc3\xc6\xe3\x82\x8c;\x10k\x95\xb5\xf0u\xc7\x8ct\x8d\
SL\xd3T\x0f\x14\xe8m%\xe6\x9f\x11\xc0\xfb]\xbb\
\x1c\x5c[~\x7f0\xf75\xeb_\x1d\xbfg\x9b\xeb\x8d\
n_\x1dx\x01V\x0f\x10}\xeb\xfd,\x1d\x89~\x07\
\xf1/a \xf5\xef\xfc\xfc\x12\xc3\xe24\xfaw\x8b\xe1\
\xd4\xe0\x91\xb4\x9f\x10\xd9\xc8\x0c\xd6w\x8b\xe5K\x1c\x83\
\x86\x0c\x87\x19\x04d\x1cu\x06\xa5\xab\xeaz\xf4\xa6\xa7\
\x1fu\x98\x9f\x12\xfe!7\x89\xfe\x0axo\xc1\xd1\x97\
Y\x8f\x88a\x8ah\x1f!\xd1F\xe2Q\x87\xb3U\x1d\
wH\xbb\xb6\x96k\xad\xad$[\xbei\x00\xe1s\x9c\
g\xd3\xa7\xe9]\xc7\xc4\xf8\xf4_\x88\x1e!\xd0\xfcW\
g\xa7\x1d\x0b\xc41\xc8_S\x86/\x9a\xde\xe1\x80\xc0\
u\xf58\xc9\xcf__Z\xef>\x17\xd8\xc3{\xa6j\
_h\x85&\x8aVX\xd9$\x5c\xab\x00\x0fo\xc6\xb5\
\xa4\xf9\x13db\x12\x92\x8e\x96\xbd\xd9\xe7_\x0e\xbc`\
\xc9 \xb2\xbbb7\x91\xb1\xc9\xfe/\xfe\xbd{O\x85\
f\x0an\x14\xf7\xc1\xaf/\xf1\xa7\x80a\xf0\xc6\xa1%\
\xd5\x94{m\x18oD\xeb\xb3\xd4~\x15\xda\xf8\x0fT\
\xfblP\xbb7\xce\xe9\xb5\xbf\xde\x15\xa4\xec\xd5\xd1\x8d\
6\xed\xca\xce\xfd\x1b<\x83V#\xebY\xb9 \xf1S\
\xc1pQ\xb9\xe4V\x05r\x9a\xf1\x9c\x01]o\x85n\
\xb6\xda\xce3\xf7X\x1a\xe3\xe0p\xe0\x1a\xe8<;&\
\xc9eO\xef'\xf2\xa4\xcc\xe4\xb4<\xd3\xf6\xa7\xd2%\
\xbb\xf8x.\x871\xc9+\x96\x1e\x87i#\xf9\x1a\xf2\
_\x83\x11O\xe3\x0d{\xc0\x16\x0c\xa4\xe9zBKp\
T\xf2\x0c\xa1\x99\x8f\xf2Z\xfas\xe3N\x8d\xff\x00\x09\
\x07\xc2\xbdJ5\x1b\x9e\x15Y@\x1e\xc7\x9f\xd0\x9a\xf0\
\xaf\xd9^\x1c\xcbv\x19p4\xf8\xa4\x1b\x88\xc7.\xc3\
\xfc\x0dg%s\xbf\x0f?\xdc\xbe\xe9\xfef\xf7\xc7\xab\
\x1b\xbf\x1cx\xbb\xc3\xbe\x14\xd3\x9c\xad\xcc\xbb\xe6n>\
P\x0f\x01\x8f\xd0+W!\xe1o\x10]\xe8W'@\
\xf1\x02\xbd\xad\xe5\xa9\xf2A\x99v\xb0\xc7\x01[\xfa\x1e\
\xf5\xea?\x04\xad\xcf\x8c>-\xf8\xaf\xc4\xd2\xfe\xf2\xde\
\xc4}\x8a\xd8\x9e\xc4\x9d\xb9\x1f\x82\xb7\xfd\xf5]\xf7\xc5\
\xbf\x83:o\xc4\xfb\x0d\xe1\x96\xc3Y\x88~\xe6\xf9W\
9\xff\x00e\xc7q\xfa\x8e\xde\xf7M\xd9\x18\xd5\xa9\x18\
MS\x96\xdf\xa9\xf2\xef\x8f\xb4\xbb\xbf\x06j\xbf\xf0\x98\
\xe8\xa9\xbe\x03\x81\xa9\xda/I\x13\xfez\x0fq\xdf\xf3\
\xf5\xae\xe3D\xd4t\xcf\x1ch\xb0\xdc\xc4\xe2hd^\
\x18}\xe4=\xc1\xf7\xaeSP\x9f_\xf8S\xa9\x7fa\
x\xb6\xd3\xcd\xb3\x90\x15\x8a\xe1~x\xe4N\x9f+\x1e\
\xa3\xd8\xfe\x95\xe6\xad\xad]|!\xf1\xb4\xb3i2\xff\
\x00h\xf8f\xf5\xbc\xc5\x89A\x05T\xf2Wi\xe8\xcb\
\xd3\xd0\x8e\xf5\xe3c\x22\xa8O\xdaG\xe1{\xf9>\xff\
\x003\xec\xb2\xeb\xe3\xa8\xfb\x19?~+\xdd\x7f\xcc\xbb\
z\xae\x9eZt=K\xc5^\x0a\xba\xb4\xb5\x9b\xc9\xdd\
5\xb3\x8c\x1d\x99 \xfdGj\xc6\xf8g\xe2&\xd2<\
F\xbaU\xcb\xe2)\xc6#,z7a\xf8\xd7\xa8\xf8\
W\xc5\x16^'\xd2\xe3\xbc\xb1\x94K\x1b\x0f\x99{\xa9\
\xf4#\xb5y'\xc6\xbf\x0e7\x855\x0b\x0dz\xc4\xba\
Z\xbb\x04\x91\x97\xfeYH\x0eU\xbe\x9dErU\x97\
\xba\xa6\xba\x1d\xb8O\xdeM\xe1\xaai\x7f\xcc\xfa\x03O\
U\x92C!\x19Pp+r\xe0Is\x10\x88\x9f\x91\
\xb1\x9f_\xce\xb8\x1f\x86\xde)\x8b\xc4\xfe\x1d\xb6\xbcV\
\x1ea\xf9eQ\xfc2\x0e\xa3\xfa\xfd\x08\xae\xfa\xda]\
\xc9\x82y\x15\xd1\x06\xa4\xae\x8f\x0a\xbceNn2\xdd\
\x13$j\x81\x02\xf0\x10`T\xc6B@\xa8A\xa7\x03\
Z\xa3\x85\xeb\xb9\xc1x\xef\xc5\xfe$\xd1|Ace\
\xa3if\xea\x09\x143Hbg\x0eI\xc6\xdc\x8e\x98\
\x1f\xce\xbd\x0a2J\x82\xc3k\x11\xc8\xcepj0j\
@x\xac\xa9\xc2Q\x94\xa4\xe5{\xf4\xecmV\xa4'\
\x08B0I\xad\xdf\x7fRE\xebN\xa8\xd7\xad;5\
\xd1s\x91\x8e\xa4j\x5c\xd2g4\xc42G\x11\x81\xcf\
4\xc8#\x17R\xecR\x09\xf4\xa8o\xc7\xca\xa7\xb5U\
\xb6\xba6\xb7\x08\xe0\xe3\x1d\xfd+)J\xcfSe\x1b\
\xc6\xebsv}\x19\xd9F\xc1\xf3c\xf3\xac\x8b\x94k\
\x1b\x8d\x92\xfc\x8f\xd7\x1dku\xfcH\xa6,\xaa\x00\xf8\
\xeb\x9e+\x98\xbd\x96K\xc9\xdaBw\x12rX\xf7\xa7\
7\x15\xb1\x9d\x156\xed=\x8b\xca\xc2A\x90h\xa8\xad\
AX\xf9\xf5\xa9\xb3\x90~\x95[\xab\x9al\xec4\xf5\
\xa61\xe6\x94\x9cS\x18\xd2\x041\xce*\x175#\x9a\
\x81\xcdK4C\x1c\xf1\xfe5\x0b\xb6:S\x9d\xb9\xa8\
$ozF\xc9\x5c\x86bMr~8\xd7b\xf0\xfe\
\x83\x7f\x7f+\x00\x96\xf0\xb4\x9f\x88\x1c~\xb5\xd4\xca\xe0\
!'\xb5|\xe7\xfbU\xf8\xcci^\x15\x8fM\x8d\xc8\
\x96\xf1\xf2\xea\xbdJ/8\xfcN+\x0a\x92\xe5G\xa9\
\x84\xa5\xedj\xc6\x07\xc9~?\xf1,\xa9\xa7\xdc\x88\xfc\
\xc9o\xef$26\xc0N\x14\x9c\x9c\xe2\xbdg\xc1Z\
\xce\x99\x7f\xe1\x8b+\x88$Xl\xe1\xb7PP\x0c\x14\
\xc2\xfd\xdc~\x15\xe46pH\xe8d\xb9\x00\xcc\xe7'\
\xdb\xd0T\xfe\x16\xd7\xa7\xf0\xc7\x8dl`;[M\xb9\
\xb8\x89\xde'\xfb\xb9\x0c\x0f\xff\x00[\xf1\xae\x9c\x13\xf6\
-'\xd4\xee\xcc\xd7\xd6\x13\xa9\x1e\x87\xd7\xbe\x0e\xf8%\
\xe3\xff\x00\x1axU\xbcMckka\xa6l2[\
Z\xdddO:\x0f\xe2\xc7l\xf6\xad\xaf\x83:kx\
\xa6x\xe5e*br\x93+\x7f\x03\xa9\xc1\x1f\xce\xbe\
\xa7\xf1\x9f\x8ft\xff\x00\x08\xfc6\xbc\xd5\xa0\x925H\
\xac\xc7\xd9\x90\x1c\x06r\xbf\xbbQ\xf8\x91^\x17\xf0\x8b\
I\x83\xe1\xef\x80\x0e\xa1\xa8\xc8~\xd5s\xba\xf2\xe5\xcf\
Vw;\xb0?:\xf6&\xf9\x96\xa7\xc0\xd1\xc4Tj\
M\xfc\x8fL\xbc\xd6`\xb5\xd4\xad4\xe4\xc6\xe6S\x81\
\x9f\xba\x8a\xa7\x9f\xc7\x15\xe5?\x16>%\xddC\x14\xda\
N\x89\x17\xdb/\xe6\x05!\x82.ZR\x07$\xfa(\
\xee}\xab\x98\xf0\xee\xa7\xe3O\x8c\xfe-\xd4\x7f\xe1\x17\
\xd2\xccv\xb0\xc9\xe4\xb6\xads\x95\x82/\x5c\x7fx\x81\
\xd8W\xd1_\x0f~\x0b\xe9_\x0b4\xcb\xcdR\xe3\xcc\
\xd7|A$$\xcdy\x22\xeev\xe3\xee \xec(\x8c\
yLjJ4\xf4\xdd\x9f%\xf8\x03\x5c\xd4u\xcf\x0a\
\xd9]j\x8f\xbe\xed\xd9\xf7c\xa0\xf9\x88\xe3\xf2\xafP\
\xf8\x7fr%\xf1\x14K\xea\x8d\xfc\xab\xcd\xb4Kyl\
,n\xa1\x9d\x043A}s\x0b\xc5\xfd\xc2$<~\
\xb5\xda|4\xb9\xcf\x8a\xad\xc6\x7f\x85\xbf\x95\x5c\xa4\xad\
cEM\xb4\xe4}\x19m\xfe\xa5>\x82\xad\x9eET\
\xb6\xff\x00R\x9fAV\xc7\x22\xb8\xcc\xc8\xa5\x1b\xa3a\
\xea1^g\xafe`\xcftl\xfe\xb5\xe9\xaf\xf7M\
y\xc7\x8a\x22\xda.\x14z\x92+H\x01V<<`\
\xf5\x04W)\xe0\xfdO\xfe\x10\xef\x8c\xfa-\xd36\xcb\
{\xa9\x1a\xc6Rza\xf9R\x7f\x1cWI\xa5?\x99\
f\x84\xf6\xe2\xb8\x9f\x8a\x16rB\x8byo\x91<[\
g\x8c\x8f\xef\xa1\xc8\xad\x87\x15{\xc4\xfb.\x8a\xc5\xf0\
f\xbf\x1f\x8a<)\xa4\xea\xb16\xe5\xbb\xb6Is\xee\
G?\xaekj\x83\xccz;\x05\x14Q@\x82\x8a(\
\xa0\x02\x8a(\xa0\x02\x8a(\xa0\x02\x8a(\xa0\x02\x8a(\
\xa0\x02\x8a(\xa0\x02\x8a(\xa0\x02\x8a(\xa0\x02\x8a(\
\xa0\x02\x90t\xa5\xa2\x80\x13\x1c\xd7#\xe3\xaf\x84~\x0f\
\xf8\x95\x07\x97\xe2M\x02\xcbSp0\xb3\xbc{fO\
\xa4\x83\x0c?:\xeb\xe93\xce;\xd04\xda\xd5\x1f\x15\
x\xef\xe0\xf6\x95\xf0\xb7\xe2\x05\x86\x87\xa2^_Mg\
wl\xf7^E\xdc\xbe`\x80\x06\xc0\x0az\xf3[>\
\x1f\xb9\x93\xc1:\x83X]\xaf\xfa%\xc6$\x8eA\xd3\
\x9a\xbb\xf1+Pms\xf6\x88\xd5b\xc8)\xa6\xd9\xc1\
h\xb8\xf5a\xe67\xfe\x86+\xa6\xd64[]n\xcf\
\xc8\xb8L\x80>G\x1dT\xfa\x8a \xf7\xb9\xeb\xd4\xbf\
,\x1b\xde\xc5\x1f\x14\xd8\xc5\xae\xf8v\xe8!\x0e|\xb2\
\xc8G\xae+\x82\xf0\x84\xf1\xe9\x96^{\xca\x13\x12\x00\
7t\xc8\xae\xc7K\xf0\xf6\xa1\xa5\x17\x87\xed\x1el\x04\
\x10\xa7=\xbd\x08\xaf7\xbb\x0fc\x1c\xf6\xaf\xff\x00=\
r3\xed\x9c\xd6\xb1\xda\xc6\x17\xb3\xb9\xea\x91x\x9a\xda\
X\xc3\x90\xc7=\xd3\x04T\xb1\xf8\x86\xcd\xc9\xcb\xb2\x7f\
\xbc\xbf\xe1^;m}5\xabf)\x19>\x87\x8a\xbf\
\xff\x00\x09-\xd6\xdc\x15\x8f?\xde\xc5\x0e\x03SG\xa8\
\xc9\xe3\x88t\xf1\x84S(\xed\xb8\x85\x1f\x99\xae\x97\xc2\
>1\x8bU\x9d@A\x14\xa0d\xa8}\xdc~\x95\xe0\
W\x1a\xbb\xde\x01\xe6 \xdc\xa3\xaa\xf7\xac_\x13k\xb7\
\xfaW\x87o\xa7\xb1\xba\x92\xce\xe9P\xf9sDp\xc8\
OqQ*vW4\x5c\xb3iw>\xdf\xd3\xa5\x87\
T\xb3\xb8\xb2\x9b\x0d\x14\xc8Q\x94\xf7R0k\xc7|\
1\xa6\x9f\x05Z\xf8\xe2D\x5c\xac\x01\x84N\xa3\xefl\
V?\xd4W\x03\xf0C\xf6\x8a\xb7\x96\xca\xd3H\xf1$\
\xcd\xa5\xf8\x8e\xde\x10Y.r\x16\xe5H\xc8t=\xf2\
\x0fJ\xf5\xed\x06\xc8\xeb\xba\x1d\xbd\xb30\xce\xa71\xf3\
\x0f\xaa3|\xc7\xfe\xf9\x04\xd6\x17\xba\xb0F\x0e\x8c\x9d\
\xf6&\xfd\x96\xb4\xcf\xb0\xfc:\x96w \xdc]]\xbb\
\xc9\xc7<\x00?\xc7\xf3\xafd\xaf\x0a\xd2\xfcCu\xf0\
c\xc4\x8d\xa6\xea\xd1\xb7\xf6\x0d\xd3\xfc\x93\xaa\xe5P\xff\
\x00|\x7fQ\xfe\x15\xed\xf6\xb7p\xdf[Gqo*\
M\x04\xaa\x1d$C\x95`z\x10kD\xac\xacqW\
\xbb\x9b\x9fFcx\xd7\xc0\xfaG\x8f\xb49\xb4\xbdb\
\xd9n-\xe4\x1f+c\xe7\x8d\xbf\xbc\xa7\xb1\xaf\x8a>\
-|\x15\xf1\x1f\xc2\xd6\x9b\xce\xb2\x97\xc4>\x17\x04\x98\
\xefm\xd72@;n\x1f\xc3\x8f\xca\xbe\xf6\xa6\xb8V\
V\x0c\x01R0A\xe9\x8a\x99\xc1MY\x9baq\x95\
0\xb2\xbcv?/\xfc?\xf1N?\x05\xdf\x0b\x8b+\
\xad\xf0\xe7\x95<\x1cz2\xf7\x1f\xe75\xee\x9e\x17\xf8\
\x8d\xe1\x1f\x8e\xbe\x1f\xbd\xd3 \xba\x8eK\x9d\x9b.\xf4\
\xf9\x0e\xd9a=\x9b\x07\x9cq\x90\xc3\x83\x8a\xf9S\xf6\
\xe0\xf17\x87\xe7\xf8\xe5\xa8/\x82\xd6\xda+\x08#X\
\xae\x8d\xa2\x05\x89\xeeA>a\x18\xe3\xd0\x128\xc85\
\xe1\xba7\x8b\xb5\x1f\x0fk\x96z\xbe\x99y6\x9f\xa8\
\xdb6\xe8\xae!l\x15\xf5\x1e\xea{\xa9\xc8=\xc5|\
\xedIF2qG\xeat\xb0Uq4a^\xd6\x93\
I\xf9\xafS\xed\xdf\x87\xda\xed\xdf\xc2/\x887\x1a\x16\
\xa3)\xfe\xcf\x91\xc4fF\xfb\xa5\x7f\x82O\xc38>\
\xc4\xd7\xd4\xf67k,`\xed\x5c\xfa\xf3_\x9cV_\
\x1c\xc7\x8cnVO\x10\xe0\xde0\x00\xdd\xc403\x8c\
\x0c\xafo\xc2\xbe\xbe\xf8#\xe3\xff\x00\xed\xcd\x09,\xae\
%\x0fwf\xa1wg\xfdd\x7f\xc2\xdf\xd3\xf2\xf5\xae\
l=X\xa9:a\x9b`\xaa:q\xc4\xc9j\xd6\xbd\
\x9f\x9f\xf9\x9e\xda\x92dT\xa1\xab>\xde\xe0H\xa0\x83\
\xd6\xac\x07\xafM3\xe3\x5clXr\xc66\xd8@|\
q\x9e\x99\xac\xff\x00\x0dE\xaaA\xa5\xa2\xeb\x13G=\
\xf6\xe6,\xf1\x0c.3\xc0\xe8*\xd8\x92\x9e$\xa7\xd6\
\xe4\xde\xd1q\xb1e[\x9avj\xb8~i\xe1\xf3T\
ebm\xd4\xb9\x185\x0e\xfaP\xdcu\xa7rl9\
\xf0\xc0\x86\xe4{\xd7\x07\xe2?\x88v\xbe\x19\xbdh\xa4\
\xb2\x96\xea\xd8\x1c4\xb0\xba\x92?\xe0$\xf3]\xd15\
Z\xe2\xd2\x1b\x85\xc4\x91#\x0fqQ8\xb9/u\xd9\
\x9b\xd1\x94!/}]}\xc6&\x9f\xadi\xfa\xe6\x9a\
\x97\xd6R\x17\x838(A\x047\xa1\x1e\xb5\xcf\xc5\xaa\
k\x1e&\xd6n\xa2\xb0\x99t\xfd*\xceO%\xa6\x11\
\x87\x92i\x07P3\xc0\x03\xd6\xba\xa6\xb5\xb7\xb4\x91\x84\
p\xa2\xe4\xe4\xe0c5>\x9bm\x05\xb28\x82\x15\x85\
Y\x8b\xb0^\xecz\x9a\xc7\x91\xb6\x93gR\xa9\x18&\
\xd2\xbfk\xf4'\xb4\x8d\xe1\x85U\xdc\xb9\x03\xa9\xeaj\
RqHH\xa6;g\xe9];#\x8bV\xee\x0c\xd9\
\xe6\x98Z\x90\xb7\x14\xc6j\x9b\x96\x90\xd9\x0dW\x91\xb8\
>\xb53\xb7Z\xac\xcd\xc9\xedH\xd6(\x89\xdf\x19\xcf\
\x15\x13\xf21Os\x93Q;m\x075\x0c\xdd#;\
U\xba\x10B\xd9<\xd7\xc2_\x1e<]\xff\x00\x09\x8f\
\x8f\xae\xc4n^\xd2\xcf\xf7)\xe8v\xf5\xfds\xf9W\
\xd4?\x1c\xfcz\xbe\x0d\xf0\x8d\xe5\xd2\xbf\xfa\x5c\xa3\xc8\
\xb7Q\xd4\xbbw\xfc\x075\xf1\x1a+6\xe7rY\xdc\
\x96$\xf5&\xb0~\xfc\xed\xd8\xfa\x1c\x1d?eI\xd4\
{\xbd\x17\xea\x22\x10\xe8\xa7\xda\xb3u\x9b/5\xad\xa7\
\x03\xe6\x8a@s\xe8=kCH\x8ak\xf7[kx\
\x9ey\xcb\xecX\xe3R\xccO\xa0\x03\xadz\xf7\x87\xbe\
\x01\xdd\xad\x80\xd4\xbcT\xe7L\xb38ah\x0f\xef\x9f\
\xfd\xef\xee\xfd:\xfd+\xa61r\xd8U\xaa\xc2\x92\xf7\
\xd9\xec\x1e\x10\xf1\x1e\xb5\xf1\x1b\xc3\xba\x0d\xbe\xb5&4\
m24y\x9c\x0d\xa2VE\x00\x02{\x9c\x7f:\xd2\
\xb6\x8bX\xf8\xe7\xe3?\xf8E\xf49^-2\x16\x0d\
}t\x99\xf2\xed\xa2\xe9\xb4\x7f\xb4G\x15\xe6V~1\
\xbd\xf8\x83\xaei\x7f\x0e<\x0c\x22\x86{\x86\xf2\x15\x81\
\xca[\xa0\x07s\x93\xfcM\x80I\xec=\xeb\xef\x9f\x83\
\xff\x00\x09t\x9f\x83\xde\x10\xb7\xd1t\xd1\xe7M\x8d\xf7\
w\xb2\x0f\xde\x5c\xca~\xf31\xfeC\xb0\xafb\x0e\xea\
\xe7\xc1\xe2\xe4\xa87ef\xf6]\x8e\x87\xc2^\x15\xd3\
\xfc\x15\xe1\xeb-\x1bK\x84Agj\x81\x15@\xe4\x9e\
\xec}\xcdk\x91KEY\xe0\xee|-\xe3\xdbF\xd1\
\xfe%\xf8\xde\xc1\x86\xd253t\xa3\xfd\x99P5Y\
\xf8m'\xfcUv\xfe\xbb_\xf9V\xdf\xed#\xa6\x1d\
'\xe3L\xb3\x01\xf2j\x9adr\xe7\xfd\xa8\xd8\xaf\xf2\
\x02\xb9\xff\x00\x86\xe7\xfe*\xdb_\xf7_\xff\x00A5\
\x9c\xf7>\x8e\x8f\xbd\x86l\xfa\x86\xd3\xe6\xb6\x88\xff\x00\
\xb2*\xd8\xe9T\xb4\xf3\x9b(\x7f\xdd\x15tt\xacO\
<k\x0e\x08\xae\x07\xc5Q\xfc\xf2~\xb5\xdf\x9e\xb5\xc5\
\xf8\xba-\xb7.;:\xe6\xaa\x1b\x81\xc9\xe8\xad\x88J\
zUO\x18\xd9\x8b\xad!\x98\x8c\xf9g'\xe8x5\
cL\xfd\xdc\xac\xbe\x8dZ7\x96\xebsm,L2\
\x1dH\xae\x81'gs\xa0\xfd\x96u\xf3s\xe0\xfb\xfd\
\x0aW\xcc\xdaE\xd3\x22\x82y\xf2\x9f\xe6_\xc3\xad{\
e|\xa3\xf0SZo\x0a|^\x8e\xdaS\xb2\xdfW\
\x85\xad\x9ct\x1ejr\xbf\xd6\xbe\xae\xa0\xe4\xad\x1eY\
\xb0\xa2\x8a(0\x0a(\xa2\x80\x0a(\xa2\x80\x0a(\xa2\
\x80\x0a(\xa2\x80\x0a(\xa2\x80\x0a(\xa2\x80\x0a(\xa2\
\x80\x0a(\xa2\x80\x0a(\xa2\x80\x0a(\xa2\x80\x0aB@\
\x04\xfa\x0aZ\xa5\xad^\xae\x9d\xa4^\xdd\xb7\xdd\x86\x17\
\x90\xe7\xd8\x13@\x1f\x1d\xe8\xba\x80\xd6>'x\xc3V\
?2\xcd\xa9L\xa8}UXF\xbf\xa2W\xaaD\xdb\
\xa2C\xed^9\xf0\xbe'\x93O\x8e\xe5\xc7\xef.\x9c\
\xca}\xcb37\xf5\xaf_\xb7p\x17on\xd51V\
G\xb9_\xe2ItI~\x04\xddk\xcd|Cg\x0a\
x\x91-e@c\x9ap\xdc\x8e\xc6\xbd*\xb8\x0f\x89\
\xd05\x9c\x9an\xa8\x83\x88\xe5\x0a\xf8\xfc\xc7\xf5\xada\
\xb9\xc7-\xaeS\xf1G\xc3\xc7\xb4F\xb9\xd3\x03K\x18\
\xe5\xe0\xea\xc3\xdd}~\x95\xc3\xf7\xe4~\x15\xef\x90\xce\
\xb70G*\x1c\xa4\x8a\x19O\xa8<\xd7)\xe2\xdf\x04\
[\xea\xaa\xf7v\xbbm\xaf:\xb7e\x93\xeb\xe8}\xea\
\xa3>\x8c\x1c/\xaa<\xc5\x0e\x01\xf7\xac\x7f\x19!o\
\x0e^\x81\xfd\xca\xd9\x9e\x19,\xee^\x09\xd0\xc52\xf5\
V\xeb\xf5\xf7\x15[W\xb6\xfbf\x99s\x10\xea\xd1\x91\
\xfaU\xcbT\xc5M\xf2\xcd7\xd0\xf4\xaf\x18xkG\
\xd7\x7ff/\x0f\xf8\x92\xefK\xb5:\xf5\xad\xac\x16\xd6\
\xd7\xf1.$\x0a\x08L\x13\xdf\x80A\x06\xb3\xee\xfcU\
\xaa\xfc?\xb1\xf0>\x8d\xa5y\xda\xb6\xb7w\xe5\x8bx\
\x03\xe1\xb7:\xe4\x8e{(\xc8\x19\xf5\xaew\xc2\x9e4\
\xfe\xd7\xfd\x94\xb5=&G\xff\x00I\xd25X\xe1`\
O;\x19\xf28\xfa\x86\xafC\xf8\x15\xe1\xff\x00\xf8M\
~'\x0f\x14L\xbe|Z$B\xda\xdc\x11\x95Fd\
\xda[\xeb\xb5[\xf3\xae\x05\xbag\xa3+\xd3\xa7%-\
\x93\x7f\xa5\xbf2\xbf\x89\xfe)Mp\xb3i>+\xb3\
\x92\x02\xdf)\x83Q\x89\xe0`}T\x9e3\xee+\x96\
\xf0?\xc7\xeb\xcf\x84\xb7\xedndmW\xc3\x0e\xf9\xfb\
<\xad\x89!\xc9\xea\x8d\xd3\xfa\x1fj\xfbB\xfbM\xb4\
\xd5 0\xdeZ\xc3w\x09\xeb\x1c\xf1\x87S\xf8\x1a\xe6\
$\xf8=\xe0y\xa62\xbf\x84\xb4vs\xd4\xfd\x8d0\
\x7f\x0cb\xb6<\xe8\xe2 \x97,\xa3\xa1K\xc1\x1f\x1b\
|\x1f\xe3\xdbd\x93L\xd7-\x0c\xcf\x83\xf6i\xe4\x11\
\xca\xbe\xdbI\xe7\xea3^5\xfbs\xfe\xd2p\xfc\x1d\
\xf8|4]&\xf1G\x895\xd4h\xe2h\xdb-\x04\
=\x1eObz\x0f\xc7\xd2\xba/\x8e?\x0b>\x0b\xf8\
\x0b\xc1\xfa\x9f\x8c<G\xe1\xeb-\x1e\xde\xca=\xfef\
\x9d\xfe\x8e\xf2\xbf\xf0\xa2\x22\x90\xa5\x89\xe0q_\x94>\
/\xd6u\xff\x00\x8c>,\xbb\xf1\x1d\xda\xbaZ\x7f\xa9\
\xb1\xb7\x96BD0/\x09\x1a\xe7\xa8\x03\xbfrI\xaf\
;\x19\x89Tak\xea\xcf\xa8\xe1\xec\xa29\x8e%U\
Qn\x11\xe8\xd6\xef\xfa\xdf\xfe\x09\xcf]\xdd=\xdc\xa6\
IK1l\x9c\x93\xde\xaa\xf5\xabwze\xd5\xa6\x16\
x\x9a6\xf7\xe4~u\x00\x88\xaew+\x1a\xf9\xeb\xdc\
\xfd\x89h[\xd1\xe6K{\x90\xd2\xb6\xc8\x87V\xec+\
\xe8\x9f\x87?\x11n<'\x7f\xa6j6\xf2\x89\x22\x0a\
\x15\x946RX\xfa\x1c\x1f\xf3\xc8\xaf\x0b\xb3\xd1\x1a\x7f\
\x07]^\xacl\xe7\xce\x08\xb8\x1c\xf6\xaa~\x1c\xf1\x1d\
\xd6\x81)\xb4\x90\x93a&\x1d#a\xc27|{\x1f\
\xe6*\xb9o\xeay\x98\x8b?\xf0\xde\xcd\x1f\xab~\x10\
\xf1e\xb6\xb7\xa6\xdb^\xdbJ$\xb7\x9dC+\x03\xfa\
\x1a\xeb\xe2\xb8\x12.G5\xf0\xf7\xc0o\x8b\xe9\xe1\xfb\
\xa8t\xeb\xd9\xff\x00\xe2UvAGc\xc4N{\xfd\
=k\xeb\x9d#Y\x0c\x14\x16\xca\x9eA\x07\x83]\x94\
\xaa\xf3#\xe1\xb1\xf8\x17\x87\xa9e\xb3\xd8\xebD\x94\xe1\
/\xbdQ\x8e\xe08\xc85\x22\xcb\x8a\xea<g\x12\xf0\
\x93\xde\xa5W\xe9T\x03\xd4\xc1\xf8\x14\xeed\xe2Z\xdf\
K\xe6sU\x95\xf3OSTCD\xe1\xe8-\x9a\x88\
7\xa9\xe7\xda\xb8\xdf\x1c\xfcO\xd3<\x19\x0c\x8b#%\
\xc5\xd6>X\x15\xfb\xfb\x9e\xd5\x13\xa9\x1aQ\xe6\x9b\xb2\
4\xa5Fu\xa4\xa1M]\x9d-\xd1\xcc\xcci\x891\
E*\x1b\x04\xfa\x0a\xf9\xe6?\xdaf\xf6\xd7Ty/\
t\xfb{\x8d4\x91\xfb\xbbW\xc4\x91\xaf\xa8\xcf\xde\xfd\
+\x9a\xf8\xa1\xfbJ\xea\x1a\x92<^\x1ayt\xcb\x14\
\x5c\xb5\xc7\x09+q\xc9\xcf\xf0\x8f\xa1\xae\x0f\xaeRi\
\xc93\xe8i\xe4\xb8\xa9\xc9A\xc7N\xfd\x0f\xad!V\
\xf2\xf9\xeb\xeei\xf9\xc0\xc9 \xd7\xe7v\x97\xfbWx\
\xbf\xc3\xb7Q\xa4^ \x92\xee=\xd90\x5c\x1f87\
\xaf'\x9a\xf5\xad\x03\xf6\xc8\xd5o\x22_\xb4i\xb6\xec\
\xdd\xf1\x14\x87\xf5\x02\xae\x9e.\x12\xee\x8a\xc4d8\xaa\
\x1a\xa6\x9a\xf2\x7f\xe6}dO4\xc2\xd5\xe5\x9e\x04\xf8\
\xcd\xaax\xbbS\x86\xc2O\x09\xde\xc2\x19wIy\x82\
\xb0\xc6=r~\xbd+\xd3\xdd\xf8\xcdu\xc6JJ\xe8\
\xf0\xaaQ\x9d)r\xccW'\x15]\xfa\xe6\x9c^\xa2\
\x96@\xa3\x93E\xc1!\xacq\x93\xda\xb0\xf5\xbdQ-\
\xe1v-\xb4($\x93\xd8w5sP\xbfX\xa3$\
\x1c\x0cW\xcf\x9f\x1d~#\x1b{w\xd1l\xa5>|\
\xcb\xfe\x90\xea~\xe2\x7fw\xeak\x19\xcb\x95\x1e\x8e\x16\
\x83\xad4\x8f\x1c\xf8\xdb\xe3\xa6\xf1\xaf\x8a\x19brt\
\xfb\x5c\xa4\x0b\x9e\x0f\xf7\x9b\xf1\xfeU\xca\xf8_\xc5\x96\
\xde\x16\xbc\x90\xea\x1a,\x1a\xd6\x9d2\x85\x96\x09G<\
t*G*k:\xfc\xe6\xfa_l\x01\xf9UcE\
$\xe2\xaf\xd4\xf7\xabr\xcf\xdc_\x0a\xd0\xf5\xbd\x07\xf6\
\x8d\xf0\x7f\x85\xa5\x9a?\x0f\xf8+\xfb>\xe9\xb2L\x8a\
\xaa\xc5\x8f\xd7\x86\xfc\xcdq>=\xf8\xab\xe2O\x88\xb3\
:\xcf3i\xf6'\x8f)\x0f\xccG\xa1\xc7O\xf3\xd6\
\xbc\xae\xf2\xe3\xec\x9e2L\x9c\x091\xfa\x8c\x7fJ\xeb\
W\xe6P}kOl\xef\xcab\xb0\x14\xe2\xbd\xaaW\
zy\x9b\x9f\x05|M?\xc3\xcf\x89v:\x85\xa6L\
\xf6\xf2Gp\xacO,\x01\x19_\xa1\xe4W\xecF\x8d\
\xab[\xeb\xbaE\x96\xa5h\xfee\xad\xdc)<L;\
\xab\x00G\xe8k\xf1.\xee\xf5\xb4}kK\xd4\x00\xca\
\xa4\xbb$\x03\xba\x9e\xa3\xf2\xcd~\xa4~\xc8\x1e<>\
)\xf8w&\x934\xa2[\x9d\x1e@\x88\xc3\x9d\xd0\xbe\
Y\x0e{\xf2\x1f\xe86\xd7\xa3\x86\x9d\xd5\x8f\x8f\xcfp\
\xee6\xa9m\x8fy\xa2\x9a8b?\x1auv\x9f \
|\xcf\xfbci\xebmq\xe0\xdd`!\xff\x00\x8f\x99\
l]\xc7\xfbk\xb9A\xff\x00\xbeMy\x8f\xc3\x93\xff\
\x00\x15\x85\x80\xf5,?\xf1\xd3^\xd3\xfbl\xc1\xb7\xe0\
\x9c\xba\x80\xe1\xf4\xedB\xda\xe8\x1fL>\xd3\xfa1\xaf\
\x10\xf8{2\x9f\x16\xe9\x12\x0f\xba\xf2\xae?\x1a\xcek\
c\xde\xc1J\xf4'\x13\xea}4\x7f\xa1E\xf4\xab\x8b\
\xd2\xaa\xd8\x8d\xb6\xc8=*\xca\xf7\xacY\xc8\x0d\xd6\xb9\
\x8f\x1a[\x96\x86\x19@\xe8v\x93]Ct\xa8.,\
\xd2\xfa\x17\x86A\x90\xc3\x14\xd6\x8cG\x92\xc6\x9b.\x9b\
\xb6kP\x1c\x81I\xa8i\xedix\xf1\xb0\xc3!\xc1\
\xa13\x81]\x22g\x9b\xf8\xe6\x19t]b-R\xdb\
\x22{I\x92\xf2\x22=T\xfc\xc3\xf2\xcd}\x7f\xe1\xfd\
^-\x7fC\xb0\xd4\xa0`\xd1]B\xb2\xa9\x1e\xe2\xbe\
g\xf1\xb5\x80\xb9\xd3\x96ln1\x9c7\xfb\xa6\xbd\x0f\
\xf6e\xf1)\xbe\xf0\x95\xde\x833\xe6\xe7H\x9c\xc6\xa0\
\x9eLM\xca\x1f\xe9A\x15\x974T\x8fe\xa2\x8a(\
8B\x8a(\xa0\x02\x8a(\xa0\x02\x8a(\xa0\x02\x8a(\
\xa0\x02\x8a(\xa0\x02\x8a(\xa0\x02\x8a(\xa0\x02\x8a(\
\xa0\x02\x8a(\xa0\x02\x8a(\xa0\x02\xb8\xcf\x8c\x9a\xa7\xf6\
?\xc2\xbf\x15]\xe7\x054\xe9\x80>\xe5H\x1f\xce\xbb\
:\xf2_\xda\x9fQ]?\xe0\x87\x88rp\xd7\x02+\
u\xf7-\x22\x8aOcJk\x9aiy\x9e'\xe0[\
ao\xa7iq\x81\x8d\xb0!\xff\x00\xc7Ew\xd17\
\xcb\x5c\x87\x86PD!Q\xd1c\x00WY\x01\xa6z\
\xf3\xd6\xe5\xb5\x94\xf45\x9d\xe2=.={G\xb8\xb3\
b\x01q\x95'\xb3\x0eE\x5c4\xd3F\xc6\x16L\xe6\
<!\xaaK\xa7E\xfd\x91~\x0aM\x00\xc4l\xdf\xc4\
\xbe\x95\xb5w3J1\xd0zR^YCr\xca\xee\
\x83z\xf4a\xd4Tr\xf01\xd7\x1e\xb4\xdb\xeak\x05\
c\x9e\xf1.\x9b\x0e\xa1\xa7\xc9\xbdq,jLr\x0f\
\xbc\xa7\xfc=\xab\x81^\x14\x02rzW\xa5j\x9c\xda\
L?\xd95\xe6\xcd\xf7\xdf\xfd\xea\xbal\x9a\xf1J\xcc\
\xf3K\x8b\x99\xfc1\xa8\xf8\x93JF?d\xd4\xc4s\
l\xed\x95p\xc0\xff\x001_g\xfe\xc8\x1ao\x91\xf0\
\xbe[\xf6\x1f\xbc\xbe\xbcv\xcf\xfb*\x00\x1f\xaek\xe4\
\x1f\x8a\x962Aeo\xac@\xbb\x9e\xd9\xb6J1\xd5\
\x0f\xf8\x1f\xe7_q~\xcd6\xd1\xdb\xfc\x11\xf0\xbbF\
A\x13@\xd3dz\x97j\xc1\xc7\x96m\x1a\xe2js\
\xe1S\xee\xed\xf7\x1e\x9fU\xb5-J\xd7G\xd3\xeeo\
\xafgKkKh\xdaYf\x90\xe1Q@\xc9$\xfb\
\x0a\xb1\x9a\xfc\xf4\xff\x00\x82\x89\xfe\xd2s\xea\xba\x92|\
\x1e\xf0\xa5\xe6\xd2\xf8\x93_\xbb\x85\xbe\xea\xf5\x10d~\
m\xf8\x0e\xe6\xb3\xadV4 \xe7#\x97.\xc0T\xcc\
q1\xc3\xd2\xeb\xf8#\xc5\xbfj\x1f\xda\x0e\xf3\xf6\xa2\
\xf8\x89%\xad\x84\xb2C\xe0\x1d\x1aR\x96\x91d\x8f\xb4\
\xb0\xe0\xca\xc3\xd4\xf6\xf4\x1fZ\xe1\xe3\x85\x22\x8dQ\x14\
*\xa8\xc0Q\xd0\x0a\xcd\xd2!\xb2\xd2m\x12\xda\x16H\
\xe3\x8cc\xe6`\x09=\xc9\xad%\x91$\x19WV\x1e\
\xa0\xe6\xbf?\xc4\xd7\x9e\x22nr?\xa8r\xac\x06\x1f\
+\xc3\xc7\x0fJ\xd7\xeaCuf\xb7\x0b\x82\x14\xfb0\
\xe0\xd6z\xf8Ye\x94\xa2Y}\xa8\xe3%`b\xe3\
\xf1\xd8x\xad\x0b\xbc\x85\x18'>\xd4\xed\x03F\x9b_\
\xd6-l`R\xef3\x81\xc7a\xdc\xfe\x02\xa6\x9b\x96\
\xc8\xc3\x1c\xe9\xa96\xb4\xeez\x7f\x82<\x17g\x16\x9b\
\xe1\xfd,@\xe8\xd7\x8e\xf34r\x9d\xc4|\xa4\x9c\xf0\
=\xab\x90\xfd\xa2~\x15Z\xf8:M&\xea\xca\xdf\xca\
\xb6\xba\xb7\xdf\x81\xd9\x81\xf9\x87\xea\x0f\xe3^\xcd\xe0X\
\xbf\xb4\xfe2\xdb\xe9\xd0\xf3k\xa5i\xed\xc7\x5c1\xda\
?\x0e\x08\xad\xef\xda\xd3\xc3\x897\xc3\x0d*\xe7n^\
\xda\xeb\xca\xfa+\xa1\xcf\xea\xab^\xfd8\xde\x9c\x9fc\
\xf3\xca\x98\x97\x1c]8\xcbij\xfew\xb7\xe8|\xdb\
\xf0\x8f\xc1\x1a\xa7\x8e4\x0dI\xb4kv\xbd\x97Ne\
i\xa0\x8f\x97Dn\x03\x81\xdc\x029\xc7L\x8a\xf7\xcf\
\x84\x1f\x16\xe7\xd0\xae\xd7\xc2\xde)-k<-\xe5\xdb\
\xdcO\xc6=#|\xfe\x86\xb8_\xf8'o\x89\x86\x89\
\xfbBG\xa4\xcc\xf8\x87U\xb3\x9a\xdc\xa9\xe8\xcc\xa3z\
\xff\x00\xe85\xf6g\xed1\xfb*\xd9\xfcK\xd3$\xd6\
|;\x0aZ\xf8\x92\xddK\x08\xd7\x0a\xb7@s\xb0\xfa\
\x1fC[C\x0e\xe7O\xda\xd3\xddt9q\xf9\x8d,\
63\xeaX\xb5\xeeI&\xa5\xda\xff\x00\xa5\xc8\xb4\xdd\
l\x0d\xa0\x9e+\xa1\x8a\xe5f@T\xe6\xbe>\xf8y\
\xf1oP\xf0]\xe9\xf0\xef\x8a\xd2h\xd2\xdd\xfc\x85\x9a\
e\x22[v\x1cmpy\xc0\xfd+\xe8\xad\x17\xc4\xaa\
\xf1\xc7$R\xac\xb1H\x03+\xa9\xca\xb0\xf5\x06\x94*\
_s\xce\xc5`\xa5I\xe9\xaa\xe8\xfa3\xbfW\xe4T\
\xeb\x96\x19\xedX\xb6\x1a\xb4\x17gj\xc87\x8e\xab\x9a\
\xd1Y\x0e:\xd7Bw<\x89E\xa7fZW\xe7\xae\
+'\xc5^3\xb0\xf0\x95\xa2Mt%\x91\xa4;b\
\x82\x14,\xf2\x1f\xf3\xde\xaf\x06\xc8\xa4e\x8d\x99Y\x91\
Y\x90\xe5K\x00H\xfaU6\xfa\x10\x94oy+\x9e\
\x05\xe3\x7f\x8c>:\xd4\x22\x9a=/Hm.\xdb8\
\x04)2\x11\xee\xde\xbfJ\xf0\xcf\x13\xd8\xf8\xe7\xc5\x16\
\x8c\x1et\xb5A\xd5\x91\x0b>}\xfdk\xee\xb3ii\
#\x16\x96%\x97'$7 \x9f\xa5ax\x97\xc3z\
V\xa3\x89\x0d\x8a\xa3\x01\xc9\xb6\xf9\x09\xae*\xb8X\xd4\
\xf7\xa4\xee\xfc\xcfs\x09\x99\xfdY\xf2\xc2\x92H\xfc\xe6\
\xbf\xf0G\xc4\x1d\x1aAqm\xaa\xb5\xd2g\xee8S\
\xc7\xb2\xb8\xc7\xe5Y\xb2\xf8'\xc6~(\x97f\xa5u\
 \xb6\xc8>J\xb2\x80\x7f\xe0)\xc7\xe7_s\xeb\x1e\
\x09\xd3\x9bMKw\xd2%\xb8\xbdiIk\x87\x97\x11\
\xac}\x80\x03\xbde'\xc3kKk\x85\x91#\x0a\x9d\
@Q\xd3\xeak\x85\xe1\xdaz\x1fOO6\x84\x95\xe5\
\x1dO\x07\xf8]\xf0R\x0b+\xc8R+u\xf3\x98\x83\
-\xdd\xc2\xef\xd9\xec\xb5\xf5\xf7\x83>\x17xkD\xb3\
\x8d\x96&\xbb\xb8\xc6ZW\xf9F}\x80\xac\x8f\x0f\xf8\
J\xd7Oa7\xcc\xfd\xd5OA]\xbd\xab\xf9h\x11\
\x06\x07s]\xf4 \xa9\xea\xd5\xcf\x9a\xcc\xb1s\xc5;\
)4\xbc\x8dH\xa2\x86\xddv\xc46\x8f\xad\x0cs\xd4\
\xd5u\x93\x03\x9a\x1e`\x80\x93\xc5u7s\xc3Q\xb1\
,\x8e#\x5c\x9e\x95\x91wz\x09$\x9c(\xa6\xdf\xea\
;\x86\x01\xc0\xae\x1f\xc6\xbe3\xb5\xf0\xde\x9e\xf3\xdc?\
\x5c\x88\xa2\x07\xe6\x91\xbd\x07\xf8\xd6r\x95\x8e\xbaT\x9c\
\x9aH\xa7\xf1\x13\xe2\x0c>\x1f\xb1\x95\x95\x90\xdd\x15\xc4\
Q\x1ey\xfe\xf1\xaf,\xd4~\x17\xea\x1a\x17\xc2\x8f\x10\
|A\xf1\x16\xe4\x96\xea\x00l\xe2\x94|\xed\xe6H\xab\
\xe6\xb6zd\x13\xb4z\x1c\xf4\xc6}\x1f\xe0G\xc1\xeb\
\xef\x8c>*\x1e)\xf1\x1d\xbc\x8b\xe1\xd8$\x0e\x89(\
 ]\xb0\xe8\xab\xfe\xc0\xc7'\xf0\xf5\xae\x9b\xfe\x0a\x1f\
\xac-\x8f\xc1&\xd3m\x80\x88\xcd}m\x1b``\x04\
\x04\x9c~\x95\xa5:W\x8b\xad=\xba\x1b\xd4\xc5\xaax\
\x88`hk)5\xcc\xfby\x7f\x99\xf0t\x96\xf2\x15\
i\x888\x90\xef\x07\xd8\x81P\xf9LG\x02\xbdSF\
\xf0\x15\xcf\x8cd\xf0\xae\x9dg\x1e\xc3wd\x09w\x1c\
\x02\x00\xe4\xfe\x195\xee6\x7f\xb2\xd6\x8fb,\x8f\xda\
<\xd3\x11V\x982\x7f\xac=\xf0{VQr\x9d\xf9\
Q\xedU\xa9G\x0feZVm\x1f\x05\xfcC\xd1o\
\xfc?\xe2\x8d<]\xdb=\xbc\xb2\xdb\xa4\xe8\x1b\xf8\x90\
\x93\x82+\xac\x87\xe6A\xdf\xd2\xbds\xf6\xc8\xf0d\x1a\
v\xbf\xe1k\x98!\x11\xc6\xb6\xd3[m^\x81Wi\
Q\xfa\x9a\xf1\xfd=\xb7ZC\x9f\xbd\xb1s\xf5\xc5y\
\x18\xca\x8e2q\xea}\xb6EB8\x8a0\xaf\xba\x7f\
\xa3(x\x8e\xd1\xae\xac\xb0\x9dU\x83W\xd5\xff\x00\xb1\
\x7f\xc4o\xf8F\xf5\xfd\x02\xe6\xe6\x5cY\xdf\x83\xa3^\
3tW\xe0\xc4\xde\x83\x9d\x83>\x80\xd7\xccw\x11\xf9\
\x910\xc7'\xa5w\xbf\x03\x1f\xedG^\xd1\x19\x8a;\
F\xb70\x1c\xe3k)\xc6G\xe6?*\xf4\xf2\xca\xdc\
\xca\xcc\xf9~*\xcb\xd4[ih\xd7\xfc\x03\xf5\xc4\xfe\
\xa2\x96\xbc\xf7\xe0_\xc4\x1f\xf8X\xbf\x0fl/go\
\xf8\x9a[\x0f\xb2_'q2pI\xff\x00xa\xbf\
\x1a\xf4*\xfac\xf1\x19E\xc6N/\xa1\xe3?\xb5\xf5\
\x98\xbe\xf8\x03\xe2h\x88\xcecC\xf90\xaf\x96\xfe\x15\
jb\xe5|;v3\x95x\x95\xb3\xea\x08\x07\xf9W\
\xd5\xff\x00\xb5[m\xf8\x11\xe2|\x1f\x98\xc4\x8a\xbe\xe4\
\xc8\xa2\xbed\xf0~\x9e\xb6pY&\xc5F\x89Q\xb6\
\xa8\xc7#\x19\xfdi5{#\xd4\xc27\x1aRg\xd6\
\xb6c\xf7+S\x81\x86\xa8,\x18=\xbcl:\x15\x06\
\xa7=k\x99\x90)\xe9M\x0cT\x83\xe9O\xa6\x1a@\
ax\xbfMYL7\xb1\x8f\x96U\xc3}\x7f\xcf\xf2\
\xaeU\xe2\xd9^\x8bo\x18\xd4lo,\x9b\x97\x8d\xb7\
\xa7\xd0\xf3\x5c\x8d\xed\x81\x8dI\xc7C\x8a\xe8L\xcdv\
0/-\x96\xee\xd6XXp\xeaV\xb9o\x85:\xe3\
x3\xe2\xbd\x87\x9a\xdb-\xb5 t\xf9\xf2p7\xf5\
\x8c\x9f\xc7\x8a\xed\x1a\x223\xc7J\xf3\x8f\x88\xbal\x96\
\xf7\x0bwo\x94\x90\x95\x967\x1f\xc3\x22\x9c\x83\xfc\xaa\
\xcd\x12\xe6N'\xd8\xd4V\x0f\x81\xbcI\x1f\x8b\xbc%\
\xa5\xea\xd1\x90M\xcc\x0a\xce=\x1f\x18a\xf9\xe6\xb7\xa8\
<\xd7\xa6\x81E\x14P \xa2\x8a(\x00\xa2\x8a(\x00\
\xa2\x8a(\x00\xa2\x8a(\x00\xa2\x8a(\x00\xa2\x8a(\x00\
\xa2\x8a(\x00\xa2\x8a(\x00\xa2\x8a(\x01\x09\xe9^\x0d\
\xfbd\xdd\x0f\xf8VZu\x988k\xbdf\xd2<z\
\x80\xdb\xbf\xf6Z\xf7\x96\xe9_7~\xd8\xb7E\x8f\x80\
\xacG\x22m_\xcd#\xd9#c\xfdi=\x8e\x9c2\
\xbdh\x9c\xdf\x87\xce\x19?\xdc\xae\xa2\x06\xe4W/\xa4\
\xfe\xeaU\x07\x8f\x97\xfaWEl\xe1\x86i\xbd\xcfQ\
\xea\x8b\xc4\xf1LcJ\x0f\xcbL&\x83\x14\x88\xe45\
Nf\xebVd<U)\x9b\x83R\xcd\xe0\x8c\xfdD\
\xe6\xdeQ\xea\xa7\xf9W\x9b\xff\x00\x1b\x9fz\xf4{\xa6\
\xdc\x8c=Ey\xef\x96C\xcc;\xe6\xb5\xa7\xd4\x9a\xf1\
\xbaEMF\xc2-R\xc2{I\x86\xe8\xa6B\x8c>\
\xb5\xea_\xb1/\xc4i\x22\xb5\xd5\xbe\x1cj\xd2\xff\x00\
\xa7\xe924\xd6[\xcf2@O }\x09\xcf\xfc\x08\
\xd7\x9a\x1e\xc4W\x1f\xe2\x8dCR\xf8}\xe2]'\xc7\
\xfa\x10\x22\xfbJ\x90}\xa61\xff\x00-a\xee\x0f\xa8\
\xc6A\xf64UV\x5c\xeb\xa1\x85\x14\xaa\xa7A\xf5\xdb\
\xd7\xa7\xdf\xb1\xf5\x9f\xedy\xfbHi\xdf\xb3\x8f\xc2\xbb\
\xcdL\xcd\x1c\x9e$\xbfV\xb6\xd2,\x89\x05\xa4\x98\x8f\
\xbeG\xf7\x139'\xe8;\x8a\xfci\xb8\xf1|\xf6\xab\
\x7f\xad_]6\xa1\xafjR4\xd2\xcd!\xcb3\xb1\
\xc9'\xf15\xdb~\xd9\xbf\x1c\xe7\xf8\xf9\xf1\x9e\xe7Z\
E\x9a\x0d.\xd2\xde;K\x1by\xba\xa2\x81\xb9\xce:\
d\xbb7>\x80W\x86\xc3\x16\xf7\xcb\x9c\xb7\xa5|\xd6\
._X\x97/\xd9G\xe9\x99\x0e\x13\xfb2\x8f=\xbf\
y-\xdfo\x22\xee\xa1\xadj\x1a\xe1\x8c\xcf)P\x83\
\xaa\x12\xb9\xf7\xa5\x82Ib\x5c\x09\xe6\xc7\xbc\xad\xfe5\
\xb3\xa3\xf8>\xf7W\x83\xcd\x8dDi\xfc%\xbf\x8b\xe9\
Zk\xf0\xcfR\x94|\x92\xc5\x91\xfd\xec\x81\xf9\xe2\xb8\
\xb9\xe9\xc3\xdd\xb9\xf4N\x15\xa7\xef\xb4\xdd\xcck\x0f\x16\
j\xdabl\xb6\xbe\x965\xcf \xe1\x87\xea\x0dv\xdf\
\x0d\xbe1k^\x0b\xf11\xd4\xaev_\xa1\x85\x91W\
\xcb\x03i8\xf9\xb2=\x81\x1f\x8dr7^\x05\xd6\xad\
\x1fi\xb2y\x07\xf7\xa3\xc3\x0a\xeb~\x1d\xfc-\xbc\xf1\
E\xf9\x86[\xa8\xad \x8f\x0d\x22>|\xc6\x1e\x80U\
\xc1S\x94\xaf\x1b\x5c\xe5\xad9\xc6\x0dTn\xdf3\xe9\
\xbf\xd8\xb3\xc7\x96\xde>\xf8\x87\xe2\xcb\xbb\xb4\x16\xda\xb3\
A\xbf\xc9-\x90\xc8\xd2uS\xdc\x0c(\xf6\xaf\x7f\xfd\
\xa6,Vo\x83:\xab`\x13\x0c\x90\xc8=\xbfx\x07\
\xf2&\xbed\xf0\x87\x85\xf4\xff\x00\x02\xdd\xc6l\x22a\
*\x8ed\xc6\xdc\x8e\xf8\xc7\xd2\xbd\xd3\xc5\x9e2\x87\xc6\
\x1f\xb3\xff\x00\x89\x90\xef\x176\x89\x1a\xca$m\xc7\x97\
\x1bH?\x81\xfc\xab\xb6\x11P\xa6\xe2\xbc\xcf\x97\xaf)\
U\xc6S\xac\xb6\xbcW\xe4\x8f\x94\xff\x00g-u|\
+\xfbI\xf8*\xf8\xb6\xc8\xbf\xb5\xa1\x8d\x8ep6\xbb\
l?\xfa\x11\xaf\xda8\xa3(\xa7$\x93_\x83\xbaV\
\xaf\x0e\x93\xe3M/Q\xb8F\x96\xde\xd6\xee9\xa4D\
8fUpH\x1e\xfcW\xee\xaf\x875kM{A\
\xd3\xf5\x1b\x07g\xb3\xba\x81%\x84\xb2\x90v\x10\x08\xc8\
<\x83]9{\xf7d\x8e\x0e0\xa7j\xb4jwM\
}\xdf\xf0\xe7\x94\xfct\xfd\x98|9\xf1\xa6\x07\xbd\x07\
\xfb\x1f\xc4Av\xa6\xa3\x0adI\x8e\x82T\xfe!\xef\
\xc1\x1e\xb8\xe2\xbe1\xd5\xf4\x8f\x1f\xfe\xcc:\xca\xd9x\
\x97M\x96\xef\xc3\x92HV;\x88\x18\xbc\x0f\xef\x1b\xff\
\x00\x0bw\xda\xc0\x1fn\xf5\xfam^g\xfbGik\
\xab|\x13\xf1|/g\x0d\xee\xdb\x09%H\xe5\x19\x01\
\x94d0\xf7\x18\xc8\xad\xb18XTNkFxy\
^o[\x0d(\xe1\xea{\xd4\xdb\xb5\x9fOF|\xdb\
\xe0\xcf\x1ci~(\xb3[\xdd:\xe5n!?x\x06\
\xc4\x91\x1fF\x1d\x8dz\x86\x8d\xac\xc3,J\x86B\xde\
\xecrk\xf3\xa3J\xd55\x1f\x0b\xea){\xa4\xdeI\
gr\xa7\x1b\x90\xf0\xde\xc4t#\xd8\xd7\xbax\x0b\xf6\
\x8d\xb7\x9eH\xad<A\x1f\xf6m\xd6B\xfd\xaa L\
,\x7f\xda\x1dW\xf5\x1fJ\xf1#S\x95\xd9\x9fu\x88\
\xc0{H\xf3\xd1w_\x8a>\xc0I\x03&T\x82)\
\x8e\xf5\xc2h~0I\x22\x8eE\x99f\x86@\x19d\
F\xca\xb0\xf5\x04u\xae\x9e\x0dZ+\x95\x040\xae\xb5\
$\xcf\x9d\x9d\x19A\xea]i*9\x01|\xfc\xdf\x86\
*30'\x82)\xe8\xdb\xa9\x91\xb1Y\xb4\xf4\x97;\
\x86s\xda\x92=\x22%\x00l\xc8\x1e\xb5\x7f\xa5.\xe3\
\xedE\x8a\xe6}\xc8R\xce8\xc0\x01@\x03\xd0S\xc0\
\x0b\xd2\x9c2i\xb2\xfc\x88Z\x99#$\x94F2M\
f^_g\xa9\xc0\xa8o\xef\xd5s\x96\xe6\xb8\x9f\x17\
x\xde\xcf@\xb3ig\x94\x0c\x83\xb5\x01\xf9\x9c\xfa\x0f\
\xf1\xac\xa5+\x1dT\xa99;\x22\xf7\x8a|_i\xa0\
XMus X\xd3\xa2\xe7\x97>\x82\xbe\x5c\xf8\x87\
\xe3-C\xc4W\x06\xf5\xd8\xaa\xcd \x8a\x05\xe8\x00'\
\xa2\x8f\xebZ\xfe\x22\xf1%\xef\x8cu\x1f>\xe9\x8a\xdb\
'\x11\xc0\x0f\xca\x05eiZCx\x9f\xe2\x8f\x82t\
07\x0b\xbdF \xc9\x8f\xe1\xde?\xa6k\x05z\x92\
H\xfa:4\xa3\x85\xa6\xeaK{\x1f\xa4\xff\x00\x0a4\
\x99</\xe0\xcf\x0e\xe8aB\xc7m\xa7Dd=\xf7\
\x95\xcb~\xa4\xd7\xca\x7f\xf0R\x9df4\xd0<'\xa2\
\x07\xc4\xb7\xf7\xeft\xc0u\xd9\x12m\xfer\x0f\xca\xbe\
\xd7\xb7\x89c\xba\x90\xa8\xc0\x08\x14\x0a\xfc\xce\xff\x00\x82\
\x84\xf8\xb7\xfbk\xf6\x84\xb3\xd2#}\xd1h\xfa|0\
\x95\xcfI$b\xed\xff\x00\x8e\x94\xafg\x19/gA\
\xaf\x91\xf0\xfc=I\xe2\xf3H\xc9\xf4\xbc\x9f\xf5\xea\xcf\
s\xf8c\xa1C\xa76\x819A\x98\xf4\xd5\x0aq\xd3\
\xe4A^\xb4\xac\x1dC\x0e\x84q\x5co\x86\x12\x08o\
\xac\xac\x95\x87\x99\x15\x86vw\x0b\x94\x00\xff\x00:\xec\
\x94mP\x07A\x5c\xf4\x95\xa2u\xe3\xa6\xe7V\xec\xf9\
s\xf6\xd5\x88\xad\xb7\x86N\xc1\xb5\xa7\x91K\xf7\x19Q\
\xc7\xe9\xfaW\xcc\x96p\xf9+\x81\xd0\x93\xfc\xeb\xebo\
\xdbF\xcb\xcd\xf0N\x91v\x06M\xbd\xfa\x9c\xfa\x02\xac\
?\xa8\xaf\x96\xbe\xc2\xdf\xba\xda3\x91\xcf\xb5|\xc6e\
\xee\xd7\xf5G\xed\x1c!\xfb\xdc\xa9[x\xb6\xbf\x12\xb8\
\xad\xcf\x86z\x9f\xf67\xc4\xcd%\x8bm\x8e\xec=\xb3\
{\xe4|\xa3\xf3\x02\xb2g\xb6h9=\x09\xac\xf9\xef\
[I\xbf\xd3\xb5\x04\xfb\xd6\x97QM\xf90\xa9\xc0U\
\xf6uS\xe8uq\x06\x17\xdb\xe1d\x9a\xd5\x1fv|\
\x0b\xf1\xaf\xfc+\xef\x89q\xdb\x5cI\xb3G\xd7\xf1o\
.O\xcb\x1d\xc0\xfb\x8d\xf8\x8e?*\xfb\x1b5\xf9\xfb\
uh5\x9d-\x967\xd9#\x00\xf1J\xa7\x95u<\
0\xfck\xeb\xaf\x80\x9f\x11\xff\x00\xe1b\xf8\x0e\xda[\
\x96\x03W\xb1?e\xbd\x8f\xb8\x91x\xdd\xf4#\x9a\xfd\
\x02.\xe8\xfei\xcc(\xf2\xcb\xda.\xa6\x1f\xedQx\
\xa9\xf0\xea\xde\xc1\xb0M\xf6\xa1\x04[Op\x1bq\xff\
\x00\xd0k\xe6c\xaa\xfd\x8f\xc7:M\xb6q\x0c\xb1H\
\xb2\x9fC\xc6\xdf\xd4W\xbb~\xd5W\xc6]_\xc1\xda\
h<y\xb3]0\xff\x00up?\xf4*\xf9\xde\xea\
\x16\xb9\xd6u\xbb\xf5\xe5t\x85\xb4\x95\xcf\xa2<\x9b\x0f\
\xfe\x85\x9f\xc2\x9fP\xa2\xadB\xfd\xd9\xf6'\x87f\xf3\
\xf4k'\xfe\xf4+\xfc\xabI\xab\x99\xf8yx.\xfc\
/fs\x96PP\xd7NFk\x9d\xeef\x03\x9ak\
qN\x14\x11\x9a\x90)Z\xdc\x9b=v7\xfe\x19\x17\
kT\x9a\xce\x9c\x0c\xb2\x00>W\x1b\x85S\xbc>]\
\xe4\x0f\xd3k\x8a\xe8o\xd76K.2S\x83Z\xad\
\x8c\xa5\xb9\xe7\xf7\x16\x9b\x1f8\xf6\xaek\xc5\xba?\xdb\
\xf4\xd9c\xc6YF\xf5\xafB\xbe\xb3\x0d\xbb\x03\x827\
\x0a\xc4\xbd\xb6\xde\x9d9\xabL\xa4\xed\xa9\x99\xfb2\xf8\
\xb7\xcamO\xc2\xb7/\x87\x85\xcd\xcd\xbeOU?x\
\x0f\xc7\x9f\xc6\xbd\xfa\xbe6\xd4u9~\x1a|H\xd2\
\xf5\xe4\x05m\xa2\x94\x09\xb1\xfcP\xb1\xc3g\xe9\x9c\xd7\
\xd8\x96\xf71\xdd\xdb\xc5<L\x1e)\x14:0\xe8A\
\x19\x06\xac\xe7\xaf\x1bJ\xeb\xa9-\x14QA\xce\x14Q\
E\x00\x14QE\x00\x14QE\x00\x14QE\x00\x14Q\
E\x00\x14QE\x00\x14QE\x00\x14QE\x00\x14Q\
E\x00!\xe6\xbea\xfd\xaa\xe4\x17\x7f\x11\xbe\x1d\xd8\xff\
\x00\xcf5\xbc\xb8?\xf7\xca\x01\xfc\xeb\xe9\xfa\xf9g\xf6\
\x88\x06\xe7\xe3\xaf\x87\x93\xa8\xb5\xd1e\x97\xfe\xfa\x94/\
\xf4\xa4\xce\xbc/\xf1S\xf51b\xbdE\xbe\xf2\xc1\xe7\
\x1f\xd2\xba;)3\x12}+\xc3o\xbc[,?\x14\
t\xeb=\xcc-\xbc\xa6.A\xc0,z\x03\xf8\x02k\
\xda,\xa5\xfd\xd2\xfd*T\xb9\x8fjt\xf946\x91\
\xfeZFj\xaf\x1c\xbcS\x9aATs[Q\x92\xb5\
Q\x9d\xaa\xc4\xb2u\xaa\x13\xbf5,\xde\x11 \x95\xb3\
\x9a\xe3n\xe2\xf2\xeee\x1f\xed\x1a\xeb$j\xe7\xb5X\
v\x5c\x96\xec\xe3?\x8dU7\xa9\xa5H\xfb\xb71\x99\
v\xbb)\xaa\xd7h\x0c.\x8f\x18\x95Xm(z\x10\
}j\xe5\xd4g\x02E\xea:\xd6U\xcc'P\xb9\x8c\
\x97e\x82&\xdcUN7\xb0\xe9\x9fa\xfa\x9a\xe9o\
C\xc8\x94yd|\xd1\xf1K\xf6k\xd4\xb5=N\xe6\
\xf3H\xb6C`\xe7r[\xc4\xf9\x99\x0f\xe2\x00#\xdb\
5\xe4\xb6\x7f\x0a/t\x0df[Mf \x92B\xc3\
\xf7J\xea\xc4\xe7\x90\x0e\x09\xc1\xf6\xaf\xb7\xfcm\xe2h\
\xfc'\xe1\xbb\xbdA\xc8\xf3\x14l\x89O\xf19\xe0\x0a\
\xf9\xa3L\x94\xea\x9a\xa4\xf7S\xb9\x91\xc3\x16fo\xe2\
s\xc9?\xe7\xd6\xbeW5t\xf0\xf1\xf77g\xea|\
(\xb19\x94\xf9j\xb5\xc8\xb4\xfe\xbd\x11kJ\xd1\xa3\
\xb1\x81r\x83\xcc\xc7@8Q\xe8)\x976\xe1%'\
\x18\x15\xacy\xac\x8dz\xf6\xd2\xc2\xdf\xcd\xbb\x9d`\x89\
NK1\xc7\xe1\xef_\x1dM\xcas\xf5?e\xcc(\
\xd2\xa5\x86\xb2\xd1!\x98\xac\xfb\xf5\x93O\x93\xfbJ\xd2\
\xe9\xac\xaea\xf9\xbc\xc5\xcf?\x95r:\x8f\xc4\xf14\
\xe2\xdfH\xb3k\x89\x1c\xedF\x90\x1f\x98\xf6\xc2\x8eM\
\x5c\xf1\x97\x84\xbci\xe1Ht\xc9\xbc[\x14\xda@\xd5\
 76\xb6\xf2`3\xc7\xeaP}\xde\xa3\x86\xc1\xe6\
\xbdjtjE\xf3l|%lE\x09\xafg-[\
;m\x0f\xe3\xbcIi*j\xee\xa2\xe5F\xd5x\xe1\
\xcf\x98=x\xe8k*\xeb\xf6\x82\x90\xfd\xafM\xb5\xb7\
{m>\xf6\x07\xb6\xb9\xf3_>`\xdc\xac\x8d\x8c|\
\xa5J{\xf0\xc6\xbccS\xbfk\x19rai\x95\x86\
\x0e\x0e\xdc~5ZuFX\xe7\x85\x5cE \xf9C\
\x0c\xb0\xf6\xafYNMX\xf0~\xafF\x9b\xe7gs\
\xa1H'\xf1\x1d\x83\xed\xde\xbfh\x8c\xe3\xaeF\xe1_\
\xbd\xb0\xacqC\x18\x89\x02E\xb4mU\x18\x00v\xe2\
\xbf\x00|\x17\xe2\xdbo\x0c\xea\x9am\xf5\xcc2]\xc1\
k<sKj\xbf#\xba\xabd\x81\x91\xc7\x1d\xeb\xf4\
\xdf\xc1\x7f\xf0T\x8f\x83\xfa\xbbC\x06\xb0u\xaf\x0e\x12\
\x00y/,\xbc\xe8\xd0\xfaf\x22\xe7\x1f\xf0\x1a\xee\xc0\
\xb5O\x9b\x9bC\xe68\xaa\xf8\xb7E\xd1\x5c\xd6Om\
w\xb7\xf9\x1ff\x06\x0c8\xe6\xb2<a\xa5\x8do\xc2\
\x9a\xc6\x9e\xc3p\xb9\xb4\x96\x1c\x7f\xbc\xa4V\x0f\xc3\xbf\
\x8d^\x02\xf8\xaf\x07\x9b\xe0\xff\x00\x16\xe9\x1a\xf9\x09\xbd\
\xe1\xb2\xbaF\x9a1\xfe\xdcy\xde\xbf\xf0 +\xaf\x9d\
\xbfs/<l?\xca\xbd\x8d\x1a?:\xb4\xa9\xcbU\
f\x8f\xc7=&!\x0e\xb6 \x95w\x02\xc66R?\
\x0a\xe9\xee|'e\xa9\x02\xa6-\xad\x8f\xbc\xbc\x11X\
^S]x\xcaq\x10\xe3\xedr?\x1d\x80bk\xbc\
\xb5\xff\x00^\x0bg'\xbf\xf8\xd7\xccF*R\xb3?\
h\x85IB\x9b\x94w9\xfd\x0bR\xf17\xc3\x99\x09\
\xd3.>\xdd\xa7g/g/#\xf0\x1d\x8f\xb8\xfc\xab\
\xd7\xfc\x15\xf1\xdfL\xd4\xd9 \xb8v\xd3o:\x18.\
\x8e\xd0O\xfb/\xd0\xfe8\xae\x1eX\xd5\xd8\x82++\
Q\xf0\xf5\xad\xf2\x9d\xf1\xae}q[<3_\x039\
\xeaV\xa7[\xf8\x91\xd7\xba>\xa7\xd3\xfc[\x0c\xe1~\
`r:WEc\xadA.3\x8a\xf8\xbfO\xba\xd7\
\xfc*G\xf6e\xfb<\x0b\xc8\xb5\xb8\xf9\xe3\xfa\x0e\xe3\
\xf0\xc5vz\x17\xc7\x97\xb0u\x8bY\xb0\x9a\xd1\xfa\x19\
b\xfd\xe2}{\x11\xfa\xd478|H\xe0\x96\x123\
\xfe\x1b\xb9\xf5\xa4W\x10J8\x22\xa5\x0a\x87\xa7?\x8d\
x\xcf\x87~3\xe8:\x8ci\xe5\xea\x113\x1f\xe1\xde\
\x03\x7f\xdf'\x07\xf4\xae\xca\xdb\xc7VR\xc2\xcc\xa4\xb7\
\x1c\x1c`~uji\x9et\xf0\xd5 \xec\xd1\xd8\xcf\
4p!$\x8a\xe6u\xad|\x22\x91\xbc*\xfdk\x86\
\xf1\x97\xc5\xbbM\x16\xd9\x9eI\xa2N\xc20\xe1\x9d\xbe\
\x835\xe2>&\xf8\xad\xaa\xf8\x85\x9e;wkX[\
\x8d\xc0\x90\xe4}A\xe3\xf0\xa8\x95K\xe8\x8e\xba\x18)\
K\xde\x96\x88\xf4\xef\x1b\xfcU\xb3\xd1\x96H`u\xba\
\xbc\xfe\xe2\xb0*\xbf\xef\x1e\xdfJ\xf1\xcb\xedB\xfb\xc4\
\xd7\x8fy}+\x14'\x80x\xcf\xb0\x1d\x85gY\xdb\
\xf9\xb2\x02\xf9\x91\x89\xcf<\xe6\xb7~\xca\xce\x98\x03n\
*9$\xf7=\x9aP\x85-\x8a\xb0\xa89\x0a0\x07\
\x02\xba\xaf\xd9\xbbK\xfe\xdf\xfd\xaa\xb4\x04#tzm\
\xbc\x97\x07\xd8\xaa1\x1f\xa9\x15\x83\x15\xb8\x84z\x9fZ\
\xf4O\xd8cN\x1a\x9f\xc7\x7f\x17j\x87\x95\xb3\xb11\
)\xf4,\xea?\x92\x9a\xde\x84oU#\x1c\xca\xa7&\
\x0a\xac\xbc\xbf=\x0f\xbf\x11\x82\x99\x18\xd7\xe4?\xc4\x0d\
R?\x89\x9f\xb5\xb6\xad4\xb8\x9e\x0b\xcf\x12-\xa0\x07\
\x90\xd1\xa4\x82!\xff\x00\x8e\xad~\xb0\xf8\x97VM\x0f\
\xc3z\xae\xa3!\x0b\x1d\xad\xac\xb3\xb1=\x82\xa9?\xd2\
\xbf\x1c\xbe\x07\xdc\xb6\xa5\xf1\xaf\xc3Ww\x07t\x92\xea\
k;\x93\xdd\x8b\xee\xfeu\xd3\x98\xbd!\x0e\xec\xf0\xb8\
N\x9d\x9e\x22\xbf\xf2\xc6\xdf\x9f\xf9\x1f\xa0\xfaAU\xf8\
\x95<c\x00\xff\x00e\x02\x07\xb7\x9b]\xbdym\x95\
\xe9O\x8e8\xdc\x04+\xa1\xb1v,\x00\x19\x98c\xf9\
\x1a\xeb\xf5\x1f\x88\x9e\x1b\xd3w\x09\xb5\x8bR\xcb\xd5b\
\x7f0\xfeK\x9a\x9aR\xd1\xfa\x98\xe3)\xcb\x9a\x16W\
\xbcQ\xe7\x1f\xb5\x8d\x98\xbd\xf8[t1\x96\x89\xe3\x94\
~\x12 \xfe\xb5\xf2]\x9bo\xb7\x89\xbb\x95\x06\xbe\x82\
\xfd\xa0~2i\xba\xdf\x85.\xf4\xdb5c\x1c\xcc\x8a\
d\x95v\xe1U\xb7\x13\xfa\x0a\xf9u\xbcN\xd0F\xa6\
\xde\xd2K\x85\xe8\x06U@\xc7|\x93\xd2\xbes2\xa7\
*\xd5\x92\xa6\xaf\xa1\xfa\xff\x00\x08b)\xe5\xf9t\x9e\
*J)\xc9\xda\xff\x00#sT\x1f\xb9N\xdc\xd7/\
\xe2(Zm.m\xb9\xdc\xa3#\x15\xa2\x9e${\xa1\
\x19\x9e\xc8\x22\xe7$y\x99\x22\xae\xe9\x96q\xea\x86h\
\xb1\x90\xd1\x9c\x0a\xe6\xa1F\xa5)AN6=\xacv\
7\x0f\x8c\xa5VTf\xa4\xad\xe7}\xbc\xcf\xa1>\x18\
\xea\xcb\xa9xGJ\x91\xa5\xdd#\xdb\xa6\xe5c\xc8`\
\xa07\xea\x0dz\x07\xc3\xbf\x1bI\xf0\xa3\xe2\x0c\x1a\xb1\
'\xfb\x17R\xdbm\xa8\xc6:)\xcf\xcb'\xe1^\x09\
\xf0\xea\xe2C\xe1\xbb\x13\x0b\x15h\xb2\xb8\x1d\x885\xeb\
\x16\x171\xebz{\xc3p\x81\x89]\xae\x87\xbd}\xdd\
)\xf4g\xe0\xb8\xcc<g\x16\xd6\xcc\xf5\x7f\xda\x0bR\
\x8bX\xf8\x9d\xa4\xb4\x12,\xb0A\xa6oGS\x90w\
\xb7Q\xf8\x0a\xe0~\x15h?\xf0\x97\xde\xfcd\xd3\x87\
,\xfa,j\x9f\xef\x01\xb8~\xa0V\x07\x87m\xb5\xa4\
\xd6\xae\x0e\xa1*K\xa7\xc1\x1a\xdb\xda\x16l\xc9\xb0s\
\xcf\xb7&\xbb\xcf\xd9\x1a\xe5O\xc6\x7f\x1fYI\x82n\
,\xe1 \x1e\xe0u\xfeu\xd4\xb7>v\xa4\x1d,?\
+\xe9\xfegq\xfb<\xf8\x83\xfbo\xc16\xceO\xcf\
\xb1\x19\xbd\x9b\x18o\xd5Mz\xc5|\xf9\xf0U\x1f\xc1\
_\x10|]\xe1\x09\xc9_\xb1_\xc8a\x07\xbcNw\
\xa1\xfdZ\xbd\xfd[ \x1a\xc6kS\x07\xdc\x7fzZ\
i<\xd3\xab1\x19\xba\xbcG\xcb\x0e:\x8ek}\xff\
\x00}\xa4M\xef\x16\xff\x00\xd2\xb3\xae#\x12\xc4\xca{\
\x8a\xb9\x09\xce\x84I$\x1f\xb3\xb2\xfeB\xb4\x8b3\x91\
\x9d\x02}\xa3O\x86Lr2\xa6\xb2\xafm\xb6\x96\x00\
{\x8a\xbf\xe1{\xa1sa4D\xe4\xab\xe7\xf0?\xfe\
\xaa\xb1\x7fn\x08\x0c\x07JoF\x08\xf2O\x89\x9e\x17\
]sB\x97j\x06\x960YA\xef\xc7#\xf1\x15\xd9\
\xfe\xcb\xfe;>#\xf0K\xe8wr\x16\xd4\xf46\xfb\
9\xdf\xf7\x9e\x13\xfe\xad\xbf,\xa9\xfaU\x8b\xdb@w\
\xa1\x19\x06\xbct_\xcd\xf0k\xe2\xc5\x87\x88#\x0c4\
\x8b\xd6\xfb-\xea\x8e\x9bX\xf5\xfc\x0f?\x9dh\x9d\xc7\
%\xcf\x1eS\xec\x1a*;{\x88\xee\xe0\x8eh\x9c<\
R(ea\xd0\x83\xd2\xa4\xaa<\xf0\xa2\x8a(\x00\xa2\
\x8a(\x00\xa2\x8a(\x00\xa2\x8a(\x00\xa2\x8a(\x00\xa2\
\x8a(\x00\xa2\x8a(\x00\xa2\x8a(\x00\xa2\x8a(\x00\xaf\
\x97\xbe8\x8f3\xe3s\xc9\xff\x00<t(S\xf3\x9a\
C\xfd+\xea\x1a\xf9\x8f\xe3&\x1f\xe2\x96\xb1(\xeb\x1d\
\x8d\xb4_\xfa1\xbf\xf6j\x0e\xac7\xc6y?\x8c\xbe\
\x1dM\x0f\xc1+\xdf\x1c[\x85\x92\xf2\xd3Y\x86\xe8\x95\
\x19a\x02\x83\x13/\xfeD'\xf0\xae\xdb\xc3\x9a\x9a\xea\
ZM\xa5\xd26\xe5\x965p~\xa2\xbd7\xe0\xe7\x87\
\xed\xfci\xf0\x0e\xf3G\xb9\x01\xa1\xbe\x176\xed\x91\x9c\
n\xe3?\x85|\xfb\xf0\xa2\xf6{=>\xf7@\xbdS\
\x1e\xa3\xa3\xdc=\xa4\xd1\xb7\x04\x15b?\x98\xfdk\x08\
l\x8f{\x9f\x9e\xa4\xe0\xfe\xcb\xfc?\xa4z\x84s\xfb\
\xd3\xdal\x8a\xcdY\xaaO;#\xad]\xc1\xc0\x9aY\
j\xa4\xaf\x9aI%\xa8\x19\xf3H\xd61\x1a\xed\x9a\xad\
ql\xb7K\xb4\xf5\xec}*s\xcd\x11\xaeZ\x8b\xd8\
\xda\xdaY\x9c\xae\xa2M\x9b\xc9\x03\x01\xbb\x1c\x1a\xcd]\
\xbbp:{S\xbcP\xf3\xdej\x8aD\x9fcT?\
2\xed\x04\xbe=\xcf\xf4\xae\x0f\xe2/\x8fO\x83\xf4\x87\
\xfb\x10K\x9dE\xf8D,\x02\xaf\xb9=8\xf4\xad\xdd\
X\xc2<\xd2v<\x9f\xab\xd5\xc4U\xf6t\x95\xd9\xe2\
\xff\x00\xb5w\xc4ib\xd6\xect\x0b)@[E\xfb\
D\xfd\xfev\x18P~\x83\xf9\xd7\x83\xd8|A\xd64\
\xf7>\x5c\xe0\xc6[q\x8d\xd4\x11\xfe5g\xc5\xd0\xeb\
>&\xf1\x05\xe6\xa1~Z\xe2\xeew\xdc\xf2\x129\xec\
:{U}\x07\xc0\xb7:\xae\xb3ckw(\xd3\xec\
\xe7\x99#\x9a\xf1\xd0\xb8\x85\x09\x01\x9c\xa8\xe4\xe0s\x81\
\xe9_-\x88\xa9\x0a\xd5\x1c\xa4~\xad\x80\xc1\xd5\xc0\xe1\
\xa3\x08\xa7\xa6\xfb\xef\xd4\xed\xf4\x8f\x89\xf7W\xb6i\x1a\
\xda\x9b\xcdV\xe2A\x15\xb5\x9d\xaa3<\x8cx\x1c\x0c\
\x9e\xa7\x03\xb9\xafs\xf8q\xfb\x11\xf8\x93\xe2\x03\xff\x00\
l|A\xbe\x9e\xcd\x17\x0d\xfd\x89\xa72\x19\xd0\x1e@\
\x91\xd8\xed\x8f\x8e\xc3s`\xf6\xaff\xfd\x98\xbe\x12\xfc\
$\xf8[v\xd7\xfa.\xa1s\xe3\x0f\x10r\x8d\xad\x5c\
Y\xb4in\x0f\x04D\xac\x06\xd0{\xb0\xdcq\xdf\x1c\
W\xbd\x9bQw\xaa\x83n\xd9\x89\xdc\xca|\xd4e\x05\
\x7f\x88\xaf\x18$\xe7\x19\xc9\xebN\x8e\x16\x94=\xe8\xf5\
<,\xd7?\xc6V~\xc56\x92\xea\xd6\xbfs\xff\x00\
\x87<\x8b\xc1\xbf\x05|=\xe0\x18\xd2/\x0eh\xb6:\
\x0c\xa1H7V\xf0}\xae\xf8\xe0\xf3\xfb\xe9C~\x8b\
Z\x9a\xc7\xc1\xef\x0d\xf8\xbf[\x8e\xefZ\xd1\xd7X\xd5\
dE\x89n\xb5W.\xc5GE\x19\xe0\x0c\xf6\x00r\
}\xeb\xd0\xa3\xd1M\xa3\xad\xc5\xea\xda\xe9\xd6\x88\x0e\xd1\
|\xc1\x80=\x81\x1b\xb0\x7f\x1ex\xad]\x18i\xb7\x0b\
s\xa8o7\xed\x08\xde\x92\x08[\xcbU\x03\xa4|m\
'#\xb5w\xc6\x0bk\x1f',MK\xf3\xa7\xaf~\
\xbfy\xe2\xde$\xfd\x96\xfe\x1d\x5c\xd8\xc05\x1f\x0b\xe9\
\xf1]\xce\xc4\x08\xe3@\x8c\xa9\x8e\xa5\x94\xe79\xc7z\
\xf2\xfdw\xf6\x1d\xf0\xbb\xcaf\xd1&\x16O\xd4At\
\x82D\xfc\xfa\x8a\xfa\xa6\xe3WmKb\xcf,?\xbc\
 \xec\x8drx\xe7\x19\xe7\x8e)$\x92>F7\x9c\
\x1f\x94\x0c\x9e?\xa7\xbfJ|\xb0{\xa3jx\xbcE\
=y\x99\xf9\xe3\xf1C\xf6a\xf1&\x80\x1d\xa3\x82Y\
\xe3\x03 \xd9\xcc\xd2\xa1\x1e\xca\xc7p\xfc\x18\xff\x00\xbb\
^\x1do\xf0\x93Q\xd6\x1a\xee=0}\xa6\xee\x0c\x99\
t\xf9\x0e\xd9\xd0\x01\xc9\xc1\xc1#\xf0\xcd~\xba\xfd\x85\
.\x84\xd1\xcb\xe5J\x9b\xb1\x84\xf9\x97\xa08\xf7\xc6z\
\xd7\x97|J\xfd\x9e\xb4?\x19\xe2\xee+qk\xa9\xc5\
\xf3CwnvM\x19\xf6a\x82G\xb1\xac\x9d7\xbc\
Y\xeaR\xcc!S\xdd\xaf\x1f\x9a?%\xae.5\x7f\
\x05\xebiqg=\xde\x95\xa9[>\xe8\xe5\x81\xda\x19\
\xa3a\xdc\x11\x82\x0f\xb8\xae\xf7H\xfd\xad\xfe%Z\xdf\
\xdaM}\xe2\xddR\xf8\xdb\x80\xa8\xd3\x5c\xb6\xf5\x00\xf6\
`y>\xe75\xf4/\xc5O\x82\x972\xdd=\x9f\x89\
 7{\xb8K\xdca\xdb\x1d\xf7u\x0d\xfa\xd7\xcd\x9f\
\x10\xff\x00g\xcds\xc2\xd0\xc9\xa8XF\xda\xc6\x949\
2\xc2\xb9\x92!\xfe\xda\x8e\xa3\xfd\xa1\xf8\xe2\x88\xca\xfe\
\xec\x85Z\x8b\x8bU)\xbb\xa3\xd6\xbc\x0f\xf1{I\xd6\
o\x15\xad\xee\x8d\xbd\xeb\x8f\xf5S\xf0[\xd4g\xa1\xaf\
n\xf0\xfe\xab\x1e\xa7\x11}\xd9\x91x+\xdcW\xe6\xf2\
K5\x8c\x8a\xe8\xc4s\x90A\xe3\xea+\xdd\xfe\x0d|\
~m\x1e\xea\x1b=i\xdaH\x0e\x10O\x9f\x99G\xa3\
z\xfdjU.I)-\x8e\xba9\x87:t\xaah\
\xcf\xaf7~\xf1\x81\x14\xd9r\x05C\xa4\xeav\xba\xdd\
\x8cWV\xb3%\xc4\x0e2\xb2!\xcd]1\xe7\x82+\
\xaa\x06\xf3w\xd5\x19\xad!\xefP\xc9\x1cS\xa9Y\x11\
]OPEhMfO U) e5\xa3]\
\xccSL\xe7u?\x0d\xd99-\x11h[\xd0r+\
9\x7f\xb5mb6\xd1j\x97Q\xdb\x1e\xb1\xa4\xcc\x13\
\xf2\xcdu2\xc7\x93\xc8\xaa\x92i\xdes\xf1\xc7\xd2\xb8\
\xa7B-\xdd#\xbe\x9dyEY\xb3\x02\xd7OX\x9b\
s;\xcd!\xfe'95\xd1\xe9\x9a\x1c\xb7Xg\xfd\
\xd4\x7f\xa9\xadm+E\x8a\x04\x0c\xc8\x0bz\x9a\xd6\x0a\
\x14`\x0c\x0a\xd2\x18t\x96\xa4T\xc4\xb7\xa4J\xd6\xd6\
QZ&\xd8\xd7\x1e\xe7\xa9\xa9\x0a\xf1R\xed\xa65i\
(\xa4\x88\x84\xdbey\x8e\xd5$\xf4\x02\xbd\x7f\xfe\x09\
\xdfa\xe6M\xe3\xedX\x8f\xf5\xb7\x10\xc2\x1b\xfe\xfbc\
\xfd+\xc6uI<\xab\x1b\x87\xe9\xb66?\xa5}\x0f\
\xff\x00\x04\xf8\xb1\xfb?\xc2\xddf\xe8\x8c\x1b\x8dU\xc6\
}B\xc6\x9f\xfcQ\xac\xf0\xeb\xf7\xb79\xb3\x89\xdb\x01\
%\xde\xdf\x99\xec\xdf\xb4\xb6\xaato\x80\x1e=\xb9S\
\x86\xfe\xc8\xb8\x8dO\xbb\xa1Q\xfc\xeb\xf2c\xe1N\xa6\
\xfa/\x8c\xf4\xcd^8\xe3\x95l'\x12\x913\x14F\
 \xf4\xdd\x83\xcd~\xbc\xfcl\xf0-\xc7\xc4\xdf\x84^\
*\xf0\xcd\x9b\xacw\xba\x85\x84\x91\xdb\xb3\xfd\xd1.2\
\x99\xf6\xdc\x06k\xf2I-\xdfCf\xb0\xbd\xb7\x9a\xca\
\xee\xd6F\xb6\x9e\xd6e\xf9\xe1\x91N\xd6V\x03\xb8\x22\
\x8cm>i\xc5\xbd\x91\x87\x0d\xd7\x8d<-jq\xf8\
\xa4\xf5\xf4\xb7\xfc9\xec_\x10\xb5\x9dW\xc6~$>\
\x22\xb2\xb9\x16\xb8\x81m\xe3\xb5G\x0f\x11Q\x93\x86e\
\xc19$\xff\x00\x85a\xf8O\xc6\xd1\xeb\xb7W\x16\x17\
\xbee\xa6\xa9lq-\xae\xed\xa4\xaf\xf7\x97\xd4W\x00\
\xb1\x04\x94\x5c[\xc8\xd6\xd7\x03\xa4\xf06\xd6\xfa\x1fQ\
\xecr+\xae\x8bK\xd5|Yik5\xc5\x85\xbd\xbc\
\xf16V\xfdr\x92\x11\xea1\xc8\xf7\x1d+\x96\xd6z\
\x1e\xdc\x97\xba\xa3'\xa2\xd1y\x16~!\xdf\xc7\xf6H\
\x10\x7f\xaa\xcb\x03\xbb\xd7\x18\x19\xaf?X\xe3\x9dWc\
\x09\x02\xe7\x85?)?Q[\x9f\x10\xfc+,0\xfd\
\x9d\xae\xdecp\x9b\x84\x8f\xd4\x10z\x1a\xe1\xbc\x1f\xa3\
\xdfi\x977?hV\x8e,`\x02xc\x9e\xb5\x09\
8\xcd\xbe\xe7bq\x9d\x08\xa5\xbco\xf3:\x01\x19\x8d\
G\x04\x01\xc7'5\xa1\xa1\xdf\xff\x00f\xeap\xc8O\
\xee\xf3\x86\xfa\x1a\x81\x97p\xc5S\x9a2\xcaT\x92\xbd\
zU\xb8\xa7\xb9\x94jJ?\x09\xed\xdf\x05\xd1o\xac\
5\x18A\x0c!\xb9m\xb8\xf45\xea\xf6\xba[@\xc1\
\xd0`\xd7\x93\xfe\xcbv>f\x83\xa9\x5c\xcb\xb8O%\
\xc9P\xacz\xa0\xe8\xd8\xfa\xe4~\x15\xf4%\xbd\x88*\
8\xafb)?y\x1f\x1bV\xa3\xa6\xdc\x19\x89\x13\x10\
A\xc6\x08\xedQ|\x1c\xd6\x93\xc1_\xb4\xa6\x8dq3\
\x08\xed5\xdbW\xb1,\xdc\x0f0}\xd1\xfc\xabkP\
\xd2\xca\x0f5\x07O\xbc\x05p\xde0\xf0\xb0\xf1\x15\x92\
\xacr\xb5\xb5\xed\xac\xe2\xe2\xd6\xe1\x0e\x1a7\x1d\xc1\x15\
\xb2v8*EV\x8b\x8a\xea{\xcf\xc7-\x01\xbc\x1f\
\xf1wA\xf1u\xb2\xed\x87U\x8c\xd8\xdc\xe3\xfez\xa7\
\xcc\x84\xfdT0\xafP\xd3\xee\x16\xea\xce)P\xe5]\
C\x03\xecy\xaf\x94o\xbcW\xe3\x7f\x88\x1a\xa6\x86|\
]y\x02\xe9\xfa>\xd3\x146\xc3\x06yq\x8f1\xcf\
\xd2\xbe\x8f\xf8\x7f\xa8}\xaf@H\xd8\xfc\xf0\x1f,\xfd\
:\x8aS<\xbfg:qJgOJ\xa6\x9a\x1b4\
)\xc1\xacI$\xabQ\xa6\xed\x1ed\xff\x00e\xc7\xe6\
\x0dU\xab\x1ea\x8fM\x90\xf6\x04\xe6\xaa;\x91-\x8e\
7\xc1\xb7^]\xe3DO\x0e\xb8\xfcz\xd7_\x22n\
\x04\x1e\x95\xe7\xd0\xdc\x8d7P\x0e\xa3\x8d\xe1\x81\xafD\
\x0c\xb2F\xac\xbc\xab\x00A\xf65\xa4\x80\xc5\xbe\xb5\xca\
\x92:\xadq><\xf0\xb5\xbf\x89\xb4+\x9bY\xd3(\
\xe8T\x9cr\xbe\x84}\x0f5\xe93E\xb8g\xf05\
\x85}o\xe5;)\x19SI1\xecb~\xcd^9\
\xb8\xba\xd3.\xfc\x1d\xac>5}\x18\xecB\xc7\x99a\
\xecG\xe1^\xdf_'\xf8\xde+\xbf\x03x\x86\xc3\xc6\
\x9aZ\xb1\xb8\xd3X-\xdck\xff\x00-\xad\x89\xe7>\
\xb8\xe6\xbe\x9e\xf0\xee\xbdi\xe2}\x12\xcbT\xb1\x90K\
kw\x10\x95\x18\x1e\xc4t\xad\xb79*\xc6\xce\xeb\xa9\
\xa5E\x14Pb\x14QE\x00\x14QE\x00\x14QE\
\x00\x14QE\x00\x14QE\x00\x14QE\x00\x14QE\
\x00\x14QE\x00\x15\xf2\x87\xc5\x0d@\xcf\xf1\x87\xc5\xb6\
o\xc3$6\xac\x83\xfd\x9f/\x9f\xd4\xd7\xd5\xf5\xf2G\
\xed\x03k'\x87?h=\x22\xe9\xce\xdb?\x10i\xad\
\x00b82\xc4s\x8c\xfd6\xd2:\xf0\xdf\x19\xe9\xff\
\x00\xb2\xa5\xf2\x5c\xfc6\x9a\xdc0/o}*\x91\xe8\
\x0e\x08\xfe\xb5\xe3\x1f\xb4\x87\x87$\xf8U\xf1\x96\xcf\xc5\
\xf6\xf1\x95\xd0\xfcD\x047\x9bF\x16;\x85\x18$\xff\
\x00\xbc\xa0\x1f\xa85\xd5~\xca\x9a\xf1\xd1|u\xe2\x9f\
\x0a\xdc1Q8\x17\xd6\xa0\xff\x00\x10\x07\x0d\x8f\xa6\x7f\
Z\xf7/\x8a\xff\x00\x0el~*x#P\xf0\xfd\xf0\
\x0b\xe7.\xe8f\xc70\xca9G\x1fC\xfaf\xb2\x82\
\xf7\x12\xea\x8e\xfa\xf5=\x8e2S\xe9/\xc9\x9f9\xc5\
:\xcb\x1a\xc8\x8c\x19\x18d0\xe8EH$\xaf=\xf0\
\x8d\xee\xa7\xe0\xddj\xeb\xc1\x9e%\x8d\xad\xf5\x1b'1\
\xc2\xef\xd2E\xed\x83\xdc\x11\xc85\xde\x83\xcd\x17\xb9\xec\
\xab5tH\xedQ\x96\xda\x09'\x00s\x93Y\xda\xae\
\xb9\x0e\x9f\x19\xcf\xce\xf8\xe9\xd0\x0f\xadq\x17Z\xee\xa3\
\xe2k\xa3mb\x8fts\x82\xb1q\x1a\xfdMs\xce\
\xb4a\xa7S\xae\x96\x1aU5\xd9\x1df\xaf\xe2\xcbM\
5\x1f\x0e\xb22\xf59\xf9G\xe3^e\xe2?\x8a\xf2\
HZ+15\xe4\x9d\x02\xc4v\xa7\xe7\xde\xbb\xbd#\
\xe0F\xa3\xe2\x16Y5[\x93\x14=|\xb4\xc8\x15\xe9\
~\x1b\xf8/\xe1\xcf\x0e\xaa\x98\xf4\xf4\xb8\x98\x7f\xcbI\
F\xe3\xfa\xd7$\xa5V\xa6\xda#\xb65px]e\
\xef\xb3\xe4g\xd2~!\xf8\xe2B\x96V\x8fm\x03w\
C\x81\x8f\xa8\xc95\xa1a\xfb!x\xa7Z>f\xa5\
y$e\xb9!W\x07\xf3c\x9f\xd2\xbe\xe2\xb4\xd2|\
\x94\x11\xdb\xc0\xb1\xa8\xe8\xa8\xb8\x1f\xa5^M\x0e\xf5\xb9\
\x16\xecG\xe5Y}R/Y]\x9a\xcb\x88kS\x5c\
\xb4b\xa0\x8f\x8a\xad\xff\x00a\xb5p<\xfb\xd9\xc1\xf5\
2\xff\x00\x82\xd4\x92\xfe\xc3\xe2\xdc\x16\x83Rv#\xa0\
30?\xfa\x0d}\x9f.\x91y\x0f-o \x1fJ\
\xac\xd1\x948e \xfb\x8a\x7fU\xa5\xd8\xc5q\x06>\
OJ\x87\xc5\x12~\xce:\x9f\x85$\xf3H\xd4\x99W\
\x9d\xe8\xe2E\xff\x00\xc7zV\xfd\x96\xaf\xa8i\xb0\xa4\
1\xdeN\xa8\x80\x0d\x8c\xe4\xaf\x1e\xc7\x8a\xfa\xd1\xa0W\
\x1d\x05q\xde)\xf8e\xa6\xeb\xcb$\x8b\x0aE;s\
\xbdW\x1c\xfa\xf1Ia\xd45\x81\xa3\xcd\xe7\x89\xb4q\
:\x9e%?\x8b'\xd4\xb6\x7fhM,\xac\xa3\x0a\xee\
\xe5\xc0\x1f\x8fJ\xf5\xff\x00\x83Z\xe47\xfa}\xd6\x98\
%em\xa4\xac\xa6\xeb\x8e{,g\xb8\xf5\x15\xe3\x1e\
,\xf0}\xff\x00\x85/L71\x96\x85\xbf\xd5\xca\xbc\
\xab\x0f\xaf\xadT\xf0\xa5\xfbh\x1a\xfd\x95\xe2\x1c\xc5\x1c\
\xaa\xce\x8c2\xbd{\x8aj\xa3\x8b\xb32\xc4`\xe9\xd7\
\xa5\xcdI\x9fI\xc7\xf6y\x18\xd8\xcb%\xcc\x97I3\
0|*\x97\xc2\x95\xdb\xf7\x8b\x00y\xe7\xb6{S`\
\xb3\x07I\xb4\xb8Y\xa1\x11\xb6\xe3#M&\xcf\x98\x1c\
)\xc7S\xc7oS\x9e\xf5rW\x93Z\xd3,\xb5Q\
{kg|\x99$\x196FFz\xf3\x9c\x1cz\xe7\
\xd2\xa9C\xa2\xddA\x08\x99\xf4\xe4s\xb8fq\x89\x9a\
U \x9c\x85\x19\x04g\x1d\xb3\xcdo\xe8|\xbe\xda2\
\xa5\x8c\xe9\x0b\xc9\x166D\x18yr?\x06L\x8c\x03\
\x8f\xc2\xb4pB\x96\xda\xc5\x01\x0a\x5c\x0f\x94\x1fB\x7f\
\xcf\xebR\xde\xdb\x5c\xce\x91\xc9\x1e\x96\xf1\xbc\xea\xa6W\
L\xee;O\xdd\x0axA\xf2\x83\xcf^+GJ\xd1\
\xae\xd2\xed\xdes\xb2\x00\xbbJ\x0cbl\xfa\x83\xd3\x1e\
\xfc\xe4\x9eq\xd6\x92{\x03\x9aH\xe4<O\xe1\x0b\x1f\
\x14\xe9b-F\xd1^\xd6\xe0\xec\x8eS\x8d\xd9\xc1!\
\x87\xb7\x07\x07\xfas_?x\x9f\xe1\xa6\xa1\xe0[\xf6\
d\xcd\xcd\x899Y\x82\xe7#\xfd\xa1\xfdk\xea\x8dz\
\xea\x0b\xb9#[\x7f0\xbc.S+\x81\x18\xe4\x06\x04\
w<`b\xb3\xee,a\xd4-\xda\x19\xe3\x12F{\
\x1e\xdfJ\xcep\xe6\xdbs\xd0\xc2\xe2\xa5IZZ\xc5\
\xf4??>(~\xca\xfe\x1b\xf8\xa5o5\xfe\x91\xb3\
\xc3\x9e!?6\xe8\x976\xf3\xb7\xfbh=\x7f\xbc\xbc\
\xfa\x83_\x16\xfcC\xf8i\xe2_\x85Z\xd1\xb0\xf1\x06\
\x9f%\x9b\x92|\x9b\x84\xf9\xa1\x98z\xa3\x8e\x0f\xd3\xa8\
\xee\x05~\xc3x\xbb\xe1L\xdaa}CH_2\x1f\
\xbc\xf0\x0f\xe9\xe8k\x82\xd7<\x1b\xa1|E\xd1'\xd2\
5\xdb\x08/m\xe4\xe1\xe1\xb9L\xe1\xbd}T\x8fQ\
\xc8\xa8\xa7Q\xa7\xcb#\xb2\xb5\x18\xd5\x8f\xb4\xa2\xee~\
p|)\xf8\xf1\xaa\xf8\x06\xe68e\x90\xcf`H\x0c\
\xa7\x90\x07\xd3\xfc\x9a\xfb+\xc0\x9f\x12\xb4\x8f\x1di\xf1\
\xcdg:\x09Xd\xc4[\x9f\xc3\xd6\xbey\xf8\xf9\xfb\
\x14k\x7f\x0f\xcd\xce\xb1\xe1\x116\xaf\xa3\x8c\xbb\xd8\xb7\
\xcd<+\xea\xa7\xfeZ(\xfc\xfe\xb5\xe0\xde\x10\xf1\xbe\
\xa9\xe0\x8dMe\xb5\x91\xe3*\xdf<\x0cH\x07\xfc\x0d\
u\xa5\xd6'%,\x5c\xa9\xbeJ\x9b\x1f\xa5\xea\x01\xfa\
S^\xd5d\x1d+\xc5\xfe\x12~\xd0\x1a\x7f\x8b\xedR\
\x0b\xb9Dw*0\xe1\xbe\xf2\xfdGq\xee+\xda\xed\
\xee\x12x\xd1\xd1\x83\xa3\x0c\x86S\x90Em\x09)h\
z\x8d\xdd)E\xe8Q\x97L\x04\xf4\xa5\x86\xc1c9\
\xc5i\x90)\xa4V\x8e\x0brUG\xb1\x10L\x0e(\
 T\xa5x\xa67\x03\xde\xa2J\xc6\x91w#4\xda\
\x5cd\xd2?\x0aq\x5c\xef\xb9\xd9\x1d\x1d\x8cO\x13\xcb\
\xe5\xe8Z\x83\xe7\x07\xcao\xe5_X~\xc3v_e\
\xf8\x19f\xf8\xff\x00\x8f\x8b\xd9\xe5\xfa\xf2\x17\xff\x00e\
\xaf\x91\xbck'\x97\xe1\x8b\xe3\xdc\xa8\x1f\xa8\xaf\xb5\x7f\
c\x9bQ\x0f\xc0/\x0b\x901\xe6\x09\x9c\xff\x00\xdf\xe7\
\xff\x00\x0a\x8c.\xb3g\x0ez\xed\x84K\xcd~L\xf7\
\x9bu\xc0\x07=+\xc4\x7fh\x1f\xd8\xd3\xc1\x1f\x1ee\
\x93X\x93\xcf\xf0\xe7\x8b<\xbd\xab\xad\xe9d#\xc9\x81\
\xf2\x89\x90\xfc\xb2\x01\xef\xce;\xd7\xb9\xdb\xa8\xc75\x99\
\xe3\x0df/\x08x+[\xd5\xe6q\xe5i\xf6s]\
1c\x80\x02\xa1o\xe9^\x8c\xe3\x19+I\x1f\x09B\
\xb5Z5\x14\xa8\xca\xd2?\x1e\xb4\xef\x09\xdf\xf8[\xc4\
\xb3\xe8\x1a\xbd\xd4Z\x84\xf67\xf2Z5\xc4,\x0aL\
\x12B\x9b\x86;d\x1f\xca\xbd\xb6\xda\xcc\xc8\xaa\x88\xb8\
'\x80\xa0W\x8exN\xca\xefW\xd4\xf4;\xd9\xb3\xf6\
\x8db\xe4O\x9fv\x93\xaf\xeb_{\xe9\xbf\x0e4\x9f\
\x0f\xbcf\xce\xdf/\xd4\xc9)\xdc\xdd}{W\x85\x0f\
y\xb4\xba\x1f\xa8cd\xa8\xc6\x12\x9b\xd5\xdf\xf0\xb7\xf9\
\x9f-|J\xf8}p\xbe\x17\x1a\xbc\xaa\xf1\x1bY\x15\
YH\xfe\x17\xe3\xf9\x81^K6\x99$J\xcc\xac\x1d\
@\xc9\xeck\xee\xef\x8d\xba$z\x8f\xc3/\x10(A\
\xbdm\x8c\xd9\x03\xa9O\x9b\xfaW\xc4\xa0\xee\x8cw\x0c\
+\xcb\xc7\xd7\xab\x86\x9c\x5c\x1e\x8c\xfa\xfe\x18\xc1\xe1s\
|5H\xd6V\x94^\x8d?\xe9~\x07?\x83\x80q\
\xc1\xefUn\xe6q=\xb4\x0a\x165\x9eA\x1b]J\
\x0f\x97\x00$\x02\xed\x80N\x06{\x0a\xe8l\xa0\xda\xb2\
#\x80\xcb\x9e\x01\xedP\xea:\x5cR[I\xb4\x11\x91\
\xc8\xf6\xa9\xa7\x98\xc2r\xe4\x92\xb3:\xebp\xe5jt\
\xbd\xbd)]-\xd3\xd1\xe9\xf9\x9f\xa1:\xcf\xec\xf5\xa7\
\xf8#\xe1G\x87\x9f\xc2\xbb/ntk@e\xb8\x8b\
\x07\xed\xaa\xdf;\xc8\x08\xeb\x92\xc4\x8fc\x5c\x9e\x8bu\
\x0e\xa7e\x1d\xc4'(\xddGp{\x83\xef^\x87\xfb\
\x10\xf8\xe1\xfcs\xfb>h\xf0]\xc8g\xbc\xd1\xa4\x93\
H\x9c\xc8rH\x8c\x83\x1f\xe1\xe5\xb2\x0f\xc2\xb9O\x8b\
\x9e\x11o\x84\xbe.\x1a\xc5\xba\x11\xe1mZ]\xb3\x01\
\xf7m&=\x0f\xb2\x9a\xfb\x1amJ\x09\xc4\xfc\x1ar\
\xa9G\x11R\x85gv\x9b\xd7\xfa\xee3\xec\xe1\x97\x04\
W/\xafiF\xcd\xfc\xc5\x19\x8d\x8f\xe5]\x94;d\
Ee!\x94\x8c\x82;\x8am\xed\x9cwV\xcf\x1c\x8b\
\x95#\x15E\xc6|\xae\xe7\x9cg\xe5\xc7q^\xbd\xf0\
\xd3T1H\x88[\xe4\xb9\x84\x11\x9f\xef/_\xe4k\
\xcb\xef4\xd7\xb5\x99\xa3l\x9ct>\xa2\xba\xff\x00\x07\
\xc8\xe9\xa3G:\x8f\xde\xd9\x5cs\xfe\xebr?P\x7f\
:\x93\xa3\x11iB\xe8\xf6\xc8\xe5\xc9\xebR\x03\xfb\xcc\
{f\xb2\xec\xae\x84\xf0\xab\x03Z\x1b\xbe\xeb\xfa\x7f\x93\
Qc\xca-\xd2]M\xe5\xe9w\x8b\xdc\xc6H\xfc\xa9\
\x14\xf1I,~ll\x87\xa3\x0cT\xad\xc1\x9ez\xea\
n\xa3\x0c\xbc\xe7\x91]\x9f\x84oe\xbb\xd3Z\x19\x14\
\xee\xb7!7z\x83\xd2\xb8\xbd\x0eP\xb7\xf7\x9at\x9f\
\xebm\xe4 \x03\xdds\xc5w\x1e\x1cCmv\xc8\x7f\
\xd5\xce6\xb7\xb1\xeckg\xb1/CT\xf21T/\
\xed|\xd8\x8f\xa8\xad)\x10\xa3\x95<\x11QH\xb9\xac\
\x86\x8e\x0b\x5c\xb1K\x9by\x12X\xc3\xae\xd2\x8e\x84}\
\xe5<\x11\x5c\xef\xec\xff\x00\xe2\xb9<\x05\xe3\x0b\xdf\x87\
\xba\x94\xa7\xec7\x05\xae\xb4i\x9c\xf0T\xf2\xd1\xfdk\
\xd05\x9b-\xb9\x91G\x1d\xeb\xc8\xfe(xV\xe3T\
\xb0\x8a\xf3Ms\x06\xb5\xa6H.\xacf^\x08a\xce\
\xdf\xa1\xe9[E\x89\xc7\x99r\xb3\xea\xdc\xd2\xd7\x09\xf0\
k\xe2]\xbf\xc5/\x04Zj\x8b\x88\xaf\xa3\xfd\xc5\xed\
\xbf\xf1E2\xf0\xc0\x8f~\xb5\xdd\xd5\x9c\x0d4\xec\xc2\
\x8a(\xa0AE\x14P\x01E\x14P\x01E\x14P\x01\
E\x14P\x01E\x14P\x01E\x14P\x01E\x14\x84\xe2\
\x80\x02k\xc4\xff\x00k\x0f\x87\x97~4\xf8hu=\
\x1e=\xfe!\xf0\xec\xeb\xaa\xd8\x85\x19g\xd9\xfe\xb2?\
\xf8\x12\xe7\x8e\xe4\x0a\xf6\xae\x94\xc6\xc1\x04\x1c\x10z\xd2\
f\x90\x93\x84\x94\x91\xf0d>7\x16\xf6\xbe\x1d\xf8\x9f\
\xa0)\x9a].A-\xdd\xb2}\xe7\xb7?,\xd1\x9f\
u\xfe\x99\xaf\xb8\xbc1\xe2-?\xc5\xfa\x0d\x86\xb3\xa5\
\xdc\xad\xd6\x9f{\x0a\xcf\x04\xa8r\x19H\xcf\xe6:\x11\
\xd8\x82+\xe5\x8f\x8d?\x04\xaf>\x15j\x97\xfe0\xf0\
]\xb1\xbd\xd0/\x9c\xc9\xab\xf8w\x1f*\x93\xf7\xa5\x87\
\xd3=\xd7\xfap<'\xc2\x1f\x16\xfc[\xf0n\xe2K\
\xdf\x00jO\xa9xBiL\xd3\xe8s\xc7\xe6\xbd\x93\
\x93\xf3+G\xf7\x94{\xadG2OS\xd7\x95\x07\x89\
\x82\x9c?\xaf#\xee\x0f\x8d\xff\x00\x05\xac\xbe&i\xab\
y\x04K\x16\xb9h\xb9\x86e\xe0\xc8\xbdv\x13\xfc\x8f\
c\xeck\xe6\xa6\xf19\xf0\xf3\xdci\xba\x83\x8b\x9b\xab\
_\x90\xb2\xf0\xf9\xc7GS\xc8=\xab[L\xff\x00\x82\
\x88\xdbk\x89\xfd\x92<5s\xa7kn\xa5E\xc4\x80\
\xb5\xb98\xe4\x80@o\xa6Es^\x14\xf0\xa5\xef\xc4\
\xaf\x14K\xaf\xea \x96n\x1a\xe1\xc6N3\x9c\x0fS\
\x5c\x95\xab(\xbbCs\xd5\xcbpu\x157<F\x90\
Ct_\x0b\xea\x9f\x10\xf5\x1d\xf7\x01\xed\xec\x89\xc8\x85\
N\x09\x1e\xe7\xb0\xafr\xf0\xb7\x814\xff\x00\x0d\xda$\
p\xc0\x9b\xc0\xec8\xad\x1d\x0fF\xb6\xd2-R\xde\xd6\
 \x8a?3\xeeMt\xd6\x16\x19 \xb0\xc9\xaexC\
[\xbd\xce\x8cV-\xcdr\xc7H\xae\x84\x16zc\xcd\
\x8c.\xd5\xf7\x15\xb5g\xa2D\xb8,\x0b\x9f~\x95z\
\xd2\xd7\xa7\x15\xa7\x0d\xb8Q\xcdvF\x07\xcf\xd4\xac\xfa\
\x15\xad\xec\x920\x02\xa8\x1fAW\x12\x0fAS*\x85\
\xe9N\xddZ\xa4q96F >\xc2\xa0\xb8\xd3a\
\xb8\x5cK\x0aH=\xc5[\xddF\xea,%&\xb69\
mC\xc2\x110/l\xe6&\xfe\xe9\xe4\x1a\xe6\xae-\
%\xb3\x98\xc52ma\xf9\x1a\xf4\xa90sY:\xb6\
\x9a\x97\xb1\x11\xc0a\xc8>\x95\x94\xa0\xb7Gm,C\
ZKc\xce\xb5m\x0e\xdfV\xb4\x92\x19\xe2Y#q\
\x82\xac?\xcf5\xe1\xbe'\xf0\xaf\xfc\x22:\xb9\x86\xe2\
!-\x8c\xdf\xea\xa5+\xd0\x1e\xc4\xd7\xd2r\xe9\xedn\
9\xe4W?\xe2\xef\x0c\xdb\xf8\x97K\x92\xd6u\x19#\
\xe4n\xea\xdd\x8dr\xce\x17=\xac6'\xd9\xbb=\x99\
\xc4\xf8(.\xa5\xa0Ib\xed\xe65\xb0\xdf\x13\x1eI\
O\xfe\xb5e\xeb6\xda\xad\x83G\xf6\x1b\xcb\x88\x0c\x0d\
\xe6$\x02C\xb0\x1fU\x1d*\x1f\x09\xb5\xcf\x83\xf5\xc5\
\x82\xe78\x8d\x8a8=\xd4\xd7\xa8j>\x1d\x87S\xb5\
\x91\x17\x01\xc0\xdf\x0c\x9e\xc7\xb7\xd2\xb0Zh]f\xa9\
\xd4\xbe\xe9\x9em\xa6\xfcI\xd5\xde\xe5\xd6\xea\xe3\x13\x15\
\xd8\xc9\x22\x0d\x87\xf0\x18\xc1\xfaW\xa2i:\xa4\xb2\xf8\
P\xc91\xb8\xb5\x9dc\x11\x89\xa4B\xc5\xb3\xf7Xw\
 \xe4W\x01\xaax^ffg\x80\x89P\xe3p\xef\
^\x97\xa6hS\x1f\x87\x90\xdc\xcdu\xfd\xa7\x1a\xa0%\
-\xc0\x12C\x86\xe0\x1c\xe78\xc0\xe4\x8f\xc2\xb6\xa7w\
s\x8b\x12\xa9\xc5&\x95\xaes{\xe5C\x0a\xac\x00\xc6\
\xf9\x02M\xfc\x1cu#\x8c\xfdr\x01\xc9\xab\x96wQ\
\x19\x1d\x09,\xc3\xa0E,O\xe0;{\xd47R\xda\
\xcf\xa5\xec\xf2.\x04\xb6\xab\x85F \xef.\xc0n8\
\xears\x8e\xf5z=+\xec1$F\xd8\xdc\xc5\xe4\
\xa4\x85\xc1\x02=\xfc\xe4\xb1'\xa0\x1bq\xd7\x8fz5\
3\xe6\xee>\xc2I'\xbbu`\x9fg\xf2\xc1\xda\x08\
b\x09<d\x83\x8e\xc7\x8f\xa5p\xde?\xf8b\xd2\xbb\
\xea\xba2\xed\xb8\x1f4\xb6\xea8\x7fq\xef]\xb7\x86\
\xd9\x1b\xedh\x03\x19D\xb9\x91\xca\xe01=\xc7\xd7\x04\
\xfe5\xbf\x1bG\x1c\xaa\xb2\x1cg\xdb \x0fS\xe8=\
\xcdf\xe2\xa6\x8d\xe9V\x95\x07\xcd\x16|\xef\xa5j\x91\
\x5c!\xb2\xd4\x22\xca\x8e\x19[\xef!\xf6\xaf\x9e\xbfi\
o\xd8\x87J\xf8\x83m>\xbd\xe1U\x8bL\xd7H\xdf\
\xba1\x88nO\xa3\x81\xd1\x8f\xf7\x87\xeb_k|R\
\xf8a\x05\xd1\xfe\xd2\xd3\xd9-\xee\xcf%\x01\x03q\xfa\
w\xaf7\xd0\xf5\xf9\xb4\xbb\x96\xb1\xbe\x8c\x80\x0e\x1e&\
\xfeb\x94'(>Vw\xce\x9d<\x5c=\xa5?\x9a\
\xec~3\xeazv\xbb\xf0\xe3\xc4\xf2\xe9\xfa\x9c\x17\x1a\
F\xb1d\xf8*\xd9V\x1e\xe0\xf7\x07\xd7\xa1\xaf\xa2~\
\x0b\xfe\xd1\xcc$\x87N\xd5\xddc\x95\x88\x0aX\xe29\
~\x87\xf8[\xf45\xf6\x7f\xed!\xfb.xs\xe3\xcf\
\x86\x8c\xa8\x12\xcfX\x85\x0bY\xeaQ\xaf\xcd\x19\xfe\xeb\
z\xa9\xee+\xf2\xb7\xc7\xde\x02\xd7\xfe\x13x\xaa\xe7@\
\xf1\x15\xa3Z\xdd\xc2r\xad\x8f\x92d\xcf\x0e\x8d\xdc\x1a\
\xeb\xd2z\xad\xcf>\x9dY\xe1\xa5n\x87\xe9F\x8f\xae\
Z\xeb6\xcb-\xbc\x9b\x87u?y~\xa2\xb4Cg\
\xde\xbe\x0c\xf8G\xf1\xf2\xf7\xc2w0ZjSI-\
\x98\xc2\xa5\xc0\xe5\xe2\x1e\x87\xfb\xcb\xfa\x8a\xfb#\xc2^\
;\xb1\xf15\xa4\x12\xc74d\xca\xa1\x91\xd1\xb2\x92\x0f\
P\x7f\xa5m\x0a\xb6\xd2G\xaf\x09B\xb2\xe6\x87\xdcu\
lj'\xa7n\xcd6N\x16\xaal\xe8\x82\xd4\x8e\x99\
)\xc2\xd2\xe4\xd4r\x9e\x00\xaeI\xbbE\x9d\xf4\xd5\xe6\
\x8e_\xe2\x1bl\xf0\x9d\xe1\x1e\xaa?\xf1\xe1_z~\
\xc96i\x1f\xc0\x0f\x07\x84\x90;\x0bVv\x03\xb6\xe9\
\x1c\xff\x00Z\xf8\x1f\xe2I\xc7\x84/H\xed\xb4\xff\x00\
\xe3\xc2\xbd\xcb\xfe\x09\x99\xfbP\xe9\x1e3\xd0\xee>\x14\
\xea\x9eM\x8f\x8a4C,\xba{\x83\x81\xa8Z\x97.\
\xc0g\xfeZ!c\x91\xddp@\xf9Z\xa7\x08\xfd\xe6\
y|B\xda\xc3\xc1.\xff\x00\xa7\xfc\x13\xef8W\x00\
W\x83\xfe\xdc\xde+\x1e\x18\xfd\x9c\xbcC\x02M\xe5]\
j\xcf\x0e\x99\x08\xfe\xff\x00\x98\xe3\xcc_\xfb\xf6$\xaf\
|B9\xc1\xe9\xd4zW\xc1\xff\x00\xf0S/\x1a\x13\
\xab\xfc;\xf0\x94r\x0d\xad<\xba\x95\xc4y\xf4R\x91\
\x9f\xd6J\xee\xaf.Zm\x9f%\x95Q\xf6\xf8\xdaq\
\xec\xef\xf7k\xfa\x1ea\xe1\xcf\x03\xcd\xa1x\xdb\xe1\xae\
\x9d2e\xe1h\xf7q\x8c\xe2@\xc7\x8f\xa5}\x9a\xdc\
\xb0\xaf#\xd4|<\x97_\x16\xfc\x13|\x98\xf2\x85\xb4\
\xf2c\x1dHA\x8f\xe6+\xd6]\xf1'\xb0\xe9^=\
\x04\xf9\xa7~\xe9~\x0b\xfc\xcf\xb7\xcd*)\xd2\xc3%\
\xbb\x8bo\xd5\xc9\xaf\xd1\x19\xfe*\xb0\x1a\x97\x86\xf5;\
V\x00\x89\xad\xa4L}T\xd7\xe7\xbc\x00\xacaOU\
$\x1f\xc0\xd7\xe8\xb5\xd6$\x85\xd3\xd5H\xc5~|\xeb\
\x16\xbfa\xd75+r6\xf9wR\xae=>c^\
fq\x1f\xdd\xc6^g\xd9\xf0\x15[bj\xd2}U\
\xff\x00\x12\x80\x1b%=\xb23R\x95\xdc\x08\xf5\xa8\xae\
\x19c\xf2\xd8\x9e\xf8\xc7\xd6\xa7\x03\x18\xaf\x93w\xd1\x9f\
\xb6A+\xca?\xd6\xa7\xd3?\xf0N_\x14\xff\x00g\
\xf8\xc3\xc7\x1e\x13\x91\xf0\x970\xc3\xa9\xc0\x84\xf7Bc\
|}w'\xe5_lx\xb7\xc2\xd6\x1e4\xf0\xfd\xee\
\x8d\xa9\xc2\xb3\xd9\xddFcun\xd9\xee=\x08\xaf\xcc\
\xff\x00\xd9k\xc4\x7f\xf0\x89~\xd3\x9e\x11\x98\xb6\xd8u\
?7N\x93\xd0\xf9\x88v\x0f\xfb\xe8-~\xa4W\xe9\
yu_k\x87L\xfeG\xe2\xec'\xd4\xf3Y\xa5\xb3\
\xfd4\xfc\x92>5\xd2c\xbd\xf8y\xe2\xdb\xaf\x03k\
\x923\xcb\x07\xcf\xa7]\xbfK\x98\x0fN}GO\xc2\
\xbb \xa1\x86=k\xd0\xbfh\x1f\x84\x7f\xf0\xb3<.\
\xb7\x1ay\x16\xfe$\xd2\xc9\xb8\xb0\xb8\x1c\x12GX\xc9\
\xf4?\xcf\x15\xe2\x7f\x0f<d|Mc-\xad\xecf\
\xd7Z\xb1o&\xf2\xd9\xf8ea\xc6q\xe8k\xd2g\
\x81\x09\xfbH\xdf\xa9\xa5\xa9i\xc2\xe0\x11\x8f\x99z\x1a\
\xbf\xe0\x18\xe3\xfb}\xd5\x84\xdf(\xba\x88\xaa\x93\xfd\xe1\
\xc8\xab3C\xbf\x0d\x8a\x85-\xcd\xbd\xe4\x171\x8c2\
8'\x15\x0d\x1d*w\x8f+;\xad%\xcc,bn\
8\xfdkr\x16\xdc\xa5Msq\xdc\xef+(\xeb\x9c\
\x9cV\xe5\xbc\xc0\xeda\xd0\xd4\xbe\xe7\x16\xcc\xd2\x85\xbe\
P\x0fn*j\xaa\x8c\x01\xf6\xab*r+2\x8f.\
\xf1\xb1o\x0f\xf8\xfe\xce\xed2\x22\xbcP\xa7\xd0\x9e\x9f\
\xcf\x15\xe8\x9a=\xc2]\xdb$\xa8rq\x5cW\xc6\x8b\
\x036\x85iz\xa0\xef\xb5\x98d\x8e\xa0\x1a\x9b\xc2\x1a\
\xe1X\xac\xe5f\xcc7\x89\xb9O`\xe3\x86_\xeb\xf8\
\x9fJ\xdbt)+\xa4\xcfK\x91\xfc\xf8\xc4\x9f\xc6\x06\
\x1b\xdf\xde\xab\x9ei\xb0\x5c\x02\x03/C\xd4T\x87\x07\
\xa7CY2QVx\x84\x8aA\x19\x07\xa8\xae?Z\
\xd3\x8cl\xc9\xdb\xaa\x9a\xed\x9cVv\xa5b.\xe1e\
\xfe!\xca\x9aqv(\xf0]'\xc4\x12\xfc\x0d\xf8\x9d\
\x1e\xb8\xa1\x87\x865\xb7X58\x97\xa42\x1f\xbb.\
;{\xd7\xd7p\x5cGu\x04sB\xeb$R(t\
u9\x0c\x0fB+\xe7O\x19xn\x0doL\xba\xb3\
\xba\x8b|2\xa9I\x14\xf6\xf7\xfa\xd5\x8f\xd9\xaf\xe2%\
\xc6\x9ds?\xc3\xbd~b\xd7\xd6\x00\xbe\x9bq!\xff\
\x00\x8f\x8b~\xcb\x9e\xe4WB\xd4\xc2\xacn\xb9\x91\xf4\
=\x14\x94\xb4\x1c\x81E\x14P\x01E\x14P\x01E\x14\
P\x01E\x14P\x01E\x14P\x01E\x14P\x02\x1e)\
\xa6\x95\xba\xd3X\xd04!9\xa8\xdd\xf0)]\xb1U\
\xe5bs\x8a\x96ZW\x1b$+z\xaf\x1c\x8a\x1e&\
\x042\xb0\xc8 \xf6\xaf\x92?h\xdf\x81>\x15\xf0\x9d\
\xcc~!\xd2\xb5\x17\xd2uY\x9f\xe5\xb2\x8f\xee\xb8\xee\
r\x08!G\xa1\xc8\xaf\xaa\xfcI\xae\xdbxG\xc3\xf7\
:\x95\xdbm\x8e\x15,rz\x9fJ\xf8\x9b\xc4:\x8e\
\xad\xf1\xaf\xc7r\x02\xee!f\xcc\x8d\xfc0\xc4\x0f\x0a\
?\xcfz\xe0\xc5MF*=Y\xf4\xf9%\x1a\x93\xa8\
\xea\xf3Z\x9cw\xf3\xf29\x8f\x87\x9f\x0e\xae\xfcy\xac\
}\xa6\xeeFk\x08\x1b\x0d>>\xf7\xfb+\x9a\xfa\x7f\
D\xd2`\xd3-\x22\xb6\xb6\x89b\x8a1\x85U\x15[\
\xc3\xde\x1f\xb5\xd0t\xd8,l\xe2\x11A\x12\xe0\x01\xdf\
\xdc\xfb\xd7Mci\x9cq\x5c\xb4\xe1oS\xd6\xc6\xe2\
\xddy\x7ful\x8bV\x16\xbd\x0e9\xae\x8a\xca\xd7\x81\
U,m\xb0\x07\x15\xb3\x02\xe0\x0a\xee\x84O\x9b\xad;\
\x96b@\x8b\xc5X\x06\xa1Zx8\xad\xcf9\x92\x03\
K\x9fz\x8bu(4\xc9$\xddK\xba\xa3\xc9\xa5\xdd\
@X\x1b\xa5T\xb8n*\xcb\x1a\xa3r\xddjYq\
Z\x99W\xd8\xe4\xf65\x89ty>\x95\xb5tr\x08\
\xacK\x92y\x04W<\x8fN\x96\xc7#\xe3=\x16;\
\xcb6\xbdE\x02x\xba\x91\xddkS\xc0z\xa8\xd44\
\xa1\x14\x873[|\xa7\xfd\xde\xd5j\xe25\x9e\x19b\
o\xba\xeaW\x9a\xe2\xbc-\xa8\x1d\x0b\xc4\xa8\x92\x1d\xb1\
J\xc6\x093\xeb\xd8\xfe\x7f\xce\xb9\xa4\xac\xeew\xd9\xd4\
\xa6\xe3\xd5\x1d\xae\xb5l\x80\x89\x90e\x1b\x83\xeck{\
\xe1\xdc\xda|R]\xd84\x1ed\xd7\x87\xefcr2\
\x85\xfb\xac;w\xfa\xe6\xb3o \xc3I\x0b}\xc7\xe4\
\x1fCXzF\xafq\xe1\xbdY.\xa1Uw\x8f*\
\xc8\xfd\x18\x1e\x08\xe2\xa2\x12Q\x9a\x91\xc9R\x0e\xad'\
\x14t7Z,9\xba\xb3{xbyfO9\xa3\
\x05\x0c{I<*/*x\xc1\xf7\xfcj+o\x09\
Y]\x5c\xc4\x93jw\x970\x06UY6\xecE$\
\x0d\xa3\x05\x89\x1dG8\x07\x91\xcd^\xb7\xf8\x8bg\xaa\
]2\xebZd_e\xdb\xfb\xb3\x1a\xf9\x8c\xad\xeeN\
8\xeb\xd2\xb5m\xf5\xad\x06\xf9\x9e\xeeX\xa6\xb5t!\
\xd2\x0d\xc7l\x81@\xdb\x808\xcf\x00c\xd8WJ\xf6\
o\xaa8\x1f\xb5\x86\xf1h\xc7O\x0fX\xd8L\x22\xb7\
\x9c\xdfK\xe6\x99\x19\xa0\x05U@\x1c\x803\x87l\x01\
\x9e\xa7\x03\xa6I5\xb1\xa0C\x06\xads2\xdbG\xbe\
\xd9\xe3\x02Y\x80\xe0\x10r\xa3'\xea\xdf\x98\xa5\xb8\xd6\
\xfc=o\xf6{\xd4\xb72Ne\x04\xc3\xb8\xef\x88\xf2\
K\x04'\x1f\x97\x5c\xd7D\xd7\xd6\xf6\x9a\x5c\x92\xd8\xc5\
\x1a\x1c\x9d\x912\xf9Ys\xdb\x07\x1c\xd6\xb0\x8c[\xba\
h\xc2u'\xcb\xca\xd3\xd7\xb9\xce\xea\x1a\x0aip[\
\xc5-\xc3I,\xf8\x85\x98\xb0\xc3\x8cd\x82>\x83\x03\
\x9e\xf5\xe7\xbf\x11\xfe\x13A\xaf\xda\xb5\xd5\x88\xf2oc\
\xcb)\x15\xe8\x0f}%\xe4\x8c\x97:\x8afN\x0c\x08\
6\x1e8 \xab\x12GN\xd85w\x19\xac*F3\
\xd0\xeb\xc3U\xa9\x87|\xc9\xea|\xa3\xa3\xebW~\x1d\
\xd4d\xb0\xd4#1\xc8\xa7k\xc6\xfd\x1b\xdcW9\xf1\
\xcf\xf6q\xf0\xdf\xc7\xcf\x0b\x9bk\xb8\xc2\xca\x01k[\
\xc8\xc0\xf3m\x9f\xd5O\xf3S\xc1\xaf\xa3\xbe'\xfc/\
\xb7\xf1m\x93\x5c[\xa8\x86\xfe0JH\xa3\xf4>\xd5\
\xe2\x9a\x06\xbb}\xe1}NM?P\x8c\xa4\x88v\xbc\
m\xd1\x87\xa8\xaex\xcd\xc1\xf2\xc8\xfa\x07\x18b\xe9\xfb\
J{\xf5G\xe4g\xc6\xaf\x81\x9e(\xf8\x07\xe2\x86\xd2\
u\xfbb\xd6\xb2\x12m5\x08\xd4\xf9W\x0b\xea\x0fc\
\xea\xbdG\xebU\xbe\x1d\xfcT\xd5<\x05t\xbeC\x9b\
\xad9\xced\xb4v\xf9~\xaa\x7f\x84\xd7\xec\xc7\xc4O\
\x86~\x17\xf8\xd7\xe0\xdb\x8d\x17_\xb1\x8fR\xd3nW\
\xe5lbH[\xb3#uV\x1e\xb5\xf9=\xfbL\xfe\
\xc9\xde(\xfd\x9c\xf5\x99.U$\xd6\xbc\x1f<\x84[\
j\xb1\xa7\xfa\xbc\xf4I\x80\xfb\x8d\xef\xd0\xf6\xf4\x1d\xb1\
j\xa6\x8c\xf2\x1b\x9e\x1e\x5c\xd1>\x8c\xf8]\xf1\xc3L\
\xf1u\x9c`NX\x00\x03,\x9cI\x17\xb3\x0e\xe3\xde\
\xbd`\xca.!W\x8d\x83\xa9\xe42\x9e\x08\xaf\xcb\xef\
\x0f\xf8\x8a\xefB\xbe\x8a\xf7O\x9d\xa1\x95\x0er\xa7\xf4\
\x22\xbe\xaf\xf8-\xfbBG\xaa\x08\xec\xaf\x98Gs\xfc\
P\x96\xe1\xfd\xd3\xdf\xda\x93\xbct\x96\xc7\xb9\x86\xc5\xc6\
\xb5\x93\xd2_\x83>\x8d\xdfLv\xdci\xb6w\x96\xda\
\xc5\xaa\xdcZ\xc8\x1dO\xa7ocV-\xadX\xca\x09\
\xfb\xaark\x9a\xb5\xd4|\x8f\x7f\x0c\xd4\xa4q\xbf\x13\
\x0f\xfcR\x17\x83\xb9\xc0\x1f\x9ek\xe1\xbd\x1b\xc5:\xf7\
\xc3\x7f\x12h\x9e3\xf0\xfd\xe4\xda~\xaf\xa6\x5c\x8b\x88\
n\xa2\xe0\xa3\xabq\x9fPz\x10x \xe0\xf1_u\
\xfcT\x81 \xd0$Pp\xac\xeb\xc5|l\xdaJ_\
[jv\x1br\xa6k\x88W\xdb\xe7`?\xa5F\x1a\
Vl\xe5\xce){Jp\xb7\x9f\xe8~\xe2\xfe\xc9\x7f\
\xb4\x9e\x8b\xfbS\xfc\x1e\xd3\xfc[\xa7\xec\xb5\xd5\x90}\
\x93W\xd3\xd4\xfc\xd6\x97J\x06\xe1\xfe\xe3}\xe5>\x87\
\x1dA\x03\xe2\x9f\xdb\xefQ\x1a\xf7\xedB \x8d\xb7\x0d\
#D\x86\x16\xc7\xf0\xbb3>?'\x1f\x9d|\x19\xfb\
,|j\xf1o\xc2\x1f\x1f-\xbf\x86|Mw\xe1\xa3\
\xa9\xbaG)\x8eb\xb0\xcb\x22g\xcaYc\xfb\xae2\
J\xf28\xdck\xde\xbcw\xf1cZ\xf1w\x8d\xfcK\
\xae\xf8\x86\xc5c\xf1M\xfc\xc8\xc5m\xc1\xf2\x97j\x04\
@\x03\x12p\x00\xc8\xe4\xe6\xb7\xc6\xd4j\x1c\xa9\x1eG\
\x0ca!<S\xab)\xa4\xac\xd7\x9fO\xd3c\xef/\
\x09\xf8\x8bL\xba\xf0\xaf\x82<Aqy\x10h,T\
I\x96\xcb\xf3\x09F\xc0\xea~u\xc5cx\xa3\xe3\x93\
\xcfq,:]\x99X\x97\x1e\x5c\xf2\xb6\x09>\xa5G\
o\xc6\xbeD\xf0\x1f\x8eu}\x0e\xca\x1b=ZV\xbc\
\x85~\xea\x16\xe6 I8S\xd3\x19$\xe2\xbd\x16\x0f\
\x14X\xdd\xc6&I\x14'_\xde6\x08>\xe2\xb9\xa3\
&\x91\xeb\xd6\xc3E\xd4\xbb\xd5+\xa5\xe9v\xff\x00S\
\xd2-\xbe+x\xa2\xce;\xe6}G\xedff/\x1a\
\xcc\x83\x10\x0c}\xd4\xc68\xff\x00{'\xde\xbeq\xd6\
5\xddN\xfbS\xba\x9a\xf8G\x15\xd4\xb2\xb1\x95`\x8f\
j\xe7=q\x93\xc9\xe3<\xd7}s\xe2\xdbd\x0eR\
\xe278<\x03\x9f\xca\xbc\xb3V\xd7`\x9fW\xb9\xf3\
KD\xcc\xf9\xcc\x8b\x80s\xe8k9\xf2\xcdr\xcfS\
\xd0\xc1F\xae\x1eN\xa5\x1b\xc5\xf7Z~D\xd3\x5c\xc8\
\xca\x0c\x92\xb6\xc0C\x13\x9c\xf0+v\xde\xe4\x5c\xc7\x1c\
\x91\xe0\x86\x19\xc1\xed\x9a\xe6'\x9a\x04R&\x91\x00#\
\xa3\x1e\xb4\xcb[\xfbX\x99b\x82eBx\x0a\x8d\xc5\
y\x98\x9c\x14k5\xca\xd2g\xd8\xe5Y\xddL\x0a\x9f\
\xb5\x8b\x9av\xd6\xfb}\xe7Nu\xb9|)\xe2?\x0e\
\xf8\x82#\x894\xbdJ\xde\xe8\x1f\xf7dS\xfe5\xfb\
\x1dis\x1d\xe5\xac3\xc4\xe2H\xa5@\xe8\xe0\xf0\xc0\
\x8c\x83_\x89\xba\xd9\x92\xfbH\xb9\x85\xdc\xb8\xd8H\x07\
\xd7\x15\xfa\xb3\xfb&x\xd9<y\xfb>\xf8;P\x0d\
\xbahl\xd2\xcanrC\xc46s\xf5\x00\x1f\xc6\xbd\
|\xae\x9c\xa8E\xd2\x93\xb9\xf9\xe7\x1bV\xa7\x8f\xa9\x1c\
m(\xb4\xafg\x7fE\xfeG\xafb\xbel\xfd\xa2\xfe\
\x14^\xe8\xba\xa0\xf8\x89\xe18s\x7fn3\xa9Y\xc6\
8\xb9\x88ulz\x81\xfa}+\xe9Jk\xc6\xb2\xa3\
+\xa8e#\x04\x11\x90k\xde?2\x84\xdd7t|\
\xb3\xe1?\x13\xd9x\xbfE\x83Q\xb2}\xc8\xe3\x0c\x99\
\xe5\x1b\xb85\xb6\xb1\x8fJ\xe4\xfe.\xfc;\xbc\xf8\x19\
\xe2\x99<]\xe1\xfbw\x9b\xc27\xf2\x7f\xc4\xc6\xc6>\
\x96\xaeO\xdfQ\xd9O\xe9\xd3\xd2\xba-\x1fV\xb5\xd6\
\xf4\xf8/l\xa5Y\xad\xa6]\xca\xcajZ=$\xd3\
W[\x1bV\x93\x95\x1bO\xa6+kO\xb8\xf9J\x13\
\xd3\x91\x5c\xe4m\x83Z6\xb2\x91\x82:\xadM\x88\x92\
:\x98f\xdc\x9e\xe2\xaeA(a\x82k\x9f\x82\xef\x0c\
\x1b\xb1\xe0\xd5\xe8\xee\xb6\x1c\xe7\x8a\x86\x89\xb8\xbe.\xd2\
\xc6\xb5\xe1\xcb\xfb02\xf2Dv\xff\x00\xbc9\x1f\xad\
y\xa7\xc2\xd7:\xfe\x89\x7f\xa2o\xf2\xefao\xb4Z\
\xb3\x7f\x0c\x83\xb7\xd3 \x83\xfe\xf5z\xe42\x89c\xcf\
\xe7^\x1fu3|<\xf8\xae\xd2\x0c\xc7i<\x82A\
\xe9\xb1\xcf?\x93\x7f*\xa8v4J\xf1h\xf5?\x0c\
\xeb\xff\x00l\xb6_0\x18\xe4Rc\x966\xea\x8e8\
 \xd7M\x1c\x9d\xba\x8a\xe3<_l4-Z\xdb\xc4\
\x16\xc3\x1an\xa5\x84\xba\x0b\xd29{?\xd0\xf4\xff\x00\
\xf5\xd6\xde\x95\xa8\x09@\x89\x8f=T\xfa\xd2\x92!j\
\xae\x8d\xd22\xb5\x13.E,2dc4\xe6\x18\xac\
\xc6s\x9a\xfe\x9c\x1dL\xe83\xd9\xc7\xf5\xaf\x16\xf8\x93\
\xe1\x9b\xb4\x96\xd7Y\xd2\x1c\xc1\xac\xe9\x8f\xf6\x8bYW\
\x82\xd8\xe4\xa1\xf65\xf44\xa8\x18\x10FA\xe0\x8a\xe3\
<G\xa2\x85,\x98\xf9\x1b%\x1b\xd0\xfaV\xb0\x97A\
\x1d\xaf\xc2\x1f\x89v\x9f\x14|\x1dm\xaaC\x88\xef\x13\
\xf7W\x96\xfd\xe2\x94u\x18\xf4\xee+\xb8\xaf\x8d\xb4_\
\x11\x5c|\x0d\xf8\x8e\x9a\xca+\x7f\xc2;\xa9\xb8\x87Q\
\x81zF\xd9\xe1\xf1_a\xd9\xdeC\x7fi\x0d\xcd\xbc\
\x8b,\x12\xa8t\x91NC)\x19\x04V\xa7\x15Hr\
\xb2j(\xa2\x83 \xa2\x8a(\x00\xa2\x8a(\x00\xa2\x8a\
(\x00\xa2\x8a(\x00\xa4<R\xd2\x1e\x94\x00\xda\x8d\x8d\
=\xaa'jL\xb2)\x1b\x9c\x0at\x11\xefm\xe7\xee\
\xafO\xadF\x8ae|z\xd6/\xc4_\x18[x\x0b\
\xc1\xf7\xfa\xa4\xec\x07\x91\x19(\xbd\xd9\xb1\xc0\xa9m%\
vk\x18JrP\x86\xec\xf0/\xda\x83\xe2\x14\xda\xc6\
\xb7o\xe0\xfd-\xcc\x9eQ\x0ds\xb3\xbb\x9e\x8b\xf8\x0e\
\x7f*\x97\xe1\xf7\x83\xe3\xf0\x9e\x8c\x90\x90\x0d\xdc\xbf<\
\xcf\xdc\xb7\xa7\xe1\x5c\x7f\xc2\xbd\x06\xe3_\xbf\xba\xf1V\
\xa6\x0c\xb7\x17\x12\xb4\x88[\xbb\x13\x92\x7f\xc3\xf0\xafa\
\xb4\xb6,\xc3\x22\xbcuz\x92u\x1fS\xed\xa7\xcb\x85\
\xa3\x1c,6[\xf9\xb2\xcd\x95\xb6\xec\x128\xad\xeb;\
n\x07\x1cU[;~\x9e\x95\xb3\x04x\xc5uF'\
\x8dV\xa1f\xde=\xa2\xae\xc7\xc0\xaa\xf1\x8a\x99N+\
\xa1#\xcd\x93\xb98jxj\x847\xa58\x1c\xd5\x5c\
\xca\xc4\xa0\xd2\xd4@\xe2\x9e\x0f4\xc9\xb0\xe0qN\xcd\
6\x8ab\x11\xcf\x06\xa8\xdc\x9e\xb5q\xcdP\xb952\
4\x81\x99r\xddk\x22\xedz\x91Z\x97-\xcdf\xcc\
s\x91\xda\xb1g\xa1L\xcds\x93\x5c\x07\x8bmL:\
\x94\x85r\xbe`\x0e\xa7\xd0\xff\x00\xfa\xeb\xbe\x94mr\
+\x9b\xf1\x9d\xa7\x9bg\x1c\xe0|\xc8p~\x86\xb2\x9a\
\xf7N\xfa2\xb4\xd1\xd3h\xda\x88\xd7\xbc9i{\x9c\
\xca\xa3d\x9e\xcc85CV\xb2b\xdet`\x9c\xfd\
\xe1\xef\xebX\xff\x00\x0b\xf5\x00\xb77\xfa[\x9f\x92e\
\xf3\xe3\x07\xd7\xa1\xfe\x95\xd72uR=\xab\x82Z;\
\x83\x8f$\xdcNe\xac\xe6\x8c\x02\xf1\xb2\xa9\xefW\xf4\
\xcb\x96\xb7\x22&?!\xe9\xedZ\xca>B\xad\xc8\xaa\
sY\x8c\xe0~\x06\xa1\xbb\x8e\xf7/F\xa6\xe1\xe3\x8d\
\x5cF\xef\x22\xa8v8\x0aI\x00\x1f\xc3\xadw\x1e$\
R\xf6\xf6\x91Mt\x82\xe5A'\xf7.Q\xb26\x96\
 \x03\x8e\xbd\xf8\xaf>\x8b\x04*\xc9\x92\xa0\x80\xe1z\
\x95\xcf8\xf7\xc6k\xb6\xf1\x04\xd1\x1b\x0b\x09\xb4\xe2\xe5\
\x1a\x22\x22\x91I\xe5@\x04.\x08$\x93\x8f\xd0\xd7f\
\x1fHH\xf2\xf1i\xfbH\x90j\x90\x9b[\xa8d\xb7\
Xf\x81\xa3H\xe0m\xdb\x9eN\xcc\xfcu\xea\xa0\x9f\
`;\xd4~u\xc4(\xe5\x98\x1d\xa5\xbc\xcd\xa8\x18!\
\x1dAb\xe0q\xec\x08\x1e\xa6\x92\xda\xfe\xde\xd3U\x8a\
h \x9e\xf6\xda\xdd\x04{\xa1\x88\xbb\x19>b\xc7\x9c\
c\x97<\xf1L\xd4f\xc5\x9c\xefmi{\x19\xcb0\
\xfbW\x0a\x19\x8f\xf0\xed\xe1\xb9=\x0b\x1f\xa1\xe9]-\
'\xa9\xc7\x16\xd5\x91.\x9d\x8b\xa9\x1a\xe9^r\x85v\
\x05\x98\x8eOs\x81\xc0\xe7 ~<\x9c\xf1\xc4\xfcS\
\xf8Y\x0f\x8b\xac\xda\xee\xcc,:\x9cC(\xc3\x8d\xde\
\xc6\xbb\xad6T[\x14F\x92-\xd0\xae\xd9\x04m\x90\
\xa4v5f9Ve%s\xc1\xc1\x0c\x08 \xfb\x83\
\xc8\xac%\x155fvQ\xad:\x13S\x83\xd4\xf9[\
\xc3Z\xf5\xe6\x81\xa9Igv\x8d\x14\xb1\xb6\xc9an\
:w\xae\xff\x00T\xd1t\xaf\x1a\xe8\x93\xd9j\x16\x90\
_\xe9\xf7q\x98\xe5\x82d\x0c\x8e\xa7\xa8 \xd7K\xf1\
G\xe1\x8c>-\xb7:\x9e\x99\xb2=Z\x11\xc1R1\
(\x1f\xc2}\xeb\xcd<#\xafI\xa7\xdd\x1bK\xb51\
H\xad\xb5\xe3~\x085\x94[\x8b\xe5g\xb9'\x0cD\
=\xad?\x9a\xed\xff\x00\x00\xfc\xf3\xfd\xae?`\xbdC\
\xe1\x84\x97\x9e-\xf0\x05\xbc\xda\x87\x86\x86e\xb9\xd3\x17\
/-\x98\xeeS\xbb \xfc\xc7\xb8\xaf\x8f\xec\xaf\x9a7\
Yav\x8eE9\x05N\x085\xfd\x09\xbd\x9cZ\x85\
\xa9!VX\x9c`\xa9\x19\xfc\x0d~q\xfe\xdc?\xb0\
\x99\xd3~\xdd\xf1\x0b\xe1\xcd\x86\x11wM\xaah\x96\xeb\
\xd0uibQ\xf9\x95\x1fQ]\xb1\x976\x92<i\
\xd3t\xfd\xe8m\xd8\xf0\xcf\x83_\xb4%\xc6\x97w\x0d\
\x96\xa90\x0ep\xa2g?,\x9e\xcd\xe8}\xeb\xeb\xbf\
\x0c\xf8\xa6\xd3\xc4\x16\x82{W\x05\xb1\xf3\xc6O+\xfe\
}k\xf2\xea\x09\xfc\xce:\x1e\x84\x1e\xc6\xbds\xe1O\
\xc6\xddC\xc1\x97\xb0Ay;\x9be8I\xc9\xc9A\
\xe8\xde\xabX\xce\x9bW\xb6\xdd\x8fs\x05\x98l\xaa?\
G\xfeg\xd9?\x14T\xcb\xe1\xd9\x8es\x87\x18\xcd|\
\x96W\xec\x9e$\xd5!\x1d\xae\x04\xab\xf4e\x07\xf9\xe6\
\xbe\x95\x7f\x1eXx\xef\xc2R\xb4.\x9fiUWh\
\xc3d0\xc8\xe5}E|\xdf\xf1\x11[\xc3\xbe)\xb4\
\xb8(\xc6+\xc5\xf22\x07\x1b\x83ey\xfa1\xfc\xab\
\x8a\x8b\xb5G\x1e\xe7\xd3\xe3\xbd\xfc\x1cj\xae\x8f\xfe\x01\
\xe1\x9e&\xb6m?\xc4\xba\x8ck\xf2\xec\xb9\x93i\xf6\
\xdcq_^\xfc2\x86\xe3\xe3\x9f\xc3\x9b;\xe8\xc0\xff\
\x00\x84\x93M\x06\xdd\xe6\xff\x00\x9e\xc5\x00\xe1\xbf\xde\x18\
?Rk\xe5\x0f\x88\x0c\xad\xe2\xedKi\x05\x04\xcc\x17\
\x1e\x99\xcf\xf5\xaf\xb7?\xe0\x9eZ\x1b/\x81\xf5\x8b\xf9\
T\xed\x96\xe9\xc4d\xf4\xe1P\x12?:\xf5*\xdaP\
W>\x0f\x09)Q\xc4\xcb\x91\xf79\xdd6I\xbe\xcf\
\x0a\xdc#)\x90\x10\xac{08e>\xe0\xd7\xa6\xf8\
3\xc2\xd0\x5c\xdb%\xf5\xc8\x12\x86\xc8H\xcfN;\x9f\
Z\xe9<O\xf0\xda\xce\xeb^\xd4\xf4\xf4\xc4\x09}p\
f\x81\xbf\xe7\x94\xac\xb9\x0c=\x8b\x03\x91\xf5\xa4\xd14\
=G\xc23\x5ch:\xb2*^[\x91\x222gd\
\xb1\xb0\xc8t'\xa8\xeb\xf8\xe7\xd2\xbc\xa8\xca\xed\xc7\xb1\
\xf75$\xb9!(\xbf\x89_\xf4f\xc6\x9f\xa3\xdb\xdc\
^E\x0a\xc1\x12y\xac#'`\xe8Mx\xdc\xfe\x10\
\x8fE\xf1\x97\x89-\xe6F\x928\xef\x19PJ2\x0e\
\x18\xe3\xf2\xe0W\xd0\x9e\x0b\xd3$\xbe\xd7-\x8f\xddH\
\x1de|\xfa\x03\xd2\xb9/\x8eZ2i\x7f\x10u\x09\
bB#\xb9a08\xe0\xee\x00\xe4~f\xbc\xec\xc1\
5K\x9a'\xd4p\xb4\xe2\xf1\xde\xc6\xa2\xbd\xd5\xf5\xf2\
\xff\x00\x87<\xc54\xabX\xa4f[x\xf71\xc9%\
rk\x99\xf1\x8a5\x8bZ\xca\x96\xe6H\x96]\xce\x89\
\xc7n+\xb3\xaa\x1a\x9cJ\xe17\xa8h\xc9\xda\xc0\x8e\
\xd5\xf3\xf4k\xca5\x14\x9e\xa7\xe9\xf8\xdc\x05:\x98y\
S\x82\xb5\xcf<\xd6\xbc[$\x88\xb6\xd6Hc3\x0c\
3\xba\xfc\xe0\xe7\xa0\xf4\xfa\xd7\xec\x0f\xec\xa5\xe0K\x9f\
\x87\x1f\x00|!\xa3^\xae\xdb\xd1lnfR0U\
\xa5s&\x0f\xb8\x0c\x07\xe1_\x9d\xff\x00\xb2\x7f\xc1-\
\x07\xe2\x1f\xed\x03kc\xe2t\xbb\xbe\xd3\xadc7\x91\
ZA\x01t\x9c\xae6\x89\x9b\xf8c\xcf^\xb98\x1c\
\x03\x91\xfa\xd4\xa8\x11\x02\xa8\x0a\xa0`\x05\x18\x00W\xde\
`\x17\xb4N\xb5\xf4{\x1f\xcd|WQa\xe7\x1c\xbd\
+8\xbb\xbf\xc9~\xa3\xa8\xa2\x8a\xf5\xcf\xcf\x8a\xda\x86\
\x9dm\xabX\xcfgy\x0a\x5cZ\xce\x869\x22\x90e\
YO\x04\x11_\x1fx\xe7\xc1\xba\x87\xec\xdd\xe2su\
j\xb2\xde\xf8\x07Q\x97\xdd\x8d\x93\x9e\xc7\xdb\xf9\xd7\xd9\
U\x9d\xaf\xe8\x16\x1e'\xd1\xee\xb4\xbdN\xd9.\xecn\
P\xc7,R\x0c\x82\x0d\x06\xd4\xea{7\xe4|\xf5k\
\xaaA}e\x1d\xdd\xac\xab4\x12(du9\x04V\
\xd5\x84\x82X\xd2E<0\xaf\x19\xf1g\x875\x7f\xd9\
\xc3\xc5\x1f\xd9\xb7-%\xe7\x82\xb5\x09\x0f\xd8o\x1b\x9f\
\xb3\xb1\xfe\x06=\xab\xd2\xfc\x1d\xabGyj\x91+\x86\
g9\x8f\x079\x15,\xf5%\x0b\xc3\x9e;\x1d:\xbe\
\xc3\xecjt\xb9\xe3\x1e\x94\xf9,|\xb8r\xddz\xd5\
\x11\xc7J79\x19\xafa\xaayN\x15\xfe\xe9\xe35\
\xc8|m\xf0\xf9\xd44X5X\x17t\xd6M\xf3\xe3\
\xa9\x8c\xf5\xfc\x8e\x0f\xe7[\xf0\xae\xe3\x8a\xd6\x8b\xcb\xbd\
\xb1\x92\xd6\xe1D\x88\xcaQ\x94\xf4 \xd4=\x1d\xd1p\
\x95\x99\x8d\xf0sZ\xb6\xf1\xe7\x83o\xfc=\xa8\x91#\
\xc6\x81v\x93\xc9R1\x91\xf4 Vn\x99%\xd6\x85\
\xa8\x5ch\xb7\xccE\xed\x93a$?\xf2\xd2?\xe1a\
\xf8W\x9e\x5c\xe8\x1a\x9f\x81\xfcQ\x8b)\xe4\xb6`\xdb\
\xadn\x10\xe3r\x9e\x80\x9f\xd0\xd6\xb7\x88~$O\xa9\
\x0bG\xd6l\x9a\xdf[\xb3;V\xf6%\xc2\xce\x9d\xd5\
\xd7\xf3\xe4~U\xa3W\xd8\xd1A\xa7u\xb3=\xa3N\
\xbf\x17p\x87\x1fxp\xc2\xb5\x11\x84\x8b^q\xe1\x7f\
\x10\xc7s\x0c7P\xb6\xf8\xa4\x1c\x81\xfez\x8a\xefm\
\xa7VUe9V\xe4\x11X\xb4KV,\x11\xce\x0d\
S\xbe\xb3[\xc8\x1a&\xeb\xd8\xfa\x1a\xbc\xdf0\xc8\xa6\
0\xc8\xcfz\x8d\x89<\x97\xc7\x1e\x13\x8bY\xd3\xeem\
.\x22\xdc\x19J\xb8\xc7\xe4E'\xec\xcf\xf1\x1a\xe3F\
\xd4g\xf8w\xafLM\xc5\xb6_L\x9aC\xfe\xb6/\
\xee~\x1d\xbf\x1a\xf4MkM\x17I\xe6 \xfd\xe2\x8e\
}\xc5xo\xc5_\x06\xdd\x93o\xad\xe8\xec\xd6\xda\xce\
\x9d'\x9fo\x22\xf0r9*}\x8dtE\xdd\x13(\
\xf3.V}\x7fE\x14U\x1exQE\x14\x00QE\
\x14\x00QE\x14\x00QE\x14\x00SOZu0\x9a\
\x06\x869\xaa\xf2\x1c\xf1\xebR\xc8y\xc524\xf3\x1f\
\xda\xa4\xb5\xa1-\xbc{\x10\xb1\xe0\x9f\xe5_,~\xd2\
>&\x9b\xc7\x9e7\xd2<\x11\xa7HL%\x84\xf7e\
z,`\xf7\xfa\x9f\xe4+\xe8\xbf\x1f\xf8\x92\x0f\x09\xf8\
KR\xd4\xee%Xa\xb7\x85\x9d\xdc\x9c`\x01\xdb\xde\
\xbe\x5c\xf87\xa6\xcf\xad\xdc\xea\x9e3\xd4\x90\x8b\xdd^\
b\xd0\xab\x7f\xcb8A\xc2\xa8\xfc\xbfA\x5cX\x99h\
\xa9\xae\xa7\xd1d\xf4\xb9\x5c\xb1r\xfb:/W\xfe[\
\x9e\x97\xa4i\x90\xe9v6\xf6\x90 H\xa1@\x8a\x05\
nX\xc1\xb8\xd5H#\xc9\x15\xbbe\x0e\xd8\xc7\xbdc\
\x14tU\x99j\xde,\x01W\xa2\x5c\x0a\x86$\xc0\xab\
@`WRG\x97'rE5&\xea\x88t\xa5\x06\
\xac\xc0\x97\xbd=[5\x104\xe1A-\x13-<s\
Q\x83O\xa6\x88\x1e\xa7\x8aRi\xb4\x84\xe0U\x122\
V\xc0\xac\xfb\x97\xebV\xa7z\xce\xb8\x93\xadf\xd9\xbc\
\x11F\xe5\xfa\xd6l\xcdW.\x1b\xadP\x98\xd6gt\
QV~y\xf4\xaa\x1a\x8d\xb8\xbb\xb1\x9a/U8\xfa\
\xd5\xf7\xe75\x16:\x83V\xa3}\x0b\xe6\xb6\xa7\x9ci\
7\x8d\xa2\xf8\x82\xca\xeb$,r\xed\x7f\xf7O\x06\xbd\
n\xf9\x00\x9br\xfd\xd7\x1b\x81\xaf,\xf1%\x87\x91y\
*\xe3\xe5nEzo\x83\xeeW]\xf0\xd5\xa3J\x7f\
z\x8b\xe5\xb1\x1dA\x1c\x7f\x85y\x93\x8e\xb6;+\xc9\
Z5\x04\xa4*\x18t\xadI\xb4\x80\x88Hr\xc7\xd3\
\x15BHZ0\x09\xe8k\x07\x16\x91\x8cg\x19lU\
x\xf2\x0f\xd3\x06\xba\xd8\xfcSa\xa9Z\xdaY\xdeZ\
\xcdn\xea\xca\xa2de\x09\x1bt\x0c\x0es\x8f\xa8\xe8\
Nx\xae`\x8aiQ\x82\x08\xc85T\xea\xca\x9d\xed\
\xd4\x8a\xb4cV\xd7\xe8vS\xe8\x17VQ\xb0\x8a\xea\
k\xb0[-\x042\x14;\x09$\x9c\x17\xc6s\xe9\x8e\
\xa6\xa3\xb8{\x8bm6\xddnt\xe3r\xbb\xdc\xa3\xdc\
\x06s\x18\xcf\x00\xaa\x82NA=q\xc0\xae[O\xb8\
\x93J\xb8\x17\x16e`\x98\x0cd(!\x87\xa1\x1d\xc5\
k\xdbx\xbfQ\xb6\x8e\xe5d+r\xd2\x82Q\x89\xd9\
\xe51\xf4\x189\x1e\xdf\xadv\xc6\xbd7\xe5\xf8\x9e|\
\xb0\xd5V\xda\xfe\x05\x88F\xe8?y\x0bL\xf7@\xed\
UB\x0b\xf5]\x98\xec\x061\xd8c\x07\x8eki\xb4\
=\xe2;\xab\xa7\xd8Z%\xfbL{\x80R\xc0s\x93\
\xe9\xd7\xeb\xf4\xac\xbb\x0f\x17_]\xcdc\x00\xb6\x95\x9d\
%Qs4Q\xefFC\x90\x0f\xfb'\xbf\xe0k[\
Q\xbd\x11M5\xb5\x98\x8d\x99\x9b|\xed*\x97@p\
\x06\xd0\x01\x1c\xf0\x0f^?\x1a\xe9\x87#\x5c\xd7\xba9\
&\xaa)(Z\xcc\xcf\x80D\xd2O$\x0a\x12\x09\x1f\
1\x85\xfe\xe8\x00\x7fO\xcb\x15\xe6\xdf\x16>\x1e\x0dN\
\x16\xd6t\xc8\xc2\xea\x11\x0c\xca\x8a1\xe6\xaf\xf8\xd7\xa3\
\xc1lb\x96I\x18\xc6\x0b\xe3\xe5\x862\x8b\xc7~\xa7\
'\xde\xa6u\x0e\x08# \x8c\x11\x5c\xf3\x8f:;\xe8\
U\x95\x09)D\xf0\x7f\x00\xf8\xbb{\xad\xad\xc3a\xfe\
\xe8\xdd\xdf\xd8\xfb\xd7\xa0\xdc\xe9\xe9u\x16\xe5\x01\x91\x86\
\x08#\xf4\xae\x03\xe2\x8f\x82_\xc3\xfa\x83\xeb\x16\x08E\
\xbb\x1d\xd3\xa2\x7f\x0f\xfbC\xfa\xd6\xf7\xc3\xef\x18.\xa9\
\x02\xdbN\xe0\xdc*\xfc\xac\x7f\xe5\xa0\xff\x00\x1a\xca\x9c\
\xaf\xee\xcbs\xd7\xab\x04\xe2\xaa\xd3\xd9\x9f\x9c\x7f\xb7\xef\
\xecH\xfe\x0f\xb8\xbd\xf8\x97\xe0[\x03\xfd\x93#\x19u\
}.\xdd8\xb7c\xd6x\xc0\xfe\x13\xfcC\xb7^\x99\
\xc7\xc3\x10b\xea\x1c\xaf,;W\xf4q{\xa3\xdb\xea\
\xf63A,I<2\xa1G\x8a@\x0a\xb0#\x90G\
\xa5~>\xfe\xdd\xbf\xb1\xa5\xd7\xc0\xbf\x10\x5cx\xd3\xc2\
V\x92?\x82/f\xfd\xfc\x11\x82N\x97+\x1f\xba\x7f\
\xe9\x93\x13\xf2\x9e\xc7\xe5=Fz\xd3\xbe\x8c\xf3\x1aQ\
w[\x1f3xc\xc7:\x9f\x84\xa5U\x86Wk|\
\xe7f~\xef\xd3\xfc+\xd4%\xf1-\x9f\xc6\x0f\x0c\xcd\
\xa5\xc6\xff\x00g\xd7m\xc8\x9e\x05c\xb7\xcce\xee\xa7\
\xd7\x19\x1f\x8ek\xc4|\xd5\xbaM\xc0|\xdd\xc7\xad6\
\xc6\xfe}6\xfa+\x9bi\x1a\x09\xe1`\xe8\xeapA\
\xf5\xacgEK\xdeZ4zX\x5c|\xf0\xe9\xd2\x9f\
\xbdNZ5\xe5\xe5\xe63YYWPx\xeeQ\xd6\
\xe1\x18\xa4\x81\xc1\xdd\xb8ps\x9e\xf5\xfa5\xfb\x07\xda\
\xcd\x07\xc2;a \xc4l\xd3\xb4|v2\x0f\xea\x0d\
~oj:\x8c\xfa\xc6\xa9=\xe5\xc3n\x9ey\x1aG\
 c\xe6''\xf9\xd7\xeb/\xec\xb9\xe1G\xd0~\x0c\
\xe8'\xca`<\x88\xd1\xb8\xfe&@\xe4~lkz\
\x9aE&y\xf8\x7fz\xac\xa5\x1d\x8d/\x18\xa1\x8b\xc4\
v\x13\x03\xb4\x16\x8b\xe6\xf4!\xf1\xff\x00\xb3\xd7\xb2\xea\
\xfe\x15\xd2uI\xad!\xd4bH\x9ed\xff\x00\x89~\
\xa2\xc3\x9by\x08\xc9\x8d\x8f\xf7[\xd0\xf7\x07\xdb\x1eO\
\xe3\xc4\x10Ek1\x5c\x95\xb9@\x7f\xef\xa0\x7f\xa5{\
\xe6\xb5\xa4\xa6\xb1\xe1\xc8\xa1\xc7\x12E\xba3\xe9\xddk\
\xcc\xa6\xbf};\xf9\x1fK\x8a\x9bXL<\x93\xb6\xb2\
_\x97\xf9\x9e`\xfe\x1d\xba\xf0\xa6\xbc\xd1]\xc3\xe5J\
8$}\xd7\x1f\xdeS\xdc\x7f\xf5\xea\x1f\x89^\x0b\x87\
\xc7>\x1c\x8eH\xd4\x0dJ\xd5J#\xf7e\xea\x01\xfd\
\x7f\xc9\xae\xbb\xc3\x93\xddx\xafN\x97\xc3\xfa\x94\xec.\
,\xc9\x92\x0b\x89ya\x8e\x02\x12z\xf5\xc7\xa8\xe3\xad\
gi\xf7f\x09\xc2\xb8\xc0\xfb\xac\x0d*\xb4\xe2\xd3\x8c\
\xb6gV\x07\x1bR\x15#V\x0e\xd3\x86\xbf\xd7\xf9\x1f\
#^Y\xcbau%\xbc\xe8c\x966*\xca{\x1a\
\xa3|\x9b\xed\x98\x0e\xdc\xd7\xbd\xfcr\xf8hc\x87\xfe\
\x12\x0b\x08\xf7\xc1\xff\x00-\xc2\xf3\xb3=\xff\x00\xdd>\
\xbd\xab\xc2\xd9r\x085\xf1\xb8\x8c<\xb0\xd5,\xf6\xe8\
\x7fAey\x9d,\xdf\x0b\xed!\xf1l\xd7f\x5c\xf0\
\x07\xc4\x0dG\xe1\x97\x8b4\x8f\x16ie\x9a\xefI\x98\
4\xb0\x83\x81<\x07\x89#>\xc5s_\xac\xfe\x0f\xf1\
f\x9b\xe3\xaf\x0b\xe9~ \xd2'\x17\x1an\xa3\x02\x5c\
C \xfe\xeb\x0e\x87\xd0\x83\xc1\x1d\x885\xf8\xf1n|\
\x9b\x9d\x87\x95'i\xaf\xad\x7f\xe0\x9f\xff\x00\x17\xdbE\
\xd6\xb5O\x85\xda\xa4\xff\x00\xb8r\xd7\xfa3Hz\x03\
\xcc\x91\x0f\xfd\x08\x0fc\xeb_A\x94b\xfd\x9c\xfd\x84\
\xb6{z\x9f\x97\xf1\xe6I\xf5\xbc2\xcc\xa8\xaf~\x1a\
K\xcd\x7f\xc0\xff\x003\xee\xba)3K_f\x7f>\
\x85\x14Q@\x1c\xe7\x8f\xbc\x0b\xa6|F\xf0\xb5\xee\x85\
\xabB%\xb5\xb9\x5c\x06\xc7\xcd\x1bvu=\x88\xaf\x8a\
\xbe\x19\x5cj\xde\x11\xf1\x8f\x88\xfc!\xa8\xb3\xc9q\xe1\
\xfb\xbd\x90N\xcaF\xf8\xbf\x84\xfe#\x07\xf1\xaf\xbe+\
\xe4\xef\x13\xda\xf9\x7f\x1f\xbcie\x81\xbak{{\x95\
\xf7\xca\x00i=\x8fC\x096\x9b\x83\xd8\xf4\xe9\xb5\x08\
\xef\xac\xe0\x92\x12\x0a\xcc\xa1\xc7\xd2\xaa\x08\xb3\x9cu\xae\
C\xc1\x1a\xb3\xcb\x09\xb4\x94\x9d\xf6\xe7o>\x84\xff\x00\
\x8dv\xd1cv\x0dIU#\xc9&\x88\xe1\xe0\xfb\x8a\
\xbf\x0f\x0c\x18w\xebU&\x8f\xcb|\x8e\x95f\xdd\xba\
zP\xcc\xca^,\xd0\x86\xbd\xe1\xfb\x8d\x83\xfd&\xd0\
\xf9\x8a{\xed?\xfd\x7f\xe7^k\x15\xcajV\x9eU\
\xcck#\xa7\xca\xca\xe35\xed\xd6*\xb1\x5cF\xee7\
A(0\xca=\x88\xaf\x1d\xf1\xa6\x8c\xfe\x1c\xf1,\xc1\
A\x11H\xc4\x1cz\xfa\xff\x00Z\x11\xd9\x87\x95\xdf+\
\x17\xc3[t\xab\xa3\x14+\xb2\xdeC\x9d\x99\xe1O\xb7\
\xd6\xbd/B\xd46\x11\x0b\x9f\x91\xbe\xe9=\x8f\xa5y\
,7\x86\x17\x0c\xbdG9\xae\xb7A\xd6V\xe3\x11\xb3\
\x00\xddG4\x9a\xb9\xb5huG\xa9C&F\x0dH\
F\x1a\xb2\xb4\xab\xdf\xb4\xc2\x01?\xbcQ\xf9\xd6\xaa\x1d\
\xe3\x15\x93G\x13\xd0\x8eD\xae{_\xd1R\xf6\x190\
\xbc\x91\xcf\xf8\xd7M\x8c\x8cw\xedU\xe6\x8bp\xf7\xa7\
\x17bY\xdd\xd1E\x15\xd0y\xc1E\x14P\x01E\x14\
P\x01E\x14P\x01E\x14P\x01L=\x0d8\xd4r\
\x9c\x00\xa3\xbd\x03D,3\xf8\xd4\xc8<\xb4\xc9\xebH\
\x89\x96\xcfa\x5c\xbf\xc4\xcf\x17A\xe0\xff\x00\x0b\xde^\
\xcd(\x8c$L\xc5\x8f\xf0\xa8\x19&\xa5\xb5\x15vk\
\x08:\xb3P\x8e\xec\xf9\xd7\xf6\xa5\xf8\x81'\x8c\xbcS\
\xa2|8\xd2%\xcf\xda\xa6Y\xafY\x0fH\xd4\xf0\x0f\
\xd4\x82\x7f\xe0>\xf5\xdc\xe8\x9atZm\x85\xbd\xac\x09\
\xb2\x18PF\x8a;\x000+\xc1\x7fg\xeb;\x8f\x1b\
\xf8\x97\xc4\x1f\x10\xf5\x15b\xd7\xd346A\xff\x00\x86\
1\xc7\x1f\x80\x03\xf3\xaf\xa2\xadc\xe8+\xc6Ru\x1b\
\x9b\xeb\xf9\x1fy\x88\xa5\x1c$!\x84\x87\xd9\xdf\xfcO\
\x7f\xbbcB\xca\x1c\xb0\xad\xe8#\xc5gXE\x8ek\
^%\xe2\xba\xe0\x8f\x02\xb4\xb5&E\xc5H\x0ei\xa3\
\xa5\x15\xb28\x87\xe7\x14\xe1\xc8\xa6\x0eE9zU\x12\
\xc9\x01\xefO\xa8\xd7\xa5H9\xa0\x96H\xbd\x05H:\
\xd3\x10t\xa7\x8e\xb4\xd1\x9b\x1dL\x91\xb0)\xe4\xe2\xab\
L\xd4\xd8-J\xf3\xbf\x06\xb3.$\xebWg~\xb5\
\x99;u\xac\x99\xd5\x04U\x99\xb3T\xa55jCU\
$\xebRu\x22\x13\xcd0\x8a}#V\xf1D\xb3\x0b\
\xc4\xbaa\xbc\xb7\xf3#\x5c\xc8\x83\xb7z\x97\xe1m\xf7\
\x955\xe5\x9b7\x0d\x89T\x1f\xc8\xff\x00J\xd7\xc0=\
Esv1\xff\x00bx\xbe'N\x22v\xe9\xec\xdc\
\x11\xf9\xff\x00*\xe6\xaf\x0f\xb4\x8e\x98K\x9e\x9c\xa9\xb3\
\xd5\xca\x86Z\xaa\xf6\x8a\xc5\x94\x8f\x94\xd5\x8bY\x04\x91\
\x8ejB\x99\xae3\xcfM\xa3\x9f\xba\xb0{bN2\
\xbd\x8dU#\x15\xd4K\x08\x9a\x17C\xdcW72\x15\
b\xa4`\x83\x8a\xe6\x9cyN\xeaU9\xd5\x99\x10\x18\
\xa5\xa4\xa2\xb37:\x8f\x02\xda\xc8d\xba\xbbK\xa5T\
S\xe5\xc9m\xb3$\x802\xad\x9c\xf1\xd4\xf6\xf5\xaa\xcf\
q-\xc5\xad\xdd\xec,-@Q+m\x19R\xcc~\
P2N\xd3\x8c\x13\xd79\xe8;\xcf\xe0\xa9\xa0D\xbd\
E\x84\x9d@\x02\xeb!\x19\x050\x00\x1e\xdc\xe7\x8e\xf4\
\xfb}A\x8cw\x11\x1bXg\x89\x91\xa7\x95\x1a\xd8\xc5\
\x86\x03 \x9e\xc7\x90\x07N\xfe\xd5\xeb\xd3\xb7\xb3\x8a<\
*\xb7Ud\xc8\xa0\xbf\x1b\xa2\x85d7\x92\x1c\xe5\x91\
s\x9c\x0c\xf6\x18\xfdx\xa6\x5c_5\xccf8&\x8e\
\x19\x1f\x016\xb0v'\xf0\xca\x80:\x9eI\xc0\xe9W\
-\xf4\x99nt\xb8'@\xb3\xbc\xb33\xdc3\x9d\xa1\
\x80\xdc9\xf6\xdd\xf3c\xf2\xedY\xc9p\x8f\xaf$y\
Y\x98FN\xf8rP~'\xae9\xe7\x1f\xc5C\x8f\
*\xd4j\x5c\xcfB\xd6\xad\xa6\xa6\xa5d\xf0\xc8\xa1\xce\
\xdc|\xc3\x83\xea+\xe7\x8f\x12\xe8s\xf8\x17\x5cW\x88\
\xbaYH\xfb\xa1q\xd6&\xfe\xed}%$\xa9\x08\x06\
GT\x04\xe0\x168\xc9\xf4\xaeo\xc6\xbe\x14\xb7\xf1\x16\
\x97<R\xa6\xe5q\xce:\x83\xd9\x87\xb8\xaeZ\x91\x7f\
\x1cwG\xab\x83\xc4*o\x92\x7f\x0b2<\x0d\xe2\xd4\
\xd6\xad\x86\xe6\x02\xe1\x00\x12 \xef\xee=\xabs\xc5\x9e\
\x0d\xd3\xbcm\xa3]X\xde\xda\xc3ygu\x13As\
kp\x81\xe3\x9a6\x18e`x \x82k\xc0t\xbb\
\xcb\xef\x04\xf8\x88\xdaLJ\xcd\x0b~\xed\xcfG_\xf0\
5\xf4G\x84u\xe85\xbb\x18\xe6\x8c\xf2F\x19{\xab\
w\x06\xb7\xa554i\x8a\xa2\xe8\xbb\xad\x8f\xc5o\xdb\
o\xf6,\xd5?f\x8f\x10\xbf\x88\xfc;\x04\xd7\xde\x00\
\xbd\x97\xe4s\x97}=\xc9\xe2\x19\x0fu\xfe\xeb\x9f\xa1\
\xe7\x93\xf2\x85\xd3\x89\x1f\xccB|\xb6\xe8\x0foQ_\
\xd2\xdf\x8d|\x11\xa4x\xf3\xc3\xd7\xfa.\xb5c\x0e\xa3\
\xa6_D\xd0\xdc[N\xa1\x95\xd4\x8c\x10E~\x1d\xfe\
\xdb?\xb1v\xb1\xfb0x\xbd\xef\xb4\xe8\xe6\xbf\xf0\x16\
\xa5)67\xa4\x166\xccy\xf2%>\xa3\xf8[\xf8\
\x87\xb85\xd9\x16\xba\x9e4\xd3\xddm\xf9\x1f;\xf8\x7f\
M\xfe\xda\xf1\x06\x99c\x12\xe1\xa7\x95#\xc7\x5c\x92\xd8\
\xaf\xdf\xdf\xd9\x9fA\x83L\xf8oc\x17\x96\xbbe\xb9\
\xc8\x0c3\xc2\x85Q\xfc\x8d~%\xfe\xcb\x9e\x14>*\
\xf8\xad\xa6oM\xd1X\xb0\xba\x90\x9e\x80)\x07\xfc\x07\
\xe3_\xbb\xbf\x0a\xec\x86\x97\xe1-\x02\x01\xc0\x10\xa4\x84\
\x7f\xbcw\x7fZ\xc2n\xf5\x12\xecwR\x8d\xa89w\
\x7f\x91\xf3?\xc6vQ\xae\xdf\xc2\x88\xa9\x19\xd5\x99\x11\
T`\x00%#\x8a\xf7\xd8\xad\xa4\x97\xc1z=\xca;\
+E\x08,\x14\x06\xca\xed\x1d\xbd\xbf\xc6\xbc\x17\xe2\x82\
\x8b\xcf\x14\xda\x81\xcf\x9f\xab\xb3~nM}/\xa2Z\
\x94\xf0\xb6\x94\x9br\x04\x0b\x91\xf8\x0a\xe2\x82\xbdy\xfc\
\x8fs\x18\xdcp\x18u\xe7'\xf9/\xd0\xf3\xab[\x02\
\x9a\xab\xc9s7\x93gu\x83#\xaa\xf1\x1b\xe4\x04\x90\
s\xc0\xce\x06s\x8ey\xe0\x8a\xa1\xe3%\x8bR\x11\xeb\
\x16\x92\xef\x89\x88\xb6\x9br\xecq*\x83\xf3\x11\xee\x07\
\xe9]\x9d\xe5\x94\xb67\x92'\xf6\x7f\xdb\xa3\x99]\x15\
\x0c\x85\x07 \xf0{\x1c\x82{g\xdf\xa0\xac\x08l\xee\
o\x0c\xba=\xcc\x16\xb7\x12\xdd[4\xca-\x99I\xf3\
\xd5[\x0cX\x7f\x17\x04\x1c\xf7\xcf\xa9\xab\x94n\xacy\
\xf8z\xde\xca\xa2\xa9\xfdX\xa1\xa1\xcc\xba\xc6\x93$\x12\
\x228U1\xc9\x1b\x0c\x86\x07\xaeGq_7|Y\
\xf8U7\x84/\xa6\xbe\xb0\x89\x9fKf\xcb \xe4\xc3\
\x9f\xe6\xbe\xf5\xef~\x16\xbb[\x1dr$\xb9\xfd\xdcn\
\xdeK\xee\x181\xbep3\xf8\xf1]\xbf\xc4\x1f\x09\xa4\
:\x1b]$_m\x8a1\xfb\xd8\xb6\xe7|}\xc0\x1d\
\xf8\xe9\xff\x00\xd7\xaf>\xb5\x18\xd7\xa7it>\xef\x01\
\x98\xd4\xca\xf1jT\x9e\x92?>'\x80y\x9b\xc7F\
\xe4c\xb1\xa9\xed<E{\xe0\x8d\x7fB\xf1\x86\x9b\xf2\
\xea\x1a%\xd2\x5c\xe3\x1f}\x01\xf9\x94\xfa\x8cW\xac\xfc\
e\xf8%7\x82\xed!\xf1\x1e\x8e\xe3R\xf0\xad\xe8W\
[\x88y\xf2\x0bt\xdd\xe8\xa7\xa0>\xbcW\x95:\xac\
\xb14n\x03#\xa9\x04z\x83_/R\x13\xc3TW\
\xe9\xb1\xfb6\x13\x11\x87\xce0\xb2\xe4\xeb\xa3]\x9f\x99\
\xfa\xe5\xe0\xbf\x15\xd8\xf8\xe7\xc2zO\x884\xd7\x0fe\
\xa8\xdb%\xc4d\x1c\xe00\xc9S\xee\x0eA\xf7\x15\xb7\
_\x1c\xff\x00\xc1;>$=\xdf\x85u\xbf\x87\xb7\xf3\
n\xba\xd0\xe576[\x8f-j\xe7\x90=\x95\x88\xff\
\x00\xbe\xeb\xecj\xfd\x1f\x0dYW\xa3\x1a\x8b\xa9\xfc\x97\
\x9c`%\x96c\xaa\xe1_\xd9zz=\xbf\xae\xe1E\
\x14WQ\xe3\x05|\xc1\xf1a\x17F\xfd\xa7t)\xc8\
\xdb\x1e\xad\xa65\xb9\xc7\xf1:\x92G\xf4\xaf\xa7\xeb\xe6\
_\xda\xe1\x0e\x89\xe2_\x87\xde$\x1f(\xb4\xd4\xd6\x07\
o\xf6_\xaf\xf2\xa4\xce\x9c;\xf7\xc8\x97F\x9bI\xf1\
U\xdb \xc4.7\xfe\x07\xff\x00\xaf]\x9d\xa4\xbeu\
\xba?~\x87\xebWu\xed\x13\xedV\xdfk\x84e\x92\
2x\xfe%\x1c\x9f\xd3'\xf0\xac}\x0a]\xf2\xbc\x04\
\xfd\xf1\x95\xfa\xd4\xad\x8e\xca\x92\xe7W5\x8f\xefc\xf7\
\xa2\xdc\xedl\x1aE\xca1\x06\x9d\x8esA\xceni\
\x80N\x92[\xb7W\x19S\xee9\xac\x0f\x88~\x1f:\
\xcd\x8cR\x85\xfd\xf9]\xb9\xff\x00m\x7f\xc4V\x9d\x9c\
\xa4m`p\xcakz\xea\xddu]*R\x83\xf7\x83\
\xe7\xc7\xa3\x0aC\x8c\x9cet|\xe7\x1cl\x09V\x18\
#\x82\x0dX\x87|.\x1d\x0e\xd6\x1c\x82+\xab\xf1\xbf\
\x87\xfe\xcd4z\xa4\x09\x88.8\x90\x0e\x88\xfd\xff\x00\
:\xe7\xa3\x8f\x22\x99\xeb{E(\xdc\xed|'\xe2\x01\
tU\x5c\x84\x99~V\x1e\xff\x00\xe0k\xbd\x82M\xea\
\x18W\x8a\xc1\xbe\xdaa,|0\xea=Ez?\x84\
|@\xba\x94~K\xb6.\x10t?\xc4=j$\xac\
q\xce=Q\xd5\x1eFh+\x9e\x7f:E?\x959\
};Vf'eE\x14WQ\xe6\x85\x14Q@\x05\
\x14Q@\x05\x14Q@\x05\x14Q@\x05B~g'\
\xf0\x15+\x1c)\xa4Q\x8a\x06#\x11\x12\x12{W\xc6\
\x7f\xb6\xa7\x8e\xeeu\x894\xaf\x03ir\x13\x7f\xaeN\
!eC\xca\xc2\x0f\xcc\x7f\x1e\x95\xf5\xaf\x8a\xb5h\xf4\
\x9d&\xe2i\x1cF\x88\x84\x96'\x18\x00rk\xe0o\
\x86W\xaf\xf1\x83\xe3o\x88\xfc{:\xb3\xe9\xb6.l\
\xf4\xdd\xdd\x00\x1c\x06\x1f\xcf\xf1\xaf?\x19;ES]\
O\xab\xc80\xeb\xdaK\x195\xa55\x7f\x9fO\xf3\xf9\
\x1e\xf3\xe0\x9f\x0e[x[\xc3\xfan\x91j\xa1`\xb4\
\x85c\x18\xeeq\xc9\xfcNMv\x96q\xf4\xacm2\
=\xdc\xd7Eg\x1fJ\xe7\x82\xe8t\xd7\x9bm\xb7\xbb\
5m\x13j\x0a\xbe\x83\x15R\x01\x80*\xda\x9a\xeb\x89\
\xe3\xcd\xdd\x92\x8e\xd4\xb4\xd0i\xc0U\x18\x0e\x1d)\xcb\
\xd2\x9a:T\x82\xa9\x12\xc7(\xa9\x14sMQR \
\xe2\x99\x0cz\x8ax\xa6\x8e\x94\xe3\xc0\xc5R3\x18\xe7\
\x19\xaa\xb3=M+U)\x9e\xa5\xb3H\xa2\xb4\xed\xc1\
\xac\xf9\x8d[\x9d\xea\x8c\xa6\xb3g\x5cQ\x04\x86\xaa\xc9\
\xd6\xac9\xe2\xab\xc8y\xa4\x8d\xc8h\xa54\x0a\xde$\
1\x87\x83X\xbe\x22\x84\xaf\x91r\xbdcl\x13[R\
\x0e3P\xdd\xdb\x8b\xabg\x8c\xf3\x91\xc5MEx\xb4\
]7f\x99\xd4\xe9\x17\x1em\xac\x12\x8f\xba\xe8\x0f\xe7\
Z\x95\xcd\xf86S6\x8c\x88\xdfz\x22P\xfeu\xd1\
!\xcf\x1e\x95\xe75\xd4\xe7\x9a\xb4\x9a$Z\xc4\xd6m\
\xfc\xa9\xf7\x8e\x8d[@\xf2*\x1dF\xdb\xed\x16\xac\x07\
\xde\x1c\x8a\xcaJ\xe8)\xcb\x96H\xe6H\xa6\xd3\xd8\x11\
\xc52\xb9OQ\x1b\xfe\x0a\xbd\x92\xdfT\x92\xda8\xd5\
\xd2\xe1w\xb9'\x056\xf7\x1e\xbdq\x8a]J\xdek\
\x0b\xdb\xa4g\xf2\xde\xe0\x98\xdeI#\xc9\x922\xc4\xfc\
\xad\xb8d\xe3\x8cu\xe3\x8cV%\xb5\xdc\xf6W\x09=\
\xbc\xa6)W\xa3\x00\x0eG\xa1\x06\xb6\xec|c:\xb4\
\x83R\x8b\xed\xd0\xb8\xe1#E\x1bO\xd0\x9eA\xfa\xd7\
\xa1J\xacy\x14$\xec\xcf.\xbd\x09\xf3\xb9\xc5]1\
\xb1\xc3e#D\xcf\x1d\xd4\xf6\xbb\x97\x7f\x9d\x22(L\
\x9e\xaa\xaa\xa7\x03\x9c\xe40\xe3\xd6\xa6\xd4\xac\xed\x96y\
\x92\xde\xe5g\x99\xf0\x81-\x94\x83\x10\x1f\xdep~b\
:\xe0\x90I\xf5\xe0T\xc9\xadh\x9a\x82Is{\x1b\
Z\x5c/>G\x9c\xd8\x90\x0e\x98\x03\x01\x8flU\xc4\
\x1a5\xfc\x96\xd7\x11o\x92K\x89F!\x8er\xbb\x1b\
\xef\x12S8\x1d9\xe2\xba\x95\xa4\xb4h\xe1|\xd1z\
\xa6\x88\xad|\x9b\xab\x9bh\xca\xac\xeb(a\xc8\xcf\x1b\
NO\xf2\x1f\x8dEwa-\xb4b;\x86f\xb9 \
\x08\xccNUs\x9eN3\xf3q\xc9\xcf\x1d\x07z\xdc\
\xb8kM\x14H\xf1\xc3\xfe\x919$*r\xcf\xdf\xa9\
\xe82k\x12Ino\xccOq\x141J\x87\x22E\
m\xcf\x8f\xee\xf4\x03\xf9\xd3j1V{\x84\x5c\xa6\xee\
\xb6<\xe7\xe2\xcf\xc3\xff\x00\xed\xbd;\xed\x96i\x8b\xb8\
2\xc9\x8e\xfe\xab\xf4?\xce\xb8\x0f\x86\xbe7\x93F\xbf\
\x11\xccX.v\xca\x87\xa9\x1e\xbfQ_E:\x09\x10\
\xab\x0c\x83\xc1\x15\xf3\xef\xc5\xff\x00\x05\xbf\x87uo\xed\
\x8b\x15+o+fP\xa3\xee7\xaf\xd0\xd7\x04\x97\xb3\
\x972\xd8\xfaL%U^\x1fW\xa9\xbfC\xe8{\x1b\
\xb8\xefmc\x9a6\x0e\x8c2\x18t#\xd6\xb9\x8f\x8a\
\x7f\x0f4\x7f\x89\xfe\x04\xd6|;\xaeX\xc3\xa8\xe9\xb7\
\xf6\xed\x14\x90L2\x0f\x1c\x10z\x82\x0e\x08#\x90@\
\x22\xb8\x8f\x83\x9e>YTiwO\x80\xdc\xc4X\xf4\
=\xd7\xf1\xaf_\x98\xaa\xc2\xee[\x0b\x8erx\xae\xe8\
\xc9I\x5c\xf3*Stg\xca\xcf\x82|\x11\xfb\x15h\
\xff\x00\x06|Ygk\xa2\x98\xdcj\x0c\xa2l\x92\xd2\
\xa2\x02\x09\xcb\x1e\xbd\xeb\xec\xa8&M:\xdc>6\xa4\
HH\x1d\x80Q\xff\x00\xd6\xac-9F\xad\xe2{\xcb\
\xe2\x03$C\xcb\x8c\xff\x00\x9f\xf3\xcdY\xf1\x8d\xe2X\
\xf8oRg;I\x84\xc6\xa7\xdd\xb8\xfe\xb5\x9aI6\
\xce\xc6\xf9\x92\x81\xf3N\xbc\xdfn\xf1\x9f\x87P\xf3\x9b\
\xa7\x99\xbf\xe0#?\xd6\xbe\xb0\xf0\xed\x93\xcd\xa7X[\
\xb4\xcd\x11\x92\x15\x08v\x06\x00l\xc9\x1d\x88<\x1e\xb9\
\x15\xf2\x96\x9c>\xdb\xf1\x0e\xd5z\xf9\x16\x8e\xff\x00\x8b\
0Z\xfa\xde\xd2\xcat[c\x19@#\x8d\x02\x97\xfe\
\x02\x07P1\xcfn\xe3\xf5\xaeZ\x1a\xd4\x9c\xbc\xff\x00\
C\xbb6mP\xc3\xd3]\x22\xdf\xdf&\xff\x00+\x06\
\xa7\xa5\x7fgj\xd0,\x16B\xed\x8a\x83\x19\x9e3 \
\x03\x04\x9c\x1e\xa4\x8cg\xaf\xf1b\xb9\xef\x12\xff\x00e\
|(\xd0\xaf<Ay\x12\xc5}t\x04V\xa1!\xf3\
<\x89J\x92\x15\xb9\xe9\xc0\x1f\x87\xa9\xae\xd0jZ\x8d\
\x8c\xa1\x84\xbfk\x88\x91\xe6\x09\x08\x0f\x81\x9c\xed\xc0\x03\
\x9c\x8fN\x9e\xf5\xe5\x9f\x17t\x0b\x8dsN\xbc\x86\xf2\
e\x9eF\x8d&\x86T\x04eT\xfc\xacG\xaf\x075\
\xd59(\xaee\xff\x00\x0c|\xed\x08:\x95\x14&\xf4\
\xeb\xe6|\xd0\x9f\x10.\xec\xfcGru\xf7\x0e\x9a\x84\
\xcd7\x9e\x17\x0a\x0b\x1c\x9f\xc0\x13_K\xfc;\xf1<\
^$\xd2\x1bN\xbaq,\xd1\xa6\xdc\x93\x9d\xe8z\x1f\
\xf3\xfe\x15\xf3\xcf\x89|\x1f\x1e\xb3\xa4Kj\xea\x16U\
\x04\xc6\xc4r\x8d\xda\xbc\x9fE\xf1\x87\x8a\xbc%\xa8\x8b\
\x8d7P\x9e\xda\xea\xc8\x98J7\xce\x13\x1dT\xa9\xea\
8\x07\xf25\xe6\xcaN\x9b\xe6\xb5\xd1\xfa\x15\x0a0\xc7\
\xd3\xf6J\x5c\xb2[~\x87\xd9\x9a\x22\xda\xe9Z\x9e\xa5\
\xe0\xadV\x18\xe6\xd3o7\xb4\x11\xca\x01VW\xce\xe5\
\xc7Ny?\x5c\xfa\xd7\xc8?\x1a\xbe\x17\xcd\xf0\xab\xc6\
\x93\xe9\xd1\x96\x93L\xb8\x06\xe2\xc6V\xe4\xec\xcf(O\
\xaa\x9e?#\xde\xba\xbf\x1d\xfe\xd23k\x96:e\xe5\
\xa4\x0f\x17\x89\xad\xb6\xf9\xae \xfd\xc7\x1f{\xf8\xb2y\
\xc1\x1cW/\xf1W\xe3\xdd\xdf\xc5\xebm\x12\xd6\xf3I\
\x8a\xc2[\x1d\xc5\xe6G,db\x00\xe3# q\xd3\
&\xb9qt\xa3R\x8b\xb7MQ\xf4\x19\x15z\xf8L\
\xc2\x0eI\xa5?v^\xbb\x5c\xc5\xf8I\xe3\xdb\x9f\x85\
?\x14\xf4?\x16\xda\x06x\xa2\x7f&\xf2\x158\xf3\xa0\
n\x1dOl\xe0\x9cz\x1c\x1e\xd5\xfa\xbd\xa5\xea\x96\xba\
\xd6\x9bk\x7fe2\xcfis\x1a\xcb\x14\x8b\xd1\x94\x8c\
\x83_\x8e\x9e`\x8a\xe4\xc4\xdfu\xf9\x1fZ\xfb\x93\xf6\
(\xf8\xcd\xfd\xa9c'\x82u9\xf3s\x02\x99l\x8b\
\x9eXud\x1f\xfa\x17\xfd\xf5\xedW\x93\xd7t\xdf\xb0\
\x96\xcfTa\xc7\xb9j\xc4\xc1fTW\xbd\x06\xe3?\
\xd1\xfe\xbf3\xeb*)3K_V~\x1c\x15\xe1_\
\xb6O\x87\xdbW\xf83\x7fu\x12\xee\x9bN\x96;\xa5\
\xc7Q\xb5\x86\x7fL\xd7\xba\xd6\x0f\x8e\xbc?\x1f\x8a\xbc\
\x1f\xab\xe92\xae\xe5\xbb\xb6\x92,}T\x8a\x0d)\xcb\
\x96i\x9cO\xc3\x1da|E\xf0\xfbA\xd4\xc0\x12y\
\xb6q\x96\x07\x9d\xd8\x5c0\xfcpk\x98\xd5l\xdbB\
\xd6\xe4\x8d\x09(\x8c\x1e&\xfe\xf2\x1eT\xfeU\x95\xfb\
'j\xd27\x80d\xd0\xaeO\xfaV\x93u-\xa3\xa1\
\xea6\xb5w~6\xd3\x04\xb6\xe6@?}jz\xfa\
\xc4\xc7\x8f\xc8\xe4~\x22\xa1oc\xb9\xfb\xb3hY \
[\xcbx\xae\xe2\xfb\xae\x01a\xe8j\x17\x84\xc6pG\
\x07\xa5K\xf0\xfe\xee;\xb8n4\xf9~\xf8\x1b\xe3\xcf\
\xea+b\xf3M\xdd\x11\xc0\xe4sKm\x0c\xda\xb3\xb1\
\x8d\x16Q\x81\xad\xad*\xf4\xda\xce\x09\xfb\x87\x86\x15J\
+BN\x08\xe7\xd6\xad5\xa3D\x01 \x8ad\x0e\xb8\
\xd2`\xba\x9a\xf3L\x99C\xc1r\xbedU\xe4\xba\xb6\
\x8b.\x81\xa9Ii0'\x1c\xc6\xe7\xf8\x97\xfck\xd7\
\x9d\x99\xa1\x8a@q$\x0d\xb9[\xdb\xb8\xa3\xc5~\x18\
\x8b\xc5\xbaF\xe8\xf1\x1d\xe2\x0d\xf1?\xa3z\x1fcK\
cZs\xe5v{\x1e6\xabO\x86Y\xac\xae#\xb8\
\xb7m\xb3Fr\x0f\xad&\xd7\x8eY!\x95\x0cSF\
\xc5\x1d\x1b\xaa\x91N\xaa\xb5\xce\x93\xd4<=\xaeG\xad\
\xd8,\xc9\xf2\xc8>Y\x13\xba\x9a\xd5\xcdy6\x8f\xaa\
\xc9\xa2_\xad\xc4yd<H\x99\xfb\xc3\xfck\xd4\xac\
ob\xbf\xb6\x8eh[|n2\xa6\xb1\x94ld\xd5\
\x8e\xee\x8aJ+\xa0\xf2\xc5\xa2\x8a(\x00\xa2\x8a(\x00\
\xa2\x8a(\x00\xa2\x8a(\x01\xa7\x92\x05);Fij\
\x9e\xa1v\xb6\xd6\xd2;0UPI'\xb5!\xa5w\
c\xe5\x8f\xdb\xbf\xe2\xf3\xf8;\xc0\x0b\xe1\xfd:b5\
\x9dy\xfe\xc7\x0a\xa1\xf9\x963\xf7\xdb\xf2\xe3\xf1\xac\x7f\
\x83^\x07\x8f\xc0^\x02\xd1\xf4\x84@\xb7\x02!%\xc3\
\x0f\xe2\x91\xb99\xfag\x1f\x85xm\xee\xbe\xff\x00\xb4\
g\xedU}\xac\x163xw\xc3\xeea\xb5\x07\x94!\
\x1b\xaf\xfc\x09\xb9\xfc+\xea\xbd&=\xcc[\xf0\x15\xe0\
\xb9\xfbj\x8e}6G\xe9\xb3\xa0\xb2\xfc\x1d<'\xda\
~\xf4\xbd^\xcb\xe4\x8d\xfd>-\x88\x00\xad\xdbU\xc6\
+*\xcdx\x15\xb1n1\x8a\xea\x89\xf3\xf5Y\xa1\x1f\
AS\xa9\xaa\xa8\xd8\xa9\x95\xabty\xd2E\x954\xf5\
5\x0a\xb5J\xbc\xd5\x994J\xbd\xaaE\x15\x12\x9a\x95\
zSFl\x90T\x8a1\x8a\x8e\x9e\x1a\xa8\xcd\x92\xd3\
]\xb1H[\x03\xadC$\x94\x09+\x91\xca\xf5Jy\
*Y\xe4\xac\xf9\xe6\xa8l\xe8\x8cH\xe6\x92\xaa;\xd2\
M6OZ\xae\xf2\xd4\x5c\xea\x8cE\x91\xea\xbb\xb5\x0f\
%@\xcf\xefI3[\x12n\xa7\x0ej\x10\xd5\x22\x9a\
\xde,\xcd\xa1H\xa4QN4\xd5\xa6\xc4\x8b\x1e\x0f\x97\
\xc9\xd4/\xedO\x19;\xd7\xf1\x15\xd5\xa1\xf9\x87\xe5\x5c\
=\x84\xbfc\xf1D\x0d\xd1f\x8f\x07\xf3\xae\xd1\x98\xaf\
J\xf3\xa4\xec\xd95W\xbd~\xe5\xa0\x9d\xe9\xf5\x0d\xad\
\xd2\xb1\xc3\x1c\x1a\xb0Wkb\xa3s\x99\xdd;3\x99\
\xd5\xad>\xcdrp0\xad\xc8\xaa\x15\xd5j\xb6\x7fj\
\xb68\x1f:\xf2+\x96*A\xc1\xeb\x5c\xb3Vg\xa5\
B|\xf1\x12\x96\x92\x8a\x83qkw\xc1\xfa}\xb5\xc5\
\xd4\xb7\x17\x16\x93\x16\x8c\xef\x8a\xeb\xe7\x0809\x1e\x86\
\xb0k\xb2\xf0\xd9k\x7f\x0c\xcd%\xc4\xc1\xad\x19X\x84\
Q\xf3\xa0\xe8y\xae\xcc,o;\xf681\x92\xb5;\
.\xa5;\x8dL\xf9\xb3\xdc0k\xa0O\xca\xf1\x03\xc2\
\xe7\x85 \xe3o\xf5\xa9\xe0\xbcI\xd5N\x0cd\x9cm\
|f\xa2\x10\xda\x8d:x\x1ey!\x7f\xbedx\xb0\
v/a\xc9\x15R;?.(n\xa6g+;\xb0\
A!8\x00\x0c\xe4\x8e\xfd+\xb1\xa6\xf58#$\xb4\
.\xdc\xdf\xa5\xba\xb6\xd0ep3\xb1:\xd5moG\
\x83_\xd2\xe5\xb5\xb8\x8f)*`\x86\x1d3P\x85y\
o\x16$\x99\xd2-\xbb\x95O\xca\x1b\x1d\xc0\x00\x0f\xf2\
kN\x17.\xb8a\x87\x1dEf\xec\xf4f\xd0n>\
\xf2\xe8|\xaf\xaciw\x9e\x03\xf1+\xdb1e(\xdb\
\xa2\x7f\xef.x?\x85z\xfc_\x13\x22\xd5\xfc'\x04\
\x0b(]Fv\x10\x95\xcf'\xde\xb4>-x\x14x\
\xafCi\xed\xd4\x0dB\xd8\x17\x8c\xf7oQ_<\xe9\
\x17+\xf6\xd8\x1eP\xc9%\xbc\xc3z\xf4*A\xe6\xb0\
\x8bt\xe5\xca}\x0d\xa3\x8c\xa4\xaa\xf5[\xff\x00^g\
\xd2\xba\x0e\x9c4\xeb2\xa7\x96'q5\xc7|a\xd5\
\x16\x1d\x1a\xd6\xd8u\x9d\xcb\xf1\xdc\x0a\xefl\xa6\x8a\xea\
\xce\x19\x22m\xf1H\x80\xab\x0e\xe0\xd7\x91\xfcn\x9c\xc5\
\xe2\x08l\x91\x81\x8a\xde\xd5X\x0fB\xdc\xff\x00J\xe9\
{\x1cP\xf8\xd2g\x9a|7\x8f\xfbO\xe25\xf3\xfd\
\xe5C\x0c\x03\xf3\xc9\xaf\xb2\x22]\x88\xa3\xd8W\xca\x7f\
\xb3\xa6\x96\xda\x97\x89\xee\xeeY87d\x93\xfe\xe8\xaf\
\xab\x8f$\xfaf\xb8\xf0\xae\xf1r\xee\xd9\xd9\x9e;b\
#O\xf9c\x15\xf8/\xd4\xa3s\xa9\xc1\x18\x90H\xde\
S)#\x0e1\x9f\xa7\xadd\xde\xdb\x7fl\xe92\xc5\
\xe4\xa1\x94f\xe1dS\x9c\xa60\xc8?\x9e;\xf5\xad\
mN\xd1&Er\x06\x01\xc9\x15\x12\x97\xd3\xa2\x865\
\x81R\xdd\xf78\xdc\xa0\x92:2\xfb\x03\xf5\xae\xcb^\
\xf7>m\xc9\xc5\xa6\xb7>x\xd64\xef\xb3\xddJ\xa4\
`\x82A\xfa\xd7\x89\xfcB\xf0\xe0\xd3\xbcS\x16\xadl\
64\xca\x12\xe1;H\x07F\xfa\x8e\x9f\x95}3\xf1\
\x07G\xfb\x06\xbdr\x8a\x85#s\xb9\x01\xf4\xed^a\
\xe2\xff\x00\x0f\x9dcLs\x1af\xe6\x1f\xdeG\xef\x8e\
\xa3\xf1\xae\x16\xba3\xe9\xf0\xb5\xd4g\x19\xf4g\x93\xdc\
\xf8_O\xd4\xa3\x0c\xf0ynFw\xc5\xc7\xff\x00Z\
\xb9\xddG\xe1\xc1\x94\x9f\x22|\x81\xf7w\x8c\x11\xf8\x8a\
\xf5-3N\x8e\xf6\xcd\x1d\x06\x14\x8e\x9e\x9e\xa2\xac\x1f\
\x0e\xb1\x03i\xfc\xeb\x1ff\xb7\xb1\xf5Q\xc6T\x8a\xe5\
\xe6\xd0\xf0k\x8f\x01\xea\xe9p\x04\xb0\x99S\xa0\x92.\
H\xfc+ON\xbb\xd5\xfc\x0d\xafY\xea\xfaI\x9e\xce\
\xf7Od\x9e)\x9ccq\x04\x12\x0f\xf8W\xb27\x86\
\xe6\xf6\xc7\xb5U\x9fA\x93iV\xf9\x94\xff\x00\x0b\x0c\
\x83P\xe8\xec\xd6\x96\xd8\xeb\x86b\xed8\xcfU?\x8a\
\xfd~\xfb\x9fr|+\xf8\x8d\xa7|N\xf0V\x95\xad\
\xd9\x5c[<\xd7\x16\xe8\xf76\xf0J\x1c\xdb\xcaG\xcc\
\x8c\x07#\x07=k\xae\xcd~i/\x87f\xd1o\x12\
\xf7J\xba\xbc\xd1/\xa3\xe5.\xf4\xd9\xda'_\xca\xbd\
w\xe1\xef\xeds\xe2\xaf\x03K\x15\xa7\x8f-\xff\x00\xe1\
'\xd0\xb3\xb7\xfbj\xc2 \x97\x96\xe3\xd6X\x87\xcb \
\x1e\xab\x83\xd4\xfc\xc7\x8a\xf6i\xe2\xd3\xd2j\xc7\xe7x\
\xbc\x8eq\xbc\xf0\xd2\xe6]\xb6\x7f.\x8f\xf3>\xd1\xa4\
\xc6k/\xc2\xfe*\xd2|k\xa1\xdak:\x1d\xfc:\
\x9e\x99t\xbb\xe2\xb9\xb7l\xab\x0fOPGB\x0f \
\xf0kV\xbb\xd3\xbe\xa8\xf9V\x9c[RVg\xcd6\
6\xe3\xe1\x97\xed\x09\xaeX\x7f\xaa\xb1\xd7Uu\x08\x07\
E-\xf7d\x03\xe8pk\xd9u\xdba=\xa0\xb8\x0a\
\x5c\x22\x95\x91GV\x8c\xfd\xe1\xf8p\x7f\x0a\xe0?j\
_\x0c\x5cI\xe1\x9d?\xc5\xfale\xf5/\x0eO\xf6\
\x86T\x1c\xc9nx\x95\x7f.\x7f\x0a\xec~\x1dx\x9e\
\xdf\xc5\xfe\x14\xb1\xd4 \x90K\x1c\xd1\x8e\x7f\x0a\x97\xa3\
\xb9\xdc\x9f4\x14\xbbhp\x91\x5cK\xe1\xddq&C\
\x93\x13\xe7#\xa3/\xff\x00\x5cW\xaa\xac\x91^A\x1d\
\xc4Xh\xa5P\xca~\xb5\xe7\xfe9\xd1\x8e\x9f:\xc8\
\xab\xfb\x93\xc2\x9fOo\xf0\xff\x00\xebV\x9f\xc3\xcdk\
\xcf\xb5\x93N\x95\xb2\xc9\x97\x8b>\x9d\xc7\xf5\xa2J\xea\
\xe5=U\xce\xce\xd7O\x88\xfc\xd8\xc8\xf4\xab\xcfg\x14\
\xf1\x84e\xe0t\x22\xa9\xdaK\xb6M\xbd\x8dh#s\
P\x99\x84\x95\x99\x8fw\xa6\xfd\x99\xfeQ\x94=)\xba\
K\x9by\x9e\xd9\x8fO\x993\xdczV\xf3\x22\xca\x9b\
XdVF\xa1d\xf0\x05\xb8\x8ce\xa29\xfc)\x92\
\x9d\xf48o\x8a~\x11gC\xaeXG\x99\xa3\x18\xb9\
\x89\x7f\x8d\x7f\xbd\xf5\x15\xe7V\xf7)q\x18d9\x1f\
\xca\xbe\x8a_.\xf2\xdf\x95\x0d\x1c\x83\x05O\xf2\xaf\x07\
\xf8\x91\xe0\xc9\xfc\x13\xa8\xfd\xbe\xc9^M&\xe1\xba\x0e\
|\xa6?\xc3\xf4\xf4\xa6\x99\xd7J\x5c\xde\xeb\xdc\xa0\xc6\
\xb4\xfc+\xe2\xf4\xd0\xb5\x14\xb3\xba\x93m\x9d\xc3`1\
<F\xfe\xbfC\x5c\xa2k\xd0\xc8\x80\xe6\xb9O\x11\xea\
\xfe{\x85F\x05\x81\xe8\x0d[W\xd1\x9d*\x0d\xe8\xcf\
\xff\xd9\
"

qt_resource_name = b"\
\x00\x04\
\x00\x06\xfa^\
\x00i\
\x00c\x00o\x00n\
\x00\x0c\
\x02\xbcL\x87\
\x00b\
\x00u\x00z\x00h\x00i\x00h\x00u\x00o\x00.\x00j\x00p\x00g\
"

qt_resource_struct = b"\
\x00\x00\x00\x00\x00\x02\x00\x00\x00\x01\x00\x00\x00\x01\
\x00\x00\x00\x00\x00\x00\x00\x00\
\x00\x00\x00\x00\x00\x02\x00\x00\x00\x01\x00\x00\x00\x02\
\x00\x00\x00\x00\x00\x00\x00\x00\
\x00\x00\x00\x0e\x00\x00\x00\x00\x00\x01\x00\x00\x00\x00\
\x00\x00\x01\xa0\x8a\xcaX\xd3\
"

def qInitResources():
    QtCore.qRegisterResourceData(0x03, qt_resource_struct, qt_resource_name, qt_resource_data)

def qCleanupResources():
    QtCore.qUnregisterResourceData(0x03, qt_resource_struct, qt_resource_name, qt_resource_data)

qInitResources()
